1 214(0.57)  763(0.84)  260(0.99)  
2 778(0.16)  195(0.86)  385(0.17)  961(0.18)  
3 12(0.94)  934(0.74)  871(0.28)  328(0.82)  
4 715(0.61)  359(0.93)  282(0.95)  
5 586(0.55)  16(0.17)  898(0.51)  1368(0.98)  785(0.20)  975(0.96)  1551(0.82)  
6 151(0.94)  1299(0.01)  557(0.26)  
7 540(0.40)  1276(0.88)  1453(0.91)  1336(0.20)  128(0.66)  224(0.20)  667(0.49)  
8 1346(0.96)  803(0.75)  
9 1147(0.10)  258(0.14)  
10 1440(0.85)  1350(0.46)  475(0.84)  1130(0.99)  308(0.61)  
11 497(0.15)  701(0.41)  
12 1222(0.73)  354(0.03)  1502(0.83)  760(0.97)  1430(0.39)  248(0.62)  774(0.21)  
13 1234(0.86)  1505(0.85)  
14 27(0.87)  110(0.12)  1419(0.91)  610(0.57)  1065(0.52)  843(0.01)  366(0.14)  1381(0.18)  
15 638(0.99)  1347(0.51)  1191(0.09)  
16 16(0.07)  925(0.09)  1314(0.71)  1291(0.28)  216(0.57)  326(0.86)  409(0.74)  
17 646(0.62)  157(0.47)  480(0.63)  657(0.43)  540(0.85)  890(0.75)  1399(0.97)  284(0.48)  
18 404(0.62)  128(0.99)  544(0.48)  854(0.12)  
19 1236(0.82)  747(0.61)  1070(0.31)  
20 1255(0.48)  1498(0.75)  1182(0.26)  573(0.26)  
21 623(0.16)  279(0.59)  895(0.09)  606(0.61)  
22 393(0.14)  942(0.48)  853(0.09)  1535(0.60)  
23 1358(0.04)  749(0.97)  
24 892(0.78)  1003(0.18)  1086(0.01)  
25 445(0.99)  35(0.69)  851(0.10)  1520(0.95)  1483(0.16)  
26 668(0.54)  512(0.41)  1394(0.38)  1450(0.98)  867(0.74)  1471(0.95)  75(0.63)  318(0.82)  
27 1358(0.04)  388(0.30)  1324(0.03)  
28 1108(0.50)  1551(0.27)  222(0.51)  266(0.50)  
29 130(0.90)  933(0.91)  910(0.53)  1393(0.79)  1089(0.68)  1172(0.12)  
30 1156(0.54)  973(0.91)  1522(0.01)  1432(0.72)  557(0.83)  68(0.42)  390(0.12)  
31 204(0.60)  1513(0.10)  
32 473(0.29)  1515(0.05)  
33 1111(0.28)  329(0.94)  1531(0.95)  1455(0.05)  1272(0.59)  
34 69(0.22)  340(0.19)  356(0.79)  306(0.83)  
35 200(0.15)  337(0.64)  753(0.71)  1063(0.01)  133(0.86)  
36 1275(0.75)  227(0.46)  670(0.06)  1312(0.32)  942(0.03)  
37 622(0.55)  705(0.67)  455(0.82)  
38 1504(0.02)  761(0.46)  1017(0.10)  1394(0.92)  678(0.79)  1267(0.07)  645(0.82)  1367(0.51)  
39 902(0.13)  1397(0.96)  642(0.98)  619(0.30)  
40 536(0.42)  1351(0.54)  49(0.86)  
41 1366(0.80)  1543(0.25)  1426(0.78)  217(0.07)  727(0.57)  756(0.89)  
42 833(0.90)  24(0.03)  893(0.47)  257(0.82)  1339(0.98)  1210(0.51)  
43 398(0.39)  575(0.80)  458(0.48)  808(0.15)  903(0.73)  1346(0.62)  
44 1132(0.93)  323(0.84)  778(0.88)  556(0.79)  80(0.44)  1095(0.62)  1165(0.04)  
45 1548(0.41)  633(0.89)  263(0.04)  546(0.29)  1255(0.07)  1099(0.05)  
46 127(0.35)  197(0.20)  813(0.46)  110(0.34)  
47 917(0.93)  268(0.10)  657(0.37)  634(0.17)  1117(0.17)  
48 199(0.21)  1254(0.07)  378(0.53)  1447(0.53)  211(0.92)  388(0.80)  
49 1224(0.59)  149(0.07)  1403(0.68)  1487(0.89)  1237(0.07)  428(0.81)  1297(0.04)  
50 493(0.30)  376(0.10)  
51 1294(0.23)  1483(0.59)  
52 907(0.77)  258(0.50)  1061(0.03)  624(0.78)  
53 541(0.62)  1356(0.38)  468(0.64)  844(0.74)  1273(0.19)  
54 823(0.13)  147(0.50)  617(0.79)  1179(0.15)  224(0.17)  
55 1312(0.93)  1382(0.12)  
56 767(0.82)  
57 554(0.67)  1342(0.54)  121(0.07)  1496(1.00)  487(0.27)  398(0.52)  1080(0.21)  
58 437(0.58)  547(0.31)  631(0.85)  381(0.38)  1130(0.05)  28(0.26)  1363(0.35)  887(0.79)  
59 778(0.19)  1061(0.40)  213(0.77)  56(0.11)  
60 736(1.00)  432(0.16)  
61 349(0.75)  765(0.74)  1075(0.24)  559(0.89)  
62 969(0.93)  1291(0.06)  1468(0.59)  1352(0.25)  143(0.15)  653(0.12)  682(0.18)  1325(0.98)  
63 551(0.33)  967(0.52)  1277(0.48)  761(0.85)  751(0.87)  
64 441(0.25)  884(0.78)  1526(0.93)  
65 1208(0.01)  1357(0.57)  908(0.48)  698(0.77)  914(0.94)  265(0.78)  654(0.91)  
66 1291(0.78)  1108(0.65)  99(0.70)  9(0.22)  692(0.71)  
67 1409(0.89)  1559(0.86)  696(0.82)  900(0.48)  1116(0.77)  467(0.92)  856(0.28)  833(0.91)  
68 88(0.91)  410(0.88)  587(0.09)  470(0.69)  
69 27(0.50)  
70 1423(0.11)  348(0.50)  44(0.67)  127(0.71)  1436(0.60)  627(0.11)  1205(0.27)  
71 789(0.02)  672(0.26)  1022(0.93)  1531(0.67)  
72 27(0.21)  1375(0.35)  33(0.64)  
73 536(0.19)  260(0.15)  676(0.82)  986(0.62)  470(0.15)  
74 54(0.60)  149(0.72)  592(0.77)  1235(0.36)  1279(0.62)  4(0.29)  299(0.37)  
75 324(0.41)  461(0.63)  877(0.09)  1187(0.59)  258(0.70)  661(0.11)  
76 1447(0.85)  598(0.85)  442(0.23)  1324(0.12)  1380(0.70)  798(0.02)  
77 914(0.30)  
78 459(0.04)  1274(0.62)  1530(0.96)  
79 1289(0.97)  1465(0.94)  1349(0.18)  140(0.88)  650(0.64)  
80 766(0.65)  743(0.78)  1226(0.31)  922(0.75)  1006(0.10)  756(0.82)  1505(0.05)  816(0.19)  
81 1269(0.98)  354(0.76)  398(0.01)  680(0.78)  1390(0.57)  820(0.84)  144(0.35)  
82 1554(0.72)  306(0.66)  1348(0.15)  1338(0.36)  955(0.72)  545(0.08)  
83 1022(0.59)  346(0.41)  816(0.33)  1377(0.67)  422(0.09)  999(0.03)  
84 586(0.72)  896(0.98)  
85 1121(0.45)  1243(0.67)  461(0.94)  1250(0.51)  29(0.19)  1403(0.84)  395(0.56)  305(0.81)  
86 289(0.60)  1134(0.47)  32(0.71)  
87 947(0.34)  1324(0.40)  608(0.18)  1197(0.93)  
88 783(0.35)  1066(0.33)  217(0.50)  61(0.79)  
89 643(0.20)  340(0.25)  
90 257(0.79)  673(0.76)  983(0.19)  
91 406(0.24)  223(0.47)  773(0.09)  
92 1119(0.20)  31(0.43)  
93 614(0.37)  404(0.31)  620(1.00)  1529(0.62)  774(0.49)  337(0.25)  
94 362(0.37)  1138(0.61)  
95 349(0.15)  445(0.27)  888(0.25)  1531(0.89)  17(0.63)  300(0.93)  595(0.63)  439(0.99)  
96 1345(0.63)  962(0.09)  553(0.98)  1368(0.82)  480(0.64)  
97 476(0.92)  1185(0.81)  
98 1251(0.99)  1201(0.85)  1351(0.37)  488(0.65)  692(0.98)  908(0.79)  259(0.94)  
99 1045(0.04)  1382(0.04)  
100 7(0.09)  236(0.99)  279(0.56)  562(0.52)  1271(0.39)  1115(0.95)  
101 1313(0.69)  970(0.39)  
102 451(0.82)  828(0.28)  
103 1543(0.12)  
104 1420(0.46)  1450(0.20)  534(0.46)  578(0.74)  861(0.39)  
105 1485(0.19)  1235(0.48)  426(0.89)  1296(0.79)  659(0.13)  183(0.10)  54(0.30)  
106 1208(0.72)  93(0.53)  736(0.20)  780(0.47)  1063(0.25)  1358(0.74)  
107 773(0.41)  230(0.55)  301(0.41)  916(0.59)  213(0.68)  351(0.38)  767(0.67)  
108 99(0.42)  1501(0.67)  825(0.57)  881(0.71)  299(0.42)  
109 975(0.11)  432(0.59)  502(0.97)  1118(0.37)  415(0.19)  552(0.47)  968(0.21)  864(0.26)  
110 1078(0.25)  96(0.42)  339(0.41)  23(0.64)  972(0.47)  
111 728(0.06)  853(0.58)  1163(0.72)  647(0.03)  637(0.91)  254(0.68)  
112 891(0.01)  321(1.00)  
113 997(0.99)  1146(0.98)  697(0.21)  487(0.03)  703(0.82)  54(0.80)  
114 1133(0.33)  711(0.67)  834(0.78)  52(0.01)  
115 235(0.31)  705(0.99)  1267(0.94)  312(0.02)  888(0.58)  
116 1179(0.19)  237(0.58)  1092(0.71)  1229(0.55)  87(0.63)  397(0.44)  
117 646(0.20)  
118 7(0.95)  610(0.78)  773(0.34)  1016(0.93)  
119 1160(0.96)  683(0.50)  140(0.22)  211(0.24)  827(0.53)  124(0.11)  261(0.74)  
120 858(0.12)  9(0.07)  1411(0.72)  735(0.69)  
121 132(0.70)  215(0.42)  1524(0.38)  
122 1428(0.11)  685(0.52)  941(0.51)  1318(0.72)  602(0.37)  1191(0.61)  569(0.50)  
123 755(0.83)  705(0.21)  855(0.97)  406(0.14)  
124 1055(0.37)  1365(0.21)  558(0.98)  547(0.96)  
125 1290(0.10)  1467(0.60)  1350(0.08)  
126 1280(0.54)  
127 398(0.10)  614(0.58)  1523(0.81)  354(0.51)  
128 755(0.41)  345(0.83)  1160(0.47)  272(0.24)  235(0.99)  1077(0.29)  
129 222(0.29)  384(0.77)  628(0.25)  312(0.88)  1260(0.12)  1530(0.92)  
130 542(0.78)  644(0.10)  1459(0.68)  157(0.25)  533(0.15)  1376(0.48)  407(0.27)  
131 1124(0.68)  1141(0.39)  1091(0.60)  1241(0.08)  791(0.02)  995(0.77)  1211(0.24)  
132 146(0.27)  1348(0.84)  1271(0.39)  1088(0.32)  79(0.90)  1548(0.86)  672(0.27)  
133 1296(0.69)  1406(0.39)  1489(0.08)  1240(0.43)  431(0.63)  
134 348(0.89)  1550(0.62)  1473(0.82)  1290(0.80)  281(0.45)  191(0.79)  
135 1470(0.69)  128(0.70)  
136 777(0.05)  235(0.89)  305(0.57)  921(0.36)  218(0.77)  355(0.93)  771(0.74)  
137 103(0.43)  1505(0.74)  829(0.41)  886(0.62)  303(0.50)  
138 979(0.87)  436(0.90)  507(0.51)  1123(0.38)  420(0.66)  557(0.73)  973(0.59)  869(0.11)  
139 1082(0.81)  101(0.94)  344(0.07)  28(0.01)  976(0.83)  
140 733(0.03)  1149(0.04)  1459(0.94)  943(0.25)  933(0.37)  550(0.62)  
141 895(0.66)  325(0.54)  
142 1001(0.15)  1151(0.72)  702(0.77)  492(0.44)  708(0.53)  59(0.74)  
143 1138(0.15)  716(0.81)  838(0.21)  56(0.38)  
144 239(0.65)  709(0.87)  1271(0.19)  316(0.88)  892(0.04)  
145 1184(0.14)  241(0.40)  1096(0.78)  1233(0.49)  92(0.25)  401(1.00)  
146 263(0.64)  1451(0.77)  175(0.25)  885(0.82)  729(0.88)  53(0.15)  
147 1385(0.93)  443(0.91)  1298(0.26)  1435(0.26)  293(0.28)  189(0.38)  1231(0.60)  
148 370(0.97)  426(0.15)  1401(0.96)  33(0.41)  609(0.74)  852(0.73)  
149 409(0.27)  
150 952(0.45)  237(0.46)  825(0.60)  203(0.75)  
151 1082(0.22)  234(0.85)  1222(0.77)  546(0.37)  1016(0.03)  
152 1172(0.35)  696(0.07)  
153 947(0.38)  205(0.13)  874(0.30)  1251(0.14)  121(0.70)  1124(0.13)  88(0.50)  
154 591(0.46)  542(0.80)  691(0.92)  242(0.64)  
155 988(0.45)  1298(0.81)  368(0.97)  772(0.18)  
156 1514(0.15)  1277(0.86)  1161(0.16)  1510(0.84)  
157 1281(0.63)  418(0.53)  622(0.79)  838(0.80)  1456(0.66)  287(0.47)  
158 44(0.78)  580(0.86)  1356(0.14)  587(0.71)  924(0.83)  
159 245(0.07)  1193(0.04)  1050(0.59)  1067(0.58)  
160 1516(0.35)  1227(0.69)  950(0.74)  1366(0.49)  118(0.16)  
161 395(0.41)  744(0.07)  1254(0.89)  
162 1252(0.14)  1268(0.03)  1218(0.02)  1368(0.00)  919(0.43)  709(0.68)  925(0.51)  
163 176(0.68)  1378(0.17)  1301(0.88)  1118(0.58)  110(0.16)  
164 284(0.65)  
165 866(0.20)  1255(0.67)  1232(0.79)  157(0.09)  267(0.95)  350(0.67)  101(0.76)  849(0.87)  
166 1340(0.11)  225(0.12)  868(0.14)  498(0.51)  781(0.81)  
167 552(0.98)  302(0.89)  1051(0.46)  
168 705(0.36)  961(0.05)  1338(0.06)  622(0.86)  1211(0.03)  589(0.63)  1311(0.17)  
169 628(0.70)  778(0.88)  329(0.57)  532(0.16)  
170 996(0.17)  480(0.68)  470(0.39)  87(0.57)  
171 1389(0.22)  1273(0.35)  64(0.93)  574(0.26)  603(0.21)  1246(0.32)  
172 1526(0.53)  837(0.47)  201(0.07)  1283(0.41)  
173 376(0.32)  1152(0.36)  
174 363(0.04)  
175 453(0.01)  1335(0.36)  247(0.10)  808(0.12)  
176 979(0.42)  170(0.31)  625(0.76)  403(0.56)  1484(0.80)  942(0.36)  1109(0.39)  
177 1492(0.26)  577(0.97)  207(0.12)  489(0.66)  1199(0.88)  1043(0.05)  
178 1240(0.43)  1311(0.98)  
179 281(0.43)  
180 385(0.94)  1174(0.14)  1511(0.89)  1328(0.55)  319(0.27)  1373(0.71)  
181 1508(0.97)  166(0.56)  661(0.61)  1464(0.56)  1441(0.76)  366(0.83)  62(0.37)  
182 406(0.90)  1088(0.51)  599(0.90)  
183 530(0.14)  1106(0.92)  1350(0.91)  
184 347(0.67)  98(0.70)  
185 907(0.16)  391(0.38)  381(0.31)  1556(0.66)  
186 1397(0.90)  1280(0.82)  72(0.14)  168(0.02)  611(0.88)  1253(0.26)  
187 1436(0.55)  334(0.50)  111(0.84)  1193(0.38)  
188 286(0.28)  1062(0.45)  
189 1418(0.10)  369(0.14)  812(0.56)  1455(0.35)  1085(0.58)  1368(0.58)  
190 313(0.73)  1492(0.95)  949(0.12)  
191 240(0.25)  1176(0.33)  340(0.57)  876(0.79)  94(0.33)  883(0.70)  
192 1265(0.93)  1215(0.75)  1365(0.37)  916(0.85)  1120(0.78)  1336(0.85)  273(0.76)  
193 1084(0.94)  1007(0.04)  824(0.24)  1373(0.37)  1284(0.16)  408(0.44)  1477(0.80)  
194 1337(0.84)  1420(0.85)  1170(0.16)  361(0.68)  1230(0.49)  303(0.63)  1384(0.11)  
195 756(0.17)  852(0.88)  1295(0.05)  
196 111(0.29)  
197 1065(0.68)  1043(0.49)  1525(0.84)  77(0.61)  
198 886(0.48)  849(0.38)  
199 129(0.78)  812(0.71)  
200 1300(0.36)  1144(0.91)  468(0.79)  525(0.19)  
201 362(0.80)  113(0.30)  
202 508(0.09)  1550(0.69)  395(0.06)  1157(0.85)  
203 998(0.33)  882(0.54)  1231(0.82)  183(0.59)  626(0.78)  
204 276(0.61)  759(0.37)  
205 357(0.18)  81(0.87)  497(0.21)  807(0.01)  
206 1189(0.80)  701(0.33)  1023(0.24)  
207 1499(0.29)  185(0.06)  1426(0.97)  817(0.61)  674(0.05)  
208 1087(0.82)  1397(0.49)  881(0.61)  871(0.63)  
209 55(0.09)  232(0.31)  115(0.96)  465(0.56)  561(0.29)  
210 386(0.12)  363(0.62)  846(0.02)  956(0.50)  1039(0.01)  789(0.69)  1538(0.80)  436(0.11)  
211 1302(0.51)  387(0.39)  17(0.14)  300(0.30)  1009(0.44)  
212 1379(0.07)  
213 470(0.83)  1325(0.12)  1463(0.37)  321(0.04)  217(0.92)  1259(0.23)  104(0.02)  
214 417(0.21)  1392(0.33)  24(0.93)  
215 61(0.99)  1315(0.19)  1399(0.92)  1149(0.88)  340(0.49)  1209(0.77)  
216 198(0.13)  880(0.40)  
217 225(0.42)  1213(0.72)  537(0.22)  1007(0.34)  424(0.75)  614(0.82)  
218 1531(0.08)  389(0.30)  
219 79(0.73)  1215(0.27)  1338(0.35)  555(0.37)  200(0.31)  123(0.77)  
220 630(0.77)  779(0.07)  330(0.52)  120(0.59)  
221 998(0.17)  68(0.82)  471(0.80)  89(0.45)  
222 977(0.31)  860(0.81)  1210(0.32)  162(0.89)  605(0.75)  1247(0.78)  
223 1527(0.18)  425(0.55)  202(0.22)  1284(0.93)  
224 668(0.67)  1444(0.57)  
225 242(0.69)  752(0.82)  1195(0.65)  1424(0.13)  1467(0.01)  192(0.92)  901(0.75)  745(0.13)  
226 849(0.36)  467(0.11)  471(0.25)  1286(0.83)  1542(0.05)  
227 491(0.36)  1200(0.16)  
228 1356(0.08)  1306(0.95)  1456(0.52)  1007(0.69)  797(0.08)  1013(0.89)  364(0.10)  
229 1175(0.02)  1098(0.14)  915(0.52)  1464(0.75)  1375(0.11)  499(0.41)  1154(0.01)  333(0.07)  
230 782(0.43)  306(0.15)  1321(0.20)  1391(0.27)  449(0.48)  1304(0.58)  
231 919(0.74)  1428(0.38)  313(0.27)  956(0.29)  
232 247(0.36)  
233 99(0.47)  848(0.03)  1303(0.23)  
234 661(0.82)  1037(0.50)  322(0.54)  
235 771(0.75)  1120(0.42)  72(0.46)  515(0.98)  744(0.18)  
236 745(0.76)  442(0.72)  
237 358(0.91)  774(0.75)  1084(0.52)  568(0.30)  
238 978(0.26)  1301(0.78)  1477(0.15)  1361(0.27)  152(0.10)  662(0.73)  691(0.31)  1043(0.59)  
239 560(0.15)  976(0.61)  1286(0.33)  770(0.69)  760(0.29)  
240 547(0.96)  990(0.52)  75(0.88)  
241 1217(1.00)  1366(0.70)  917(0.30)  707(0.31)  923(0.75)  274(0.96)  663(0.10)  
242 66(0.06)  1096(0.39)  980(0.03)  1329(0.68)  281(0.07)  
243 1100(0.25)  237(0.52)  441(0.12)  657(0.89)  8(0.48)  
244 777(0.82)  1180(0.04)  384(0.95)  388(0.04)  1203(0.09)  1459(0.64)  278(0.23)  
245 573(0.39)  1455(0.07)  1511(0.06)  929(0.71)  
246 673(0.37)  1155(0.99)  852(0.30)  935(0.77)  
247 683(0.73)  687(0.26)  1502(0.18)  200(0.76)  577(0.00)  1419(0.52)  
248 610(0.34)  1319(0.11)  
249 1117(0.87)  973(0.14)  
250 461(0.83)  943(0.35)  1054(0.03)  1137(0.12)  887(0.26)  
251 681(0.60)  1110(0.37)  
252 1486(0.09)  1397(0.32)  521(0.39)  1176(0.97)  355(0.98)  
253 1002(0.41)  
254 729(0.38)  945(0.67)  296(0.49)  685(0.99)  662(0.64)  
255 1086(0.09)  676(0.91)  1492(0.06)  603(0.33)  566(0.11)  1409(0.99)  853(0.25)  1375(0.00)  
256 255(0.19)  1203(0.27)  1474(0.94)  1490(0.06)  
257 423(0.71)  1505(0.65)  962(0.60)  1033(0.17)  
258 1189(0.55)  352(0.22)  
259 1288(0.21)  53(0.02)  
260 1122(0.36)  966(0.45)  387(0.63)  
261 1026(0.90)  1229(0.63)  1446(0.74)  383(0.26)  1186(0.42)  1163(0.38)  87(0.52)  1342(0.78)  
262 1212(0.72)  
263 47(0.70)  370(0.14)  547(0.95)  
264 1542(0.56)  173(0.49)  749(0.05)  992(0.27)  
265 1257(0.65)  1007(0.62)  198(0.83)  1067(0.12)  431(0.64)  1513(0.77)  
266 1317(0.89)  1240(0.47)  
267 981(0.42)  1077(0.29)  1520(0.87)  605(0.49)  
268 1456(0.35)  47(0.13)  1156(0.20)  946(0.64)  1162(0.31)  513(0.66)  902(0.33)  879(0.24)  
269 1196(0.64)  413(0.27)  1202(0.64)  1539(0.78)  1356(0.26)  347(0.17)  
270 860(0.50)  251(0.94)  521(0.48)  538(0.25)  488(0.99)  637(0.10)  
271 442(0.34)  1484(0.06)  329(0.74)  
272 1404(0.62)  182(0.68)  1557(0.10)  549(0.26)  
273 507(0.22)  563(0.40)  1539(0.99)  170(0.13)  746(0.15)  990(0.84)  
274 211(0.19)  1426(0.52)  484(0.27)  194(0.54)  
275 138(0.77)  500(0.42)  144(0.16)  67(0.17)  1442(0.13)  434(0.17)  
276 972(0.35)  363(0.87)  219(0.34)  236(0.99)  186(0.25)  336(0.72)  1444(0.50)  
277 1085(0.28)  342(0.11)  1012(0.56)  1388(0.02)  259(0.71)  1261(0.16)  226(0.17)  1361(0.71)  
278 1148(0.29)  539(0.41)  809(0.13)  826(0.95)  776(0.91)  926(0.20)  476(0.39)  266(0.76)  
279 558(0.10)  2(0.23)  524(0.60)  102(0.14)  225(0.90)  1001(0.07)  231(0.20)  
280 1328(0.72)  1531(0.45)  190(0.40)  1099(0.91)  
281 325(0.39)  1086(0.75)  1090(0.90)  348(0.20)  604(0.11)  980(0.08)  265(0.80)  853(0.63)  
282 69(0.25)  272(0.23)  489(0.10)  
283 578(0.63)  301(0.64)  718(0.01)  1027(0.04)  512(0.99)  
284 95(0.68)  605(0.16)  634(0.38)  1277(0.49)  1321(0.89)  46(0.07)  755(0.77)  
285 780(0.74)  503(0.05)  919(0.57)  1229(0.10)  713(0.44)  703(0.93)  
286 344(0.33)  
287 461(0.25)  290(0.26)  1532(0.58)  923(0.35)  1193(0.58)  1210(0.22)  1160(0.91)  
288 386(0.24)  908(0.68)  486(0.07)  609(0.53)  1384(0.35)  
289 249(0.33)  
290 1511(0.63)  648(0.26)  852(0.52)  1068(0.50)  419(0.61)  808(0.69)  785(0.18)  
291 1359(0.13)  350(0.32)  1405(0.84)  529(0.12)  40(0.70)  362(0.86)  539(0.80)  423(0.02)  
292 1473(0.46)  1130(0.82)  188(0.23)  
293 864(0.90)  1400(0.67)  
294 624(0.28)  974(0.19)  1483(0.24)  1513(0.76)  
295 1327(0.69)  1543(0.22)  894(0.67)  139(0.39)  1260(0.09)  185(0.71)  295(0.77)  378(0.46)  
296 941(0.67)  1291(0.83)  1387(0.86)  272(0.79)  914(0.92)  958(0.56)  
297 1553(0.28)  1330(0.78)  854(0.13)  311(0.65)  382(0.95)  998(0.61)  
298 1118(0.21)  1467(0.82)  419(0.86)  862(0.76)  1504(0.42)  1134(0.37)  1417(0.41)  
299 1296(0.24)  593(0.08)  731(0.74)  1147(0.57)  
300 743(0.04)  1426(0.67)  937(0.56)  1259(0.78)  1436(0.13)  1319(0.45)  111(0.96)  
301 884(0.13)  
302 907(0.23)  1323(0.24)  75(0.29)  1117(0.09)  1107(0.93)  724(0.55)  
303 1069(0.35)  499(0.67)  1381(0.07)  
304 233(0.96)  1036(0.09)  599(0.92)  1082(0.44)  1192(0.28)  
305 1312(0.15)  889(0.16)  1012(0.53)  230(0.72)  1432(0.27)  
306 604(0.57)  288(0.88)  1237(0.98)  1507(0.43)  
307 1357(0.12)  415(0.72)  1270(0.10)  1407(0.68)  265(0.32)  575(0.25)  1204(0.44)  
308 712(0.28)  768(0.59)  186(0.18)  789(0.15)  951(0.34)  1194(0.65)  878(0.71)  
309 662(0.43)  918(0.12)  1294(0.54)  579(0.86)  1168(0.44)  545(0.69)  1267(0.91)  
310 294(0.17)  444(0.01)  1552(0.99)  
311 177(0.13)  793(0.03)  504(0.00)  
312 545(0.23)  1433(0.94)  944(0.68)  1267(0.23)  1443(0.89)  
313 934(0.60)  884(0.71)  1034(0.85)  584(0.77)  374(0.38)  
314 1491(0.13)  749(0.21)  1418(0.34)  
315 1468(0.65)  87(0.53)  1529(0.11)  320(0.73)  
316 1332(0.91)  883(0.56)  673(0.65)  889(0.79)  240(0.48)  629(0.13)  
317 800(0.98)  923(0.18)  140(0.55)  929(0.90)  1266(0.16)  1083(0.69)  
318 1534(0.05)  671(0.28)  875(0.10)  1091(0.34)  442(0.69)  831(1.00)  808(0.03)  
319 1382(0.12)  
320 446(0.14)  795(0.59)  1305(0.97)  190(0.97)  
321 1465(0.71)  123(0.37)  618(0.34)  1421(0.42)  1398(0.18)  323(0.41)  19(0.54)  
322 71(0.83)  753(0.10)  
323 795(0.82)  119(0.58)  589(0.22)  6(0.09)  196(0.15)  772(0.15)  1015(0.06)  
324 812(0.57)  69(0.04)  739(0.05)  1115(0.81)  1544(0.49)  988(0.33)  
325 974(0.32)  803(0.19)  487(0.57)  
326 1523(0.76)  714(0.74)  
327 1499(0.69)  345(0.02)  1520(0.98)  1110(0.21)  368(0.12)  
328 751(0.19)  1033(0.11)  185(0.60)  29(0.75)  911(0.77)  967(0.20)  
329 913(0.70)  210(0.41)  
330 486(0.30)  1075(0.15)  453(0.21)  1175(0.59)  153(0.85)  929(0.02)  
331 623(0.33)  640(0.49)  590(0.48)  739(0.86)  
332 523(0.43)  939(0.62)  1249(0.69)  733(0.83)  723(0.67)  
333 535(0.75)  
334 997(0.14)  1467(0.02)  
335 492(0.40)  282(0.22)  498(0.70)  1407(0.13)  652(0.80)  
336 436(0.74)  
337 1049(0.69)  972(0.68)  789(0.01)  1338(0.01)  1248(0.28)  373(0.26)  1028(0.96)  
338 1398(0.72)  1481(0.87)  1232(0.22)  422(0.77)  878(0.89)  655(0.25)  179(0.37)  
339 404(0.60)  
340 907(0.40)  231(0.48)  287(0.26)  1263(0.67)  308(0.65)  470(0.31)  
341 472(0.81)  
342 534(0.30)  911(0.61)  
343 68(0.18)  750(0.82)  262(0.42)  584(0.11)  
344 1501(0.05)  
345 526(0.79)  
346 509(0.45)  1378(0.26)  742(0.03)  680(0.52)  137(0.16)  1352(0.10)  409(0.63)  
347 916(0.81)  960(0.42)  
348 677(0.78)  533(0.99)  550(0.68)  500(0.61)  650(0.88)  200(0.17)  1548(0.33)  
349 240(0.85)  1016(0.87)  
350 1494(0.62)  32(0.73)  475(0.20)  1118(0.67)  1161(0.33)  1444(0.72)  
351 73(0.22)  1155(0.38)  
352 139(0.50)  955(0.22)  67(0.59)  
353 116(0.45)  1437(0.86)  1011(0.28)  1361(0.60)  313(0.56)  
354 429(0.32)  
355 479(0.27)  
356 916(0.72)  1332(0.17)  1228(0.92)  712(0.09)  
357 1219(0.72)  1541(0.95)  
358 220(0.56)  276(0.34)  1252(0.28)  1441(0.07)  460(0.50)  
359 751(0.78)  1366(0.24)  1077(0.74)  801(0.18)  1217(0.65)  1527(0.14)  
360 218(0.79)  262(0.27)  545(0.72)  1254(0.21)  684(0.37)  8(0.83)  
361 1341(0.64)  398(0.31)  
362 1101(0.27)  1530(0.59)  975(0.91)  1497(0.00)  
363 1135(0.66)  1139(0.45)  983(0.18)  307(0.27)  777(0.88)  
364 933(0.68)  457(0.79)  1472(0.11)  1542(0.72)  600(0.22)  1455(0.63)  
365 1070(0.89)  21(0.12)  464(0.03)  1107(0.82)  
366 398(0.76)  1307(0.47)  
367 504(0.35)  574(0.80)  1190(0.28)  487(0.87)  624(0.59)  1040(0.20)  
368 666(0.08)  895(0.52)  
369 1265(0.09)  
370 383(0.42)  599(0.07)  
371 1345(0.01)  803(0.38)  459(0.49)  1075(0.40)  786(0.74)  509(0.89)  925(0.72)  
372 963(0.32)  393(0.97)  
373 583(0.48)  733(0.74)  284(0.82)  74(0.79)  1340(0.77)  824(0.27)  814(0.77)  431(0.41)  21(0.54)  837(0.47)  
374 1379(0.19)  291(0.27)  853(0.16)  
375 306(0.09)  789(0.19)  
376 678(0.17)  816(0.40)  1232(0.62)  1542(0.11)  612(0.58)  1015(0.84)  633(0.66)  
377 1152(0.22)  197(0.19)  
378 1179(0.28)  530(0.26)  919(0.61)  896(0.39)  1379(0.74)  
379 576(0.49)  1512(0.64)  676(0.96)  1212(0.71)  430(0.77)  1219(0.59)  1555(0.33)  1372(0.71)  
380 1277(0.24)  
381 1487(0.25)  1144(0.87)  201(0.23)  
382 974(0.69)  1511(0.19)  
383 735(0.48)  1085(0.58)  36(0.57)  65(0.71)  708(0.28)  
384 1465(0.41)  18(0.49)  101(0.72)  1409(0.57)  600(0.99)  
385 517(0.28)  161(0.90)  84(0.42)  1459(0.77)  450(0.95)  361(0.76)  1043(0.08)  
386 497(0.96)  
387 947(0.35)  404(0.78)  474(0.26)  1090(0.68)  387(0.91)  524(0.53)  940(0.59)  
388 273(0.12)  117(0.98)  999(0.85)  1055(0.07)  472(0.30)  1076(0.58)  
389 726(0.74)  1142(0.15)  1135(0.97)  619(0.74)  
390 1029(0.57)  1352(0.22)  1528(0.08)  1412(0.71)  203(0.48)  713(0.42)  1156(0.80)  1385(0.33)  
391 611(0.30)  1027(0.57)  1337(0.49)  821(0.15)  811(0.82)  
392 915(0.92)  944(0.97)  29(0.77)  
393 1268(0.87)  1417(0.38)  968(0.90)  758(0.79)  974(0.19)  325(0.68)  1128(0.72)  
394 1351(0.81)  1168(0.59)  159(0.55)  69(0.85)  752(0.87)  1407(0.73)  585(0.94)  
395 11(0.72)  1320(0.98)  510(0.32)  966(0.87)  743(0.12)  267(0.08)  1282(0.26)  1353(0.91)  
396 1248(0.06)  1092(0.59)  416(0.19)  
397 923(0.27)  
398 906(0.27)  1362(0.91)  
399 440(0.36)  
400 969(0.66)  347(0.39)  1069(0.51)  
401 573(0.71)  802(0.47)  
402 881(0.65)  272(0.32)  128(0.89)  145(0.62)  95(0.27)  245(0.66)  
403 1018(0.60)  1394(0.45)  679(0.98)  1268(0.64)  
404 1145(0.91)  1428(0.23)  579(0.19)  9(0.39)  891(0.53)  1361(0.60)  
405 893(0.10)  604(0.09)  
406 467(0.70)  
407 477(0.87)  294(0.61)  843(0.37)  
408 1093(0.55)  5(0.58)  
409 684(0.37)  474(0.58)  691(0.54)  42(0.90)  431(0.05)  408(0.49)  
410 724(1.00)  1500(0.10)  730(0.82)  1067(0.61)  
411 865(0.29)  1468(0.63)  73(0.09)  316(0.97)  1558(0.03)  949(0.27)  1219(0.23)  1235(0.30)  
412 926(0.96)  143(0.50)  932(0.79)  
413 546(0.73)  1256(0.21)  
414 1412(0.20)  1362(0.47)  1512(0.98)  1062(0.95)  1266(0.59)  1482(0.01)  420(0.56)  
415 1249(0.68)  
416 406(0.00)  
417 483(0.95)  766(0.94)  1476(0.45)  
418 1072(0.63)  1288(0.34)  639(0.89)  1442(0.93)  1006(0.31)  1488(0.93)  40(0.11)  
419 481(0.23)  1163(0.76)  260(0.96)  997(0.95)  
420 356(0.09)  
421 938(0.03)  
422 824(0.10)  
423 22(0.82)  159(0.96)  575(0.91)  885(0.49)  
424 1268(0.72)  365(0.43)  1101(0.00)  864(0.69)  
425 477(0.03)  427(0.58)  577(0.53)  
426 240(0.52)  311(0.02)  926(0.34)  223(0.64)  360(0.88)  
427 986(0.53)  1163(0.55)  1046(0.92)  1396(0.69)  
428 753(0.59)  304(0.97)  508(0.82)  724(0.49)  456(0.02)  445(0.83)  62(0.59)  66(0.22)  882(0.97)  
429 1265(0.47)  1548(0.56)  699(0.04)  129(0.20)  1011(0.96)  1481(0.21)  
430 1401(0.39)  1112(0.53)  836(0.32)  1252(0.28)  3(0.67)  
431 280(0.06)  630(0.80)  725(0.20)  
432 1137(0.37)  1154(0.07)  1104(0.27)  1254(0.71)  804(0.69)  
433 854(0.24)  444(0.48)  1260(0.97)  372(0.37)  334(0.75)  1177(0.93)  621(0.63)  
434 169(0.53)  186(0.02)  136(0.75)  286(0.37)  980(0.07)  1184(0.28)  1401(0.92)  752(0.11)  
435 1349(0.49)  473(0.21)  
436 1376(0.93)  1219(0.84)  543(0.67)  600(0.55)  
437 24(0.18)  1332(0.92)  523(0.51)  1392(0.28)  756(0.91)  693(0.39)  150(0.14)  1365(0.36)  
438 408(0.94)  1396(0.21)  720(0.83)  1190(0.21)  607(0.05)  797(0.31)  1373(0.51)  
439 1531(0.74)  1121(0.23)  379(0.74)  
440 362(0.42)  1098(0.08)  1275(0.86)  1158(0.28)  1508(0.19)  46(0.95)  489(0.10)  
441 1168(0.19)  
442 1472(0.31)  542(0.36)  946(0.86)  563(0.30)  153(0.75)  969(0.40)  
443 1220(0.95)  1276(0.30)  694(0.38)  
444 438(0.27)  921(0.02)  1031(0.57)  
445 1147(0.58)  351(0.95)  355(0.51)  1170(0.90)  
446 425(0.21)  
447 928(0.88)  252(0.53)  308(0.31)  1284(0.40)  1473(0.24)  491(0.47)  
448 1249(0.19)  1559(0.93)  1043(0.74)  1032(0.99)  650(0.01)  
449 1165(0.59)  250(0.07)  294(0.73)  577(0.64)  1286(0.36)  813(0.13)  
450 158(0.18)  1373(0.77)  
451 466(0.67)  842(0.18)  1271(0.84)  715(0.44)  1238(0.75)  815(0.32)  938(0.99)  
452 283(0.60)  1391(0.48)  
453 1285(0.59)  1062(0.09)  586(0.54)  43(0.90)  113(0.37)  
454 590(0.17)  1272(0.93)  369(0.01)  1106(0.63)  
455 465(0.23)  482(0.34)  
456 531(0.58)  282(0.42)  1031(0.07)  
457 588(0.56)  844(0.70)  1220(0.22)  504(0.92)  1093(0.95)  471(0.43)  1193(0.44)  
458 608(0.38)  758(0.97)  308(0.77)  512(0.96)  
459 1267(0.29)  751(0.43)  741(0.79)  358(0.95)  362(0.61)  
460 1226(0.63)  1269(0.99)  1552(0.32)  703(0.18)  
461 233(0.29)  716(0.15)  826(0.10)  909(0.93)  
462 551(0.68)  980(0.79)  
463 391(0.65)  1046(0.08)  224(0.39)  401(0.14)  285(0.16)  634(0.41)  730(0.27)  
464 382(0.71)  1464(0.11)  921(0.79)  992(0.91)  
465 855(0.31)  
466 426(0.39)  189(0.91)  73(0.29)  422(0.60)  932(0.61)  1375(0.12)  459(0.03)  
467 1511(0.11)  24(0.69)  640(0.12)  
468 902(0.28)  1438(0.99)  
469 663(0.28)  1012(0.47)  1522(0.48)  407(0.66)  
470 1390(0.59)  49(0.54)  544(0.91)  1347(0.65)  1324(0.25)  248(0.95)  
471 347(0.16)  1549(0.50)  1472(0.50)  1289(0.32)  280(0.18)  191(0.16)  873(0.57)  384(0.31)  
472 1483(0.38)  847(0.22)  370(0.22)  241(0.33)  
473 628(0.15)  272(0.05)  195(0.70)  12(0.95)  561(0.61)  471(0.63)  1154(0.12)  
474 511(0.85)  
475 960(0.11)  418(0.90)  488(0.79)  1104(0.77)  401(0.56)  538(0.05)  954(0.61)  
476 286(0.72)  130(0.28)  1012(0.33)  1069(0.73)  486(0.60)  1089(0.10)  
477 837(0.70)  1253(0.66)  1149(0.89)  633(0.51)  
478 1043(0.80)  1365(0.75)  1542(0.45)  1426(0.43)  217(0.38)  727(0.56)  1170(0.68)  1399(0.62)  
479 625(0.79)  1041(0.86)  1351(0.91)  835(0.29)  824(0.84)  
480 1025(0.20)  1055(0.21)  139(0.25)  
481 1281(0.59)  1431(0.67)  982(0.28)  772(0.28)  988(0.63)  339(0.52)  1142(0.76)  
482 1073(0.49)  890(0.84)  1439(0.16)  1350(0.46)  474(0.60)  1129(0.27)  
483 541(0.94)  930(0.14)  907(0.55)  1389(0.69)  1500(0.53)  25(0.52)  
484 105(0.63)  1480(0.93)  471(0.89)  382(0.16)  1064(0.30)  162(0.90)  898(0.24)  
485 324(0.51)  74(0.32)  
486 469(0.19)  1511(0.74)  357(0.86)  1118(0.38)  
487 862(0.60)  746(0.80)  1095(0.07)  47(0.18)  
488 100(0.41)  304(0.85)  521(0.23)  
489 610(0.30)  333(0.32)  749(0.95)  1059(0.68)  543(0.45)  
490 1394(0.76)  346(0.39)  375(0.28)  1018(0.66)  1061(0.50)  1344(0.24)  
491 1434(0.75)  957(0.67)  828(0.04)  
492 1483(0.27)  447(0.97)  25(0.41)  
493 674(0.81)  1316(0.26)  
494 1273(0.84)  
495 391(0.76)  607(0.79)  55(0.27)  444(0.23)  
496 748(0.87)  338(0.67)  1154(0.96)  265(0.78)  228(0.31)  1070(0.30)  
497 1482(0.19)  86(0.01)  330(0.75)  14(0.00)  962(0.80)  
498 1133(0.42)  1549(0.68)  1445(0.57)  929(0.74)  1332(0.33)  
499 1120(0.57)  5(0.17)  234(0.62)  277(0.21)  
500 433(0.18)  1236(0.29)  1213(0.33)  138(0.50)  1392(0.19)  1475(0.41)  1226(0.65)  417(0.00)  
501 1321(0.35)  1350(0.36)  435(1.00)  479(0.13)  762(0.23)  
502 216(0.38)  1524(0.89)  
503 776(0.66)  260(0.16)  249(0.70)  
504 566(0.26)  
505 1402(0.58)  1497(0.67)  383(0.55)  1025(0.77)  1069(0.38)  1352(0.54)  
506 1150(0.04)  674(0.55)  131(0.93)  201(0.99)  817(0.70)  114(0.98)  251(0.88)  
507 1237(0.82)  388(0.28)  232(0.49)  1114(0.70)  1170(0.50)  
508 182(0.51)  1264(0.68)  721(0.77)  
509 1278(0.70)  656(0.42)  1378(0.18)  357(0.80)  
510 434(0.78)  1316(0.17)  1372(0.59)  789(0.76)  
511 643(0.89)  1392(0.15)  703(0.29)  67(0.51)  4(0.41)  
512 693(0.58)  1242(0.73)  1153(0.62)  277(0.82)  1346(0.72)  
513 1144(0.62)  695(0.42)  485(0.35)  701(0.27)  52(0.69)  
514 262(0.02)  639(0.64)  1067(0.53)  512(0.43)  1034(0.69)  612(0.68)  
515 399(0.44)  1348(0.70)  60(0.51)  77(0.62)  
516 526(0.70)  1381(0.60)  1518(0.03)  376(0.61)  686(0.56)  1314(0.94)  160(0.44)  1335(0.82)  
517 601(0.41)  1549(0.59)  262(0.24)  278(0.86)  228(0.39)  55(0.94)  459(0.62)  1220(0.32)  1224(0.95)  
518 848(0.68)  1197(0.19)  149(0.91)  592(0.59)  821(0.84)  
519 434(0.77)  130(0.61)  213(0.59)  1522(0.81)  712(0.73)  24(0.70)  945(0.03)  883(0.86)  
520 820(0.35)  1009(0.85)  27(0.85)  271(0.39)  1512(0.69)  903(0.71)  759(0.59)  
521 79(0.49)  508(0.11)  1510(0.07)  474(0.67)  52(0.45)  175(0.08)  951(0.64)  
522 628(0.08)  418(0.96)  635(0.53)  1544(0.66)  375(0.67)  352(0.26)  
523 765(0.24)  1541(0.03)  771(0.47)  1108(0.18)  
524 1198(0.05)  243(0.54)  
525 933(0.43)  284(0.29)  673(0.28)  650(0.49)  
526 567(0.68)  1383(0.16)  81(0.64)  457(0.91)  
527 1493(0.38)  164(0.05)  207(0.37)  490(0.44)  1200(0.56)  1044(0.52)  
528 72(0.20)  1286(0.60)  344(0.08)  55(0.18)  
529 1303(0.53)  294(0.65)  205(0.75)  887(0.78)  398(0.76)  721(0.29)  606(0.52)  490(0.90)  
530 273(0.01)  1488(0.75)  546(0.69)  
531 1319(0.38)  1442(0.59)  
532 1080(0.07)  1429(0.03)  1525(0.71)  410(0.45)  1053(0.58)  1096(0.85)  
533 133(0.68)  1469(0.55)  992(0.25)  449(0.86)  229(0.76)  845(0.36)  142(0.21)  
534 884(0.00)  1167(0.40)  318(0.38)  162(0.38)  1044(0.45)  1198(0.52)  615(0.70)  
535 665(0.78)  1068(0.11)  272(0.18)  276(0.79)  1091(0.78)  1347(0.10)  
536 1399(0.57)  817(0.45)  1006(0.56)  24(0.09)  268(0.38)  1509(0.40)  900(0.10)  
537 88(0.31)  465(0.59)  1307(0.60)  338(0.98)  1274(0.67)  438(0.09)  974(0.08)  
538 1463(0.67)  722(0.32)  512(0.90)  729(0.88)  80(0.40)  883(0.89)  446(0.12)  
539 922(0.10)  1471(0.85)  1382(0.32)  506(0.20)  1161(0.18)  340(0.92)  
540 1059(0.18)  1036(0.43)  1518(0.15)  71(0.33)  
541 880(0.54)  842(0.28)  
542 414(0.38)  1096(0.51)  193(0.90)  
543 539(0.18)  701(0.29)  944(0.30)  628(0.23)  19(0.86)  289(0.26)  306(0.26)  256(0.83)  
544 869(0.42)  
545 492(0.17)  815(0.97)  991(0.97)  875(0.88)  1224(0.50)  
546 1048(0.52)  293(0.12)  270(0.13)  
547 800(0.26)  284(0.64)  274(0.14)  
548 590(0.84)  
549 1426(0.98)  378(0.18)  407(0.40)  1050(0.09)  1093(0.79)  1376(0.54)  
550 5(0.36)  1087(0.04)  957(0.05)  614(0.46)  
551 193(0.34)  116(0.72)  1491(0.75)  
552 1505(0.01)  
553 995(0.13)  386(0.81)  656(0.26)  673(0.97)  623(0.81)  773(0.08)  323(0.15)  
554 1507(0.83)  72(0.13)  847(0.10)  
555 870(0.83)  1153(0.69)  305(0.20)  149(0.44)  1031(0.24)  1087(0.55)  504(0.84)  
556 651(0.99)  1055(0.84)  258(0.41)  262(0.85)  1078(0.20)  1334(0.59)  
557 119(0.44)  
558 1034(0.50)  1051(0.02)  1001(0.96)  1151(0.68)  701(0.49)  905(0.12)  
559 1196(0.11)  227(0.29)  1163(0.44)  
560 947(0.37)  976(0.13)  61(0.18)  
561 1300(0.22)  1449(0.08)  1000(0.40)  790(0.95)  1006(0.42)  357(0.33)  1160(0.53)  
562 1383(0.26)  1200(0.28)  191(0.87)  101(0.13)  492(0.73)  1148(0.53)  326(0.54)  503(0.73)  
563 299(0.93)  1314(0.82)  1385(0.63)  442(0.17)  
564 124(0.80)  1498(0.60)  490(0.94)  400(0.95)  1082(0.63)  180(0.35)  916(0.08)  
565 633(0.83)  92(0.25)  841(0.45)  
566 398(0.54)  654(0.73)  1030(0.46)  315(0.46)  904(0.58)  282(0.28)  
567 1521(0.50)  1204(0.20)  595(0.20)  452(0.47)  468(0.81)  418(0.31)  568(0.70)  
568 872(0.18)  36(0.16)  572(0.51)  934(0.29)  578(0.62)  501(0.54)  318(0.60)  868(0.77)  
569 720(0.94)  470(0.58)  1219(0.65)  530(0.79)  
570 757(0.52)  334(0.01)  
571 211(0.18)  
572 395(0.62)  
573 511(0.15)  341(0.66)  24(0.55)  973(0.12)  1243(0.13)  1260(0.88)  1210(0.68)  1360(0.62)  
574 665(0.32)  1002(0.72)  819(0.24)  1368(0.99)  1279(0.18)  403(0.27)  1058(0.54)  
575 1525(0.42)  51(0.59)  1359(0.37)  550(0.54)  1005(0.81)  783(0.50)  307(0.71)  
576 531(0.46)  1041(0.32)  
577 598(0.37)  
578 1446(0.76)  997(0.73)  1298(0.67)  1514(0.44)  451(0.09)  1254(0.15)  1231(0.02)  
579 1294(0.96)  285(0.79)  196(0.50)  878(0.73)  389(0.79)  711(0.46)  888(0.88)  772(0.15)  
580 264(0.60)  1479(0.84)  537(0.70)  
581 1213(0.68)  
582 1373(0.60)  497(0.38)  1152(0.24)  331(0.87)  507(0.46)  391(0.37)  740(0.34)  836(0.55)  
583 544(0.63)  1399(0.14)  1536(0.99)  394(0.52)  704(0.58)  1333(0.38)  178(0.08)  1353(0.01)  
584 619(0.53)  10(0.26)  280(0.13)  296(0.99)  247(0.89)  
585 1534(0.47)  380(0.14)  1141(1.00)  
586 193(0.93)  875(0.77)  386(0.36)  709(0.26)  
587 456(0.47)  473(0.23)  423(0.27)  573(0.26)  
588 356(0.98)  772(0.36)  1082(0.65)  566(0.51)  
589 685(0.01)  1007(0.91)  1184(0.32)  1068(0.19)  1417(0.09)  369(0.48)  
590 724(0.60)  475(0.48)  1224(0.13)  535(0.73)  
591 761(0.46)  339(0.97)  
592 216(0.78)  
593 399(0.82)  695(0.79)  
594 1264(0.13)  1215(0.65)  1364(0.45)  915(0.21)  705(0.04)  921(0.15)  272(0.76)  
595 670(0.34)  1006(0.74)  823(0.42)  1373(0.80)  1283(0.63)  407(0.23)  1063(0.13)  
596 1530(0.85)  55(0.22)  1364(0.01)  554(0.13)  1010(0.88)  787(0.57)  311(0.22)  
597 536(0.49)  1045(0.30)  
598 602(0.30)  
599 1451(0.82)  1002(0.02)  1205(0.97)  1422(0.67)  359(0.10)  1162(0.67)  1139(0.04)  
600 1298(0.99)  290(0.63)  200(0.69)  882(0.98)  394(0.49)  716(0.20)  893(0.38)  776(0.94)  
601 560(0.89)  217(0.77)  832(0.33)  543(0.61)  
602 1518(0.16)  510(0.41)  
603 1013(0.82)  1296(0.10)  33(0.09)  1435(0.07)  759(0.05)  
604 147(0.10)  1482(0.18)  1006(0.83)  463(0.07)  534(0.35)  1150(0.77)  447(0.57)  
605 1189(0.05)  
606 1426(0.86)  30(0.37)  274(0.27)  1516(0.72)  906(0.48)  
607 785(0.30)  1201(0.23)  1098(0.02)  582(0.65)  
608 991(0.21)  1314(0.02)  1491(0.93)  1374(0.70)  166(0.08)  675(0.00)  1118(0.81)  1347(0.86)  
609 962(0.84)  1378(1.00)  130(0.54)  1172(0.36)  1161(0.77)  779(0.50)  783(0.33)  
610 1513(0.19)  531(0.65)  774(0.98)  458(0.89)  1407(0.07)  1263(0.59)  1280(0.27)  
611 1400(0.35)  844(0.77)  1367(0.17)  944(0.81)  1067(0.37)  
612 545(0.53)  1121(0.92)  951(0.38)  634(0.35)  25(0.46)  295(0.62)  312(0.50)  262(0.99)  
613 389(0.93)  1178(0.41)  1515(0.75)  1332(0.91)  323(0.95)  233(0.46)  
614 1124(0.83)  1340(0.44)  691(0.62)  1080(0.15)  1057(0.52)  
615 148(0.15)  737(0.88)  115(0.72)  837(0.80)  1373(0.37)  
616 534(0.30)  1111(0.80)  1354(0.41)  
617 351(0.13)  102(0.99)  
618 620(0.91)  104(0.94)  
619 114(0.00)  476(0.23)  120(0.74)  43(0.72)  1418(0.42)  410(0.17)  
620 154(0.91)  41(0.50)  257(0.19)  1166(0.94)  
621 683(0.42)  301(0.54)  1449(0.07)  706(0.92)  
622 1544(0.06)  82(0.92)  525(0.49)  1168(0.47)  1212(0.69)  1494(0.36)  
623 26(0.74)  1108(0.38)  
624 190(0.31)  1005(0.10)  117(0.08)  79(0.30)  
625 1115(0.69)  200(0.01)  1388(0.82)  113(0.22)  
626 789(0.24)  766(0.43)  1248(0.33)  
627 780(0.31)  1184(0.67)  387(0.76)  391(0.65)  1207(0.92)  1463(0.32)  281(0.55)  
628 455(0.52)  1404(0.51)  1260(0.64)  1277(0.87)  
629 168(0.24)  1437(0.09)  1160(0.61)  18(0.29)  328(0.01)  1370(0.36)  
630 330(0.90)  613(0.04)  
631 1462(0.14)  
632 486(0.16)  1289(0.80)  852(0.35)  1335(0.72)  1445(0.99)  1528(0.82)  
633 51(0.53)  1426(0.27)  
634 877(0.39)  920(0.43)  
635 224(0.55)  494(0.91)  511(0.51)  461(0.25)  610(0.83)  
636 303(0.94)  1478(0.98)  1068(0.51)  325(0.78)  995(0.47)  958(0.29)  242(0.73)  1245(0.20)  
637 1507(0.34)  153(0.96)  369(0.95)  1278(0.95)  109(0.30)  
638 1548(0.96)  832(0.09)  1421(0.49)  799(0.17)  1521(0.87)  499(0.55)  
639 724(0.65)  581(0.44)  597(0.42)  547(0.29)  697(1.00)  248(0.37)  451(0.61)  
640 701(0.44)  1063(0.16)  
641 275(0.05)  784(0.12)  814(0.52)  1456(0.27)  1500(0.85)  225(0.95)  934(0.19)  364(0.15)  
642 1270(0.45)  888(0.43)  478(0.87)  1293(0.22)  405(0.91)  782(0.38)  1210(0.97)  
643 1102(0.26)  1372(0.64)  
644 967(0.88)  1051(0.28)  801(0.85)  1550(0.70)  447(0.59)  
645 794(0.60)  
646 365(0.20)  128(0.27)  12(0.53)  361(0.30)  871(0.39)  1314(0.81)  
647 1100(0.54)  291(0.23)  746(0.20)  523(0.81)  47(0.79)  1062(0.06)  1133(0.89)  
648 55(0.91)  284(0.98)  327(0.01)  610(0.95)  1320(0.35)  1163(0.43)  
649 94(0.47)  1309(0.36)  367(0.05)  78(0.91)  
650 1016(0.09)  7(0.40)  1476(0.49)  600(0.60)  111(0.46)  434(0.01)  
651 1470(0.09)  1033(0.24)  1516(0.72)  68(0.82)  
652 974(0.99)  1350(0.17)  
653 508(0.92)  1190(0.27)  288(0.14)  1024(0.84)  
654 674(0.31)  691(0.30)  641(0.39)  
655 706(0.62)  163(0.39)  233(0.66)  849(0.24)  146(0.47)  283(0.65)  
656 173(0.52)  616(0.55)  1259(0.26)  889(0.01)  1172(0.55)  323(0.60)  
657 1296(0.50)  753(0.88)  
658 1096(0.18)  1352(0.91)  
659 1389(0.62)  886(0.07)  10(0.49)  1079(0.95)  1402(0.35)  
660 428(0.64)  632(0.83)  848(0.07)  1344(0.28)  588(0.10)  
661 372(0.69)  1214(0.07)  245(0.95)  1181(0.57)  345(0.76)  882(0.67)  1244(0.40)  888(0.52)  
662 450(0.65)  933(0.45)  1043(0.80)  1126(0.26)  877(0.21)  
663 767(0.94)  1542(0.73)  1187(0.25)  1110(0.21)  
664 1296(0.52)  342(0.38)  918(0.06)  747(0.14)  
665 599(0.32)  123(0.93)  1138(0.67)  1209(0.47)  267(0.12)  
666 809(0.99)  1465(0.53)  
667 1142(0.17)  466(0.96)  522(0.44)  1498(0.99)  543(0.27)  706(0.02)  949(0.18)  
668 1256(0.34)  513(0.62)  769(0.06)  1146(0.23)  430(0.84)  1019(0.22)  397(0.69)  
669 195(0.51)  145(0.00)  
670 1553(0.61)  744(0.41)  
671 289(0.13)  278(0.61)  1454(0.54)  1458(0.63)  715(0.21)  
672 1195(0.66)  1478(0.73)  629(0.40)  59(0.68)  941(0.97)  1411(0.13)  
673 1235(0.92)  945(0.96)  669(0.79)  1085(0.73)  
674 804(0.60)  1486(0.59)  583(0.46)  1320(0.66)  1496(0.90)  
675 598(0.90)  1346(0.71)  244(0.17)  21(0.59)  1103(0.26)  
676 462(0.16)  584(0.51)  1360(0.04)  591(0.57)  928(0.00)  
677 1327(0.06)  744(0.42)  1347(0.04)  1510(0.83)  195(0.01)  1437(0.45)  827(0.48)  
678 1511(0.45)  1407(0.96)  891(0.33)  1295(0.08)  498(0.99)  502(0.20)  
679 985(0.61)  1428(0.30)  99(0.05)  
680 1126(0.97)  983(0.23)  
681 787(0.03)  1270(0.86)  966(0.08)  1049(0.17)  800(0.11)  
682 205(0.07)  1048(0.55)  78(0.19)  1014(0.84)  178(0.11)  715(0.07)  1077(0.13)  
683 695(0.00)  379(0.43)  1328(0.34)  
684 1168(0.94)  1251(0.52)  1001(0.90)  192(0.11)  1062(0.46)  425(0.14)  
685 1376(0.66)  1020(0.12)  943(0.22)  760(0.63)  
686 677(0.60)  1559(0.81)  471(0.13)  1032(0.99)  78(0.36)  
687 1300(0.74)  491(0.34)  947(0.64)  724(0.07)  248(0.31)  1263(0.16)  1333(0.22)  391(0.96)  
688 123(0.72)  472(0.33)  
689 943(0.70)  1546(0.69)  150(0.85)  394(0.98)  78(0.71)  1026(0.88)  1296(0.67)  1313(0.58)  
690 701(0.43)  1516(0.19)  214(0.39)  591(0.46)  441(0.55)  324(0.88)  
691 501(0.82)  557(0.84)  1533(0.50)  164(0.16)  740(0.54)  984(0.12)  
692 1375(0.87)  1032(0.79)  89(0.41)  
693 77(0.98)  666(0.41)  43(0.81)  765(0.73)  1302(0.56)  
694 74(0.04)  1062(0.08)  386(0.56)  856(0.81)  274(0.64)  
695 280(0.14)  30(0.40)  
696 1186(0.13)  44(0.56)  354(0.04)  1396(0.91)  1386(0.95)  1003(0.06)  593(0.85)  1409(0.69)  
697 491(0.26)  961(0.57)  1522(0.28)  568(0.35)  1144(0.55)  973(0.26)  
698 1364(0.56)  1435(0.75)  493(0.11)  66(0.91)  1069(0.08)  33(0.24)  1169(0.26)  1291(0.15)  
699 1524(0.11)  1368(0.75)  692(0.29)  749(0.10)  166(0.67)  
700 683(0.33)  434(0.86)  1183(0.23)  80(0.03)  
701 995(0.30)  1372(0.97)  656(0.73)  1245(0.50)  
702 1164(0.10)  115(0.36)  558(0.01)  787(0.50)  831(0.66)  
703 395(0.62)  890(0.00)  
704 1106(0.04)  1044(0.12)  
705 407(0.51)  25(0.76)  29(0.39)  
706 1441(0.15)  
707 1035(0.02)  919(0.64)  1268(0.71)  220(0.94)  249(0.13)  
708 274(0.53)  63(0.14)  280(0.45)  1189(0.49)  
709 506(0.14)  923(0.02)  1232(0.34)  717(0.44)  706(0.90)  
710 421(0.61)  1157(0.82)  1334(0.40)  1218(0.26)  9(0.93)  105(0.09)  548(0.65)  
711 839(0.28)  363(0.12)  1378(0.51)  1449(0.40)  506(0.22)  1361(0.02)  
712 976(0.53)  1485(0.16)  371(0.37)  1013(0.44)  
713 304(0.62)  
714 156(0.91)  905(0.85)  1361(0.13)  
715 718(0.53)  1094(0.37)  379(0.24)  
716 828(0.23)  1178(0.43)  129(0.85)  572(0.88)  801(0.31)  
717 802(0.83)  499(0.87)  
718 416(0.29)  832(0.38)  1142(0.97)  626(0.64)  
719 744(0.95)  1067(0.42)  1243(0.62)  1127(0.36)  1476(0.68)  428(0.22)  457(0.03)  
720 1040(0.00)  911(0.06)  567(0.73)  1183(0.98)  894(0.87)  617(0.34)  1033(0.40)  1343(0.27)  
721 1557(0.95)  575(0.58)  404(0.25)  88(0.49)  1037(0.90)  
722 916(0.59)  1332(0.14)  84(1.00)  712(0.13)  
723 1122(0.08)  300(0.66)  63(0.16)  
724 703(0.60)  387(0.73)  1336(0.96)  
725 614(0.58)  1069(0.36)  847(0.40)  370(0.14)  1386(0.47)  1456(0.15)  514(0.40)  
726 219(0.20)  262(0.85)  545(0.01)  1254(0.00)  1098(0.50)  422(0.14)  479(0.96)  1454(0.56)  
727 469(0.84)  725(0.80)  1102(0.67)  386(0.35)  975(0.21)  353(0.05)  
728 1495(0.26)  1179(0.16)  569(0.61)  426(0.47)  443(0.00)  393(0.77)  542(0.45)  
729 141(0.23)  1277(0.33)  1399(0.10)  617(0.20)  261(0.82)  185(0.05)  
730 691(0.36)  841(0.20)  392(0.98)  182(0.40)  
731 1351(0.93)  421(0.07)  824(0.93)  442(0.17)  32(0.54)  847(0.90)  
732 1099(0.54)  1155(0.83)  
733 180(0.41)  383(0.45)  600(0.03)  1509(0.40)  340(0.54)  317(0.36)  
734 730(0.83)  1506(0.37)  
735 304(0.83)  813(0.15)  1256(0.90)  1485(0.05)  1529(0.83)  254(0.90)  963(0.12)  807(0.31)  
736 911(0.85)  528(0.46)  532(0.87)  1348(0.61)  46(0.32)  
737 456(0.77)  1165(0.76)  
738 1321(0.09)  1271(0.14)  1421(0.33)  971(0.36)  761(0.49)  978(0.85)  329(0.47)  
739 1528(0.31)  1451(0.50)  
740 1246(1.00)  331(0.45)  374(0.73)  657(0.09)  953(0.19)  
741 1032(0.54)  222(0.68)  678(0.59)  455(0.06)  1537(0.02)  994(0.89)  1065(0.10)  
742 1545(0.70)  629(0.85)  259(0.03)  542(0.97)  1251(0.36)  1095(0.28)  
743 1293(0.86)  1364(0.24)  
744 334(0.35)  
745 438(0.46)  1226(0.67)  5(1.00)  1380(0.64)  371(0.12)  1426(0.30)  
746 3(0.75)  219(0.67)  714(0.63)  1517(0.25)  1494(0.24)  419(0.58)  115(0.39)  
747 458(0.70)  1140(0.21)  652(0.92)  
748 583(0.54)  1159(0.78)  1402(0.96)  
749 400(0.30)  150(0.59)  
750 959(0.76)  444(0.75)  433(0.45)  50(0.84)  
751 1450(0.42)  1333(0.67)  125(0.43)  220(0.17)  663(0.10)  1306(0.52)  1350(0.16)  
752 464(0.96)  1080(0.06)  377(0.05)  
753 321(0.45)  1096(0.63)  
754 1549(0.32)  501(0.07)  944(0.47)  29(0.87)  1216(0.10)  1499(0.55)  
755 445(0.22)  1526(0.03)  983(0.09)  1054(0.04)  
756 626(0.15)  963(0.90)  779(0.01)  1329(0.69)  825(0.82)  1508(0.80)  1019(0.93)  
757 1072(0.18)  1155(0.05)  906(0.43)  97(0.47)  966(0.86)  330(0.12)  267(0.75)  
758 783(0.49)  1293(0.79)  1322(0.49)  
759 1307(0.88)  1257(0.23)  1407(0.97)  958(0.82)  748(0.76)  964(0.83)  315(0.94)  
760 1417(0.83)  1340(0.22)  
761 63(0.11)  705(0.38)  749(0.75)  1032(0.65)  1327(0.99)  1171(0.13)  
762 102(0.55)  173(0.87)  789(0.53)  86(0.99)  
763 1456(0.63)  
764 520(0.99)  870(0.52)  1379(0.19)  264(0.87)  
765 1539(0.76)  198(0.68)  1107(0.36)  1496(0.79)  12(0.05)  495(0.22)  605(0.74)  
766 534(0.64)  1216(0.92)  727(0.18)  1050(0.17)  1227(0.35)  1110(0.05)  
767 696(0.92)  393(0.32)  
768 309(0.11)  725(0.88)  1035(0.79)  519(0.57)  
769 541(0.90)  863(0.46)  1040(0.19)  924(0.03)  1273(0.77)  225(0.67)  
770 677(0.65)  428(0.03)  1177(0.79)  488(0.92)  
771 326(0.30)  1462(0.51)  26(0.48)  802(0.35)  446(0.83)  370(0.94)  187(0.46)  
772 1395(0.13)  226(0.73)  203(0.30)  
773 1536(0.35)  606(0.22)  1010(0.53)  627(0.91)  217(0.40)  1032(0.80)  144(0.30)  
774 500(0.07)  184(0.34)  
775 502(0.20)  985(0.99)  1095(0.54)  
776 1211(0.80)  415(0.33)  419(0.33)  1234(0.31)  1490(0.41)  
777 439(0.01)  1148(0.91)  
778 1304(0.23)  1254(0.85)  1404(0.03)  955(0.74)  1159(0.33)  1375(0.65)  312(0.18)  
779 1123(0.16)  1046(0.17)  863(0.27)  1412(0.92)  1323(0.92)  447(0.72)  1516(0.85)  281(0.99)  
780 827(0.85)  351(0.66)  222(0.67)  1437(0.48)  494(0.57)  205(0.67)  1487(0.36)  345(0.87)  
781 168(0.15)  771(0.28)  1347(0.61)  1177(0.77)  860(0.16)  251(0.77)  
782 330(0.18)  1505(0.83)  1095(0.46)  353(0.78)  1023(0.61)  985(1.00)  270(0.49)  1272(0.11)  
783 73(0.65)  277(1.00)  494(0.72)  1403(0.50)  234(0.36)  
784 17(0.33)  860(0.56)  1448(0.94)  535(0.24)  1257(0.39)  236(0.03)  
785 751(0.75)  608(0.06)  625(0.42)  575(0.79)  724(0.08)  275(0.26)  479(0.35)  
786 826(0.89)  1188(0.52)  
787 399(0.47)  
788 489(0.16)  1371(0.14)  283(0.90)  1258(0.44)  1448(0.29)  466(0.66)  
789 1223(0.39)  1533(0.12)  1017(0.53)  1007(0.91)  624(0.64)  
790 1237(0.76)  322(0.89)  365(0.11)  648(0.56)  944(0.91)  
791 1314(0.56)  
792 405(1.00)  1260(0.24)  1397(0.03)  255(0.66)  274(0.07)  902(0.29)  1305(0.82)  
793 466(0.69)  1442(0.14)  487(0.97)  
794 111(0.96)  221(0.53)  304(0.73)  54(0.20)  803(0.65)  1259(0.18)  
795 1417(0.28)  541(0.67)  52(0.84)  
796 275(0.03)  
797 1550(0.90)  
798 823(0.33)  1305(0.93)  1002(0.36)  1085(0.03)  835(0.31)  
799 1139(0.06)  1501(0.07)  1145(0.33)  1068(0.78)  
800 1280(0.44)  1470(0.73)  
801 893(0.14)  244(0.01)  1047(0.01)  611(0.47)  
802 624(0.06)  1440(0.26)  552(0.92)  928(0.27)  1357(0.02)  801(0.10)  
803 1078(0.16)  907(0.74)  591(0.22)  
804 1336(0.17)  
805 427(0.04)  1282(0.59)  1419(0.14)  277(0.50)  587(0.31)  1215(0.69)  61(0.74)  
806 780(0.68)  197(0.56)  800(0.55)  963(0.68)  
807 14(0.66)  1350(0.42)  873(0.98)  330(0.99)  401(0.16)  1017(0.34)  
808 748(0.69)  1098(0.58)  49(0.97)  492(0.34)  721(0.58)  
809 626(0.37)  322(0.97)  
810 336(0.63)  752(0.45)  1062(0.25)  546(0.01)  
811 956(0.50)  1278(0.84)  1455(0.15)  1338(0.14)  130(0.78)  640(0.13)  669(0.25)  
812 960(0.44)  831(0.31)  488(0.62)  1103(0.24)  814(0.83)  538(0.27)  954(0.04)  
813 674(0.81)  518(0.22)  1400(0.80)  
814 252(0.56)  641(0.72)  618(0.44)  1101(0.73)  1211(0.15)  
815 943(0.13)  520(0.43)  643(0.85)  
816 254(0.71)  1442(0.15)  167(0.63)  876(0.43)  720(0.48)  44(0.61)  
817 1376(0.95)  434(0.91)  1289(0.77)  1426(0.12)  284(0.91)  181(0.20)  1223(0.80)  
818 634(0.59)  690(0.74)  108(0.22)  297(0.91)  873(0.58)  1117(0.31)  800(0.01)  
819 293(0.37)  549(0.19)  925(0.51)  209(0.79)  798(0.87)  176(0.81)  
820 1415(0.32)  1099(0.47)  490(0.00)  346(0.43)  363(0.98)  313(0.66)  
821 469(0.63)  1139(0.05)  1515(0.28)  386(0.08)  1388(0.51)  352(0.58)  
822 1203(0.05)  887(0.29)  278(0.12)  548(0.34)  564(0.79)  515(0.03)  664(0.29)  
823 651(0.47)  229(0.53)  
824 1250(0.10)  1134(0.64)  1483(0.90)  435(0.73)  878(0.73)  1521(0.80)  1150(0.28)  1433(0.35)  
825 1059(0.34)  543(0.83)  946(0.14)  150(0.13)  154(0.49)  969(0.93)  
826 51(0.97)  108(0.29)  1083(0.01)  1272(0.58)  
827 1103(0.23)  415(0.94)  1336(0.05)  
828 148(0.68)  991(0.37)  22(0.71)  957(0.43)  121(0.18)  658(0.67)  1020(0.30)  
829 795(0.79)  585(0.73)  801(0.59)  152(0.82)  955(0.64)  518(0.36)  1001(0.40)  
830 1252(0.08)  1163(0.80)  287(0.53)  942(0.34)  
831 1156(0.42)  1426(0.83)  
832 1410(0.34)  1493(0.36)  1243(0.62)  434(0.33)  890(0.23)  667(0.22)  191(0.27)  
833 415(0.35)  
834 919(0.90)  243(0.53)  299(0.97)  1274(0.09)  320(0.63)  482(0.14)  
835 386(0.34)  282(0.10)  1324(0.05)  267(0.88)  1028(0.18)  1032(0.48)  290(0.62)  546(0.33)  
836 1530(0.73)  1480(0.38)  71(0.88)  1180(0.69)  1384(0.27)  42(0.81)  537(0.22)  1340(0.83)  
837 1061(0.06)  572(0.31)  894(0.58)  
838 1371(0.26)  56(0.03)  1298(0.96)  688(0.94)  545(0.14)  
839 570(0.38)  880(0.66)  
840 1396(0.85)  1518(0.00)  
841 1156(0.74)  1506(0.11)  44(0.04)  487(0.55)  1129(0.20)  1173(0.52)  1456(0.12)  
842 1310(0.24)  607(0.52)  744(0.56)  1160(0.10)  
843 1170(0.37)  295(1.00)  950(0.14)  128(0.23)  1449(0.43)  1333(0.86)  124(0.54)  
844 509(0.86)  
845 946(0.05)  1362(0.29)  1258(0.04)  742(0.56)  1145(0.51)  
846 932(0.43)  1375(0.82)  46(0.16)  
847 1188(0.83)  1338(0.30)  889(0.05)  1093(0.78)  1309(0.59)  246(0.50)  1049(0.32)  
848 962(0.64)  779(0.50)  1328(0.67)  1239(0.94)  363(0.73)  1432(0.25)  
849 527(0.27)  1329(0.04)  893(0.39)  1375(0.48)  1485(0.68)  11(0.78)  
850 1552(0.93)  
851 963(0.12)  847(0.07)  1196(0.20)  1292(0.68)  1444(1.00)  
852 1094(0.13)  19(0.27)  129(0.94)  212(0.49)  1521(0.33)  712(0.14)  
853 659(0.64)  
854 1081(0.47)  33(0.73)  476(0.61)  1119(0.52)  
855 409(0.14)  1318(0.55)  
856 1315(0.54)  161(0.29)  
857 640(0.16)  1429(0.56)  208(0.60)  25(0.13)  574(0.74)  71(0.92)  753(0.99)  
858 524(0.48)  
859 682(0.58)  139(0.16)  1354(0.13)  412(0.49)  
860 1554(0.26)  
861 965(0.11)  848(0.92)  1198(0.53)  149(0.54)  179(0.17)  
862 1484(0.25)  409(0.12)  519(0.51)  
863 636(0.43)  253(0.50)  1401(0.64)  659(0.58)  
864 1497(0.54)  34(0.47)  478(0.96)  1120(0.63)  1164(0.60)  1447(0.92)  
865 1536(0.45)  1060(0.17)  
866 142(0.89)  957(0.84)  69(0.66)  
867 119(0.10)  1440(0.46)  1323(0.19)  115(0.18)  625(0.11)  
868 741(0.39)  718(0.20)  1201(0.17)  
869 733(0.66)  1136(0.61)  340(0.52)  344(0.38)  1159(0.78)  1415(0.31)  233(0.52)  
870 407(0.50)  1356(0.21)  1212(0.80)  1229(0.60)  
871 120(0.04)  1389(0.40)  1113(0.12)  1529(0.14)  281(0.95)  1323(0.63)  
872 301(0.43)  584(0.68)  
873 1432(0.77)  
874 457(0.23)  1260(0.73)  823(0.52)  1306(0.20)  1416(0.88)  1499(0.58)  
875 21(0.07)  
876 991(0.27)  874(0.53)  1224(0.34)  1319(0.67)  204(0.95)  
877 1122(0.07)  46(0.47)  157(0.46)  240(0.07)  1548(0.67)  739(0.85)  
878 589(0.41)  
879 1012(0.08)  1521(0.24)  406(0.13)  1049(0.38)  
880 437(0.65)  1346(0.59)  
881 543(0.98)  613(0.11)  1229(0.43)  526(0.03)  663(0.76)  1079(0.34)  
882 705(0.08)  934(0.80)  
883 1304(0.44)  
884 422(0.65)  638(0.83)  
885 1287(0.55)  745(0.12)  401(0.85)  1017(0.99)  728(0.23)  451(0.78)  867(0.56)  
886 1002(0.83)  141(0.03)  
887 817(0.80)  966(0.13)  517(0.41)  307(0.92)  523(0.78)  
888 1070(0.84)  181(0.28)  
889 1363(0.13)  1273(0.34)  398(0.24)  1053(0.82)  231(0.24)  
890 1107(0.63)  897(0.71)  1113(0.82)  464(0.02)  853(0.44)  830(0.03)  1313(0.46)  1423(0.11)  
891 196(0.04)  80(0.31)  429(0.81)  
892 1468(0.52)  181(0.79)  197(0.04)  
893 979(0.77)  503(0.52)  1518(0.23)  31(0.24)  647(0.27)  1502(0.95)  
894 728(0.25)  1237(0.31)  122(0.40)  
895 1543(0.13)  1493(0.34)  85(0.35)  1194(0.97)  1397(0.51)  56(0.41)  551(0.68)  1354(0.29)  
896 1074(0.99)  586(0.66)  908(0.14)  
897 1384(0.60)  70(0.33)  1312(0.79)  702(0.12)  559(0.72)  
898 292(0.47)  602(0.91)  86(0.79)  76(0.72)  1251(0.47)  841(0.11)  99(0.07)  
899 1295(0.18)  1124(0.98)  808(0.22)  199(0.60)  
900 1515(0.01)  28(0.48)  644(0.48)  
901 1320(0.92)  1443(0.79)  
902 764(0.16)  1113(0.79)  65(0.32)  508(0.82)  1151(0.49)  
903 641(0.46)  751(0.06)  
904 377(0.30)  793(0.52)  
905 483(0.16)  1205(0.84)  183(0.22)  959(0.70)  190(0.27)  526(0.08)  
906 522(1.00)  672(0.72)  223(0.69)  427(0.99)  
907 1279(0.94)  763(0.86)  753(0.63)  370(0.23)  374(0.18)  
908 1237(0.06)  1281(0.75)  6(0.53)  715(0.00)  
909 245(0.13)  728(0.96)  838(0.03)  921(0.86)  
910 465(0.79)  
911 1078(0.45)  1001(0.57)  818(0.84)  1368(0.34)  1278(0.06)  402(0.65)  1058(0.87)  
912 1428(0.23)  1511(0.24)  1261(0.09)  452(0.22)  908(0.60)  394(0.35)  1476(0.62)  
913 434(0.71)  
914 937(0.02)  261(0.51)  317(0.08)  1293(0.32)  338(0.75)  500(0.34)  
915 501(0.87)  
916 564(0.56)  940(0.87)  
917 98(0.05)  780(0.63)  291(0.71)  614(0.09)  
918 1531(0.96)  1548(0.07)  
919 40(0.44)  1348(0.56)  539(0.07)  1408(0.09)  772(0.20)  709(0.40)  167(0.83)  1381(0.96)  
920 424(0.49)  1412(0.19)  736(0.97)  1206(0.81)  623(0.62)  813(0.22)  1389(0.68)  
921 1547(0.05)  1137(0.70)  395(0.85)  
922 378(0.32)  1114(0.36)  1291(0.11)  1175(0.80)  1524(0.46)  62(0.80)  505(0.68)  
923 1184(0.24)  
924 1488(0.55)  558(0.19)  962(0.60)  579(0.34)  169(0.86)  985(0.37)  
925 1236(0.23)  1293(0.96)  710(0.27)  
926 454(0.06)  937(0.30)  1047(0.24)  
927 1261(0.28)  464(0.30)  468(0.88)  1283(0.36)  1539(0.46)  
928 391(0.68)  
929 508(0.51)  751(0.67)  435(0.46)  1383(0.87)  1240(0.63)  1257(0.28)  1207(0.66)  1356(0.46)  
930 1057(0.18)  980(0.60)  797(0.28)  1346(0.99)  1257(0.41)  381(0.08)  1450(0.11)  
931 1504(0.37)  29(0.88)  1337(0.01)  528(0.59)  1398(0.84)  761(0.27)  285(0.76)  
932 923(0.45)  1019(0.15)  1462(0.06)  547(0.09)  
933 1493(0.85)  844(0.54)  1233(0.14)  1210(0.98)  134(0.21)  245(0.46)  328(0.96)  
934 1270(0.51)  367(0.08)  1104(0.67)  575(0.64)  
935 479(0.45)  430(0.51)  579(0.71)  
936 242(0.43)  313(0.18)  929(0.48)  226(0.52)  363(0.39)  
937 989(0.93)  1165(0.54)  1049(0.67)  1398(0.50)  
938 756(1.00)  306(0.48)  510(0.04)  726(0.78)  
939 458(0.67)  448(0.75)  65(0.02)  69(0.52)  884(0.48)  
940 1170(0.26)  1453(0.21)  604(0.06)  34(0.33)  916(0.74)  1386(0.59)  
941 918(0.12)  629(0.42)  
942 492(0.04)  
943 502(0.27)  319(0.27)  868(0.38)  779(0.50)  
944 140(0.82)  1382(0.46)  
945 433(0.81)  916(0.49)  1026(0.70)  
946 1142(0.49)  760(0.76)  350(0.29)  1165(0.66)  
947 32(0.42)  541(0.78)  984(0.21)  69(0.35)  1257(0.17)  1540(0.24)  691(0.37)  
948 1104(0.11)  1241(0.62)  
949 412(0.19)  1347(0.11)  511(0.82)  1048(0.73)  266(0.61)  1054(0.44)  1391(0.01)  
950 1216(0.63)  154(0.21)  956(0.05)  933(0.01)  1416(0.61)  
951 613(0.91)  
952 996(0.32)  1545(0.72)  1456(0.58)  580(0.06)  91(0.26)  414(0.57)  
953 1546(0.49)  1110(0.09)  34(0.46)  144(0.92)  
954 662(0.10)  1039(0.56)  1467(0.14)  912(0.51)  1434(0.32)  1012(0.96)  1135(0.17)  352(0.66)  
955 1334(0.30)  1311(0.39)  236(0.67)  443(0.34)  526(0.40)  
956 44(0.22)  167(0.69)  942(0.25)  
957 965(0.21)  1248(0.06)  400(0.47)  244(0.45)  1126(0.72)  891(0.02)  308(0.40)  
958 358(0.76)  761(0.92)  1523(0.05)  1527(0.17)  784(0.54)  
959 1264(0.10)  1547(0.27)  698(0.03)  542(0.29)  1424(0.23)  1481(0.59)  
960 1013(0.77)  723(0.35)  447(0.09)  
961 1029(0.65)  673(0.39)  596(1.00)  413(0.75)  
962 1289(0.05)  307(0.99)  551(0.09)  234(0.55)  1183(0.12)  1039(0.19)  
963 854(0.78)  444(0.55)  1259(0.96)  371(0.89)  748(0.20)  1176(0.24)  621(0.31)  
964 1338(0.84)  1355(0.12)  1305(0.91)  1455(0.03)  1005(0.26)  795(0.32)  
965 1378(0.16)  822(0.07)  1345(0.35)  
966 1225(0.27)  110(0.80)  753(0.79)  383(0.53)  
967 953(0.78)  
968 936(0.17)  1392(0.12)  
969 179(0.76)  940(0.02)  944(0.06)  202(0.63)  458(0.21)  834(0.74)  119(0.22)  
970 302(0.58)  158(0.61)  175(0.59)  125(0.45)  275(0.45)  
971 355(0.08)  1530(0.02)  1534(0.36)  
972 1264(0.75)  775(0.55)  1098(0.39)  1274(0.96)  
973 474(0.13)  424(0.66)  573(0.14)  
974 650(0.09)  307(0.49)  923(0.87)  634(0.78)  
975 324(0.25)  873(0.57)  783(0.80)  
976 132(0.03)  693(0.02)  1297(0.03)  315(0.74)  144(0.03)  1386(0.97)  
977 452(0.97)  856(0.15)  473(0.65)  63(0.67)  879(0.12)  1548(0.44)  1511(0.03)  
978 30(0.16)  1075(0.61)  1346(0.09)  
979 809(0.23)  587(0.93)  110(0.73)  
980 1094(0.71)  125(0.55)  
981 1161(0.40)  
982 1243(0.46)  1287(0.34)  12(0.11)  721(0.67)  565(0.86)  1447(0.12)  
983 420(0.11)  1035(0.07)  746(1.00)  470(0.17)  
984 985(0.16)  896(0.25)  20(0.04)  
985 1220(0.13)  1409(0.70)  
986 833(0.93)  184(0.47)  987(0.14)  550(0.39)  
987 467(0.15)  1282(0.68)  394(0.07)  770(0.87)  1199(0.06)  
988 652(0.30)  1534(0.69)  446(0.32)  1008(0.91)  53(0.27)  
989 1141(0.42)  1211(0.06)  
990 693(0.67)  
991 383(0.31)  1171(0.01)  1508(0.98)  1325(0.91)  316(0.11)  227(0.98)  
992 1117(0.13)  1333(0.47)  684(0.07)  1073(0.96)  1050(0.78)  
993 141(0.05)  730(0.17)  108(0.83)  830(0.40)  1367(0.47)  
994 528(0.50)  1104(0.08)  1347(0.59)  
995 345(0.05)  95(0.10)  
996 904(0.20)  388(0.69)  378(0.48)  1553(0.60)  
997 1006(0.96)  890(0.78)  1239(0.97)  191(0.55)  220(0.64)  
998 1428(0.31)  353(0.76)  
999 657(0.79)  380(0.36)  796(0.02)  1106(0.39)  687(0.39)  
1000 271(0.11)  367(0.76)  810(0.45)  1453(0.38)  1496(0.99)  221(0.06)  517(0.07)  361(0.45)  
1001 878(0.89)  496(0.67)  86(0.70)  
1002 229(0.07)  885(0.80)  63(0.96)  1384(0.20)  1267(0.78)  59(0.41)  
1003 1352(0.42)  1435(0.85)  1186(0.55)  376(0.19)  832(0.26)  609(0.45)  133(0.67)  
1004 358(0.33)  
1005 861(0.22)  185(0.87)  241(0.55)  1217(0.48)  1406(0.20)  424(0.62)  
1006 1473(0.87)  225(0.71)  1267(0.64)  1256(0.98)  874(0.93)  878(0.58)  
1007 1037(0.97)  
1008 941(0.39)  332(0.81)  189(0.82)  205(0.04)  155(0.18)  305(0.74)  1414(0.61)  
1009 1039(0.61)  1162(0.49)  380(0.68)  24(0.03)  1505(0.20)  1322(0.10)  313(0.15)  224(0.05)  
1010 304(0.92)  1053(0.50)  1509(0.67)  
1011 1280(0.94)  1242(0.16)  527(0.41)  1529(0.83)  
1012 702(0.62)  984(0.64)  136(0.84)  1538(0.81)  862(0.54)  918(0.17)  
1013 1155(0.57)  452(0.27)  589(0.84)  
1014 1269(0.77)  499(0.82)  836(0.20)  
1015 726(0.13)  
1016 376(0.03)  60(0.93)  
1017 670(0.79)  1152(0.15)  849(0.60)  932(0.74)  
1018 185(0.45)  1027(0.27)  58(0.44)  994(0.25)  158(0.56)  694(0.97)  1057(0.06)  
1019 831(0.48)  621(0.75)  837(0.99)  188(0.12)  991(0.11)  555(0.80)  1037(0.09)  
1020 22(0.32)  1490(0.94)  615(0.89)  1270(0.09)  448(0.65)  625(0.97)  
1021 756(0.79)  1239(0.18)  1349(0.75)  1432(0.42)  
1022 660(0.97)  1502(0.12)  947(0.43)  1469(0.79)  
1023 693(0.61)  1402(0.46)  1246(0.75)  
1024 1144(0.74)  495(0.93)  884(0.55)  861(0.21)  1343(0.29)  
1025 638(0.60)  
1026 1434(0.78)  
1027 498(0.96)  848(0.61)  1357(0.85)  242(0.08)  
1028 1226(0.08)  1442(0.53)  380(0.03)  1183(0.48)  1160(0.91)  84(0.70)  
1029 377(0.77)  
1030 414(0.11)  737(0.79)  913(0.21)  797(0.41)  1146(0.05)  
1031 678(0.23)  1481(0.31)  1045(0.54)  1527(0.95)  79(0.82)  163(0.93)  1471(0.41)  
1032 202(0.32)  938(0.70)  1115(0.61)  999(0.81)  1348(0.14)  1541(0.78)  
1033 753(0.32)  503(0.46)  1252(0.57)  149(0.03)  
1034 383(0.90)  1518(0.31)  83(0.00)  859(0.67)  90(0.70)  426(0.32)  243(0.13)  
1035 1452(0.08)  283(0.26)  260(0.91)  
1036 1179(0.35)  663(0.36)  1066(0.82)  270(0.34)  274(0.01)  1089(0.80)  1345(0.68)  
1037 266(0.22)  
1038 422(0.93)  625(0.36)  842(0.74)  1337(0.11)  582(0.79)  
1039 365(0.21)  1208(0.44)  239(0.60)  1174(1.00)  338(0.46)  875(0.94)  1237(0.67)  881(0.90)  
1040 735(0.17)  1218(0.29)  1328(0.97)  1411(0.20)  1161(0.06)  352(0.09)  
1041 1469(0.74)  1380(0.82)  504(0.83)  1159(0.84)  338(0.68)  
1042 1213(0.51)  
1043 69(0.25)  152(0.33)  1460(0.26)  651(0.93)  1107(0.82)  884(0.08)  408(0.42)  1423(0.03)  
1044 582(0.79)  1292(0.82)  
1045 304(0.48)  254(0.09)  
1046 104(0.70)  853(0.08)  1308(0.83)  
1047 666(0.88)  1042(0.71)  326(0.82)  
1048 873(0.38)  1222(0.12)  174(0.39)  617(0.08)  846(0.37)  
1049 750(0.41)  447(0.15)  
1050 72(0.77)  488(0.90)  798(0.71)  
1051 222(0.22)  39(0.70)  
1052 1048(0.62)  1091(0.50)  1374(0.59)  
1053 429(0.06)  219(0.62)  435(0.56)  1344(0.14)  589(0.96)  
1054 373(0.96)  802(0.75)  246(0.73)  768(0.33)  346(0.62)  469(0.66)  1245(0.10)  889(0.26)  
1055 354(0.46)  837(0.74)  947(0.46)  
1056 1063(0.64)  681(0.76)  271(0.06)  1086(0.64)  
1057 341(0.55)  851(0.30)  1294(0.63)  378(0.89)  8(0.89)  291(0.51)  1000(0.60)  844(0.29)  
1058 1362(0.37)  566(0.04)  570(0.94)  1385(0.25)  83(0.07)  
1059 493(0.26)  1202(0.30)  
1060 1455(0.13)  1405(0.42)  1555(0.76)  1106(0.12)  1310(0.17)  1526(0.53)  463(0.56)  
1061 7(0.48)  1489(0.85)  1305(0.91)  
1062 931(0.63)  255(0.26)  725(0.72)  143(0.19)  332(0.78)  908(0.91)  1151(0.99)  835(0.90)  
1063 1221(0.52)  186(0.23)  
1064 1022(0.02)  1199(0.30)  
1065 1315(0.17)  319(0.31)  922(0.22)  1498(0.11)  1328(0.87)  
1066 1359(0.84)  977(0.55)  567(0.46)  1382(0.27)  494(0.14)  
1067 199(0.89)  908(0.27)  752(0.70)  76(0.98)  132(0.29)  1108(0.65)  153(0.21)  315(0.66)  
1068 755(0.26)  40(0.82)  629(0.54)  
1069 839(0.81)  1348(0.36)  233(0.73)  
1070 96(0.17)  
1071 1465(0.35)  1442(0.97)  366(0.38)  63(0.79)  
1072 581(0.45)  957(0.92)  
1073 115(0.58)  797(0.39)  
1074 142(0.42)  1130(0.81)  454(0.65)  924(0.68)  341(0.66)  
1075 701(0.24)  572(0.82)  228(0.10)  844(0.04)  555(0.77)  278(0.34)  
1076 1435(0.74)  320(0.58)  963(0.45)  1006(0.88)  1289(0.50)  27(0.25)  1429(0.01)  
1077 577(0.39)  993(0.72)  1303(0.47)  
1078 727(0.28)  544(0.63)  1093(0.68)  
1079 1343(0.93)  1399(0.17)  816(0.74)  
1080 287(0.15)  770(0.98)  
1081 660(0.74)  797(0.13)  1213(0.90)  1109(0.25)  593(0.10)  997(0.14)  200(0.03)  
1082 1036(0.48)  
1083 1090(0.66)  1040(0.03)  1190(0.88)  740(0.35)  944(0.08)  1160(0.94)  
1084 557(0.33)  1493(0.35)  657(0.47)  1194(0.72)  1556(0.85)  1200(0.35)  1123(0.01)  940(0.81)  
1085 1258(0.41)  1341(0.45)  1092(0.67)  283(0.26)  1152(0.49)  516(0.76)  
1086 823(0.14)  1478(0.83)  
1087 1156(0.38)  480(0.99)  950(0.86)  1511(0.68)  556(0.18)  1133(1.00)  962(0.36)  
1088 881(0.36)  138(0.04)  808(0.51)  771(0.27)  55(0.22)  1058(0.05)  22(0.64)  
1089 525(0.12)  475(0.69)  625(0.05)  
1090 385(0.94)  456(0.18)  1072(0.55)  369(0.75)  506(0.43)  
1091 1034(0.40)  1211(0.35)  1094(0.32)  1444(0.68)  
1092 510(0.65)  61(0.11)  264(0.99)  
1093 859(0.37)  570(0.47)  
1094 847(0.54)  
1095 443(0.79)  260(0.20)  809(0.48)  
1096 1156(0.97)  68(0.24)  
1097 651(0.27)  441(0.22)  657(0.22)  8(0.21)  811(0.86)  374(0.30)  
1098 690(0.06)  1466(0.20)  1110(0.65)  1033(0.40)  
1099 832(0.56)  1435(0.45)  
1100 859(0.54)  210(0.14)  599(0.43)  576(0.76)  
1101 493(0.87)  1308(0.92)  517(0.97)  479(0.50)  1322(0.64)  
1102 1066(0.07)  390(0.12)  446(0.75)  1422(0.82)  467(0.20)  629(0.98)  
1103 242(0.22)  138(0.39)  1180(0.56)  26(0.66)  787(0.71)  791(0.74)  49(0.14)  
1104 831(0.47)  1074(0.48)  
1105 1487(0.45)  1465(0.75)  389(0.21)  86(0.18)  
1106 895(0.66)  1271(0.13)  556(0.12)  1144(0.22)  
1107 1022(0.40)  1304(0.73)  456(0.17)  1444(0.60)  768(0.85)  
1108 181(0.42)  1103(0.19)  626(0.61)  497(0.53)  154(0.63)  
1109 630(0.39)  1313(0.75)  410(0.17)  1243(0.43)  
1110 894(0.84)  911(0.32)  861(0.01)  1010(0.96)  
1111 794(0.52)  1210(0.05)  1520(0.08)  590(0.04)  
1112 709(0.65)  
1113 1478(0.57)  1108(0.32)  1391(0.59)  542(0.14)  386(0.45)  
1114 103(0.89)  559(0.99)  336(0.11)  1418(0.58)  875(0.66)  
1115 717(0.38)  1399(0.63)  910(0.65)  1233(0.39)  1410(0.66)  1293(0.15)  
1116 976(0.32)  673(0.60)  756(0.18)  115(0.98)  119(0.84)  935(0.05)  
1117 918(0.15)  1240(0.07)  1417(0.01)  1301(0.13)  92(0.80)  602(0.89)  631(0.16)  
1118 1311(0.24)  1181(0.31)  
1119 1111(0.33)  223(0.54)  
1120 1404(0.07)  1315(0.21)  439(0.06)  1094(0.67)  272(0.34)  
1121 857(0.09)  647(0.16)  863(0.87)  214(0.38)  603(0.11)  580(0.31)  1063(0.52)  
1122 145(0.69)  55(0.40)  738(0.96)  1393(0.04)  571(0.73)  334(0.35)  
1123 879(0.08)  1362(0.46)  1472(0.57)  1555(0.40)  1305(0.78)  
1124 1195(0.29)  413(0.61)  1202(0.18)  1538(0.38)  
1125 70(0.13)  259(0.82)  933(0.92)  1176(0.57)  
1126 906(0.61)  843(0.61)  300(0.18)  1515(0.21)  573(0.60)  284(0.80)  7(0.24)  423(0.91)  
1127 369(0.48)  558(0.81)  1134(0.29)  1378(0.13)  1061(0.03)  
1128 485(0.72)  209(0.68)  625(0.31)  934(0.82)  
1129 1414(0.35)  512(0.35)  1248(0.37)  1425(0.65)  
1130 915(0.50)  865(0.63)  1015(0.41)  566(0.23)  356(0.52)  
1131 1473(0.02)  730(0.77)  
1132 474(0.30)  1023(0.84)  934(0.86)  58(0.65)  
1133 1439(0.23)  830(0.14)  
1134 1070(0.14)  1181(0.38)  1264(0.12)  1014(0.10)  
1135 1237(0.41)  268(0.21)  1204(0.98)  
1136 987(0.02)  1430(0.70)  101(0.53)  
1137 934(0.36)  1083(0.01)  634(0.40)  838(0.31)  1054(0.59)  
1138 1503(0.51)  201(0.07)  578(0.64)  1420(0.28)  
1139 382(0.60)  425(0.30)  708(0.14)  1417(0.21)  848(0.82)  172(0.25)  642(0.20)  
1140 625(0.54)  109(0.65)  
1141 972(0.86)  190(0.04)  1392(0.41)  1316(0.41)  1132(0.05)  
1142 1488(0.60)  201(0.66)  217(0.60)  
1143 999(0.54)  523(0.72)  1538(0.45)  51(0.59)  667(0.74)  1522(0.75)  
1144 1136(0.46)  88(0.78)  531(0.08)  1173(0.59)  803(0.58)  
1145 483(0.25)  566(0.44)  316(0.69)  
1146 1365(0.48)  622(0.32)  878(0.76)  1255(0.52)  539(0.47)  1128(0.28)  506(0.18)  
1147 692(0.66)  642(0.79)  792(0.16)  343(0.28)  
1148 992(0.59)  1302(0.30)  786(0.16)  775(0.68)  
1149 1518(0.19)  137(0.76)  20(0.04)  370(0.43)  879(0.61)  617(0.20)  
1150 694(0.75)  1443(0.04)  754(0.41)  118(0.72)  1200(0.24)  
1151 841(0.98)  1390(0.61)  1301(0.05)  425(0.21)  1081(0.95)  259(0.44)  
1152 881(0.41)  858(0.64)  1340(0.39)  
1153 872(0.41)  1276(0.82)  
1154 101(0.63)  889(0.15)  1226(0.62)  1043(0.85)  34(0.28)  
1155 111(0.33)  128(0.05)  78(0.97)  227(0.89)  922(0.26)  1126(0.01)  1342(0.95)  
1156 691(0.46)  1479(0.09)  258(0.70)  75(0.57)  624(0.63)  121(0.17)  803(0.33)  314(0.86)  
1157 1431(0.18)  795(0.34)  732(0.30)  189(0.19)  
1158 479(0.50)  123(0.58)  
1159 297(0.29)  326(0.23)  969(0.25)  1012(0.92)  1295(0.10)  447(0.69)  1435(0.05)  
1160 486(0.47)  902(0.99)  1212(0.45)  696(0.61)  
1161 401(0.45)  1137(0.73)  1314(0.54)  1197(0.84)  1547(0.49)  85(0.93)  528(0.81)  
1162 1110(0.53)  
1163 1511(0.16)  581(0.64)  985(0.13)  602(0.82)  192(0.67)  1008(0.57)  
1164 1550(0.16)  49(0.78)  1024(1.00)  69(0.89)  
1165 94(0.33)  550(0.80)  327(0.81)  1409(0.76)  866(0.31)  
1166 42(0.94)  1096(0.08)  221(0.77)  1290(0.36)  54(0.73)  231(0.51)  
1167 1067(0.33)  1550(0.47)  1246(0.45)  1329(0.04)  788(0.55)  1537(0.44)  
1168 1387(0.22)  1298(0.74)  422(0.60)  1491(0.37)  256(0.05)  
1169 1229(0.67)  1019(0.51)  
1170 123(0.00)  1204(0.15)  1075(0.37)  732(0.78)  
1171 1009(0.78)  932(0.71)  749(0.13)  1298(1.00)  1208(0.43)  333(0.70)  988(0.00)  
1172 1455(0.41)  1538(0.72)  1289(0.19)  480(0.47)  935(0.07)  713(0.49)  236(0.92)  
1173 461(0.14)  
1174 964(0.26)  288(0.57)  344(0.93)  1320(0.35)  365(0.16)  528(0.04)  
1175 529(0.68)  425(0.50)  
1176 941(0.46)  1477(0.70)  
1177 702(0.70)  1051(0.07)  3(0.56)  446(0.57)  675(0.78)  
1178 287(0.84)  1542(0.72)  67(0.52)  1375(0.45)  566(0.36)  1436(0.96)  799(0.71)  
1179 903(0.37)  1253(0.95)  204(0.86)  234(0.97)  876(0.15)  920(0.68)  
1180 468(0.13)  1389(0.87)  913(0.00)  784(0.38)  441(0.14)  1057(0.88)  
1181 1202(0.52)  1551(0.70)  89(0.49)  532(0.43)  1175(0.08)  1219(0.09)  1502(0.98)  
1182 1258(0.72)  555(0.09)  692(0.41)  1108(0.28)  
1183 1216(0.28)  340(0.46)  995(0.24)  174(0.11)  1495(0.66)  1378(0.89)  170(0.05)  
1184 554(0.47)  
1185 991(0.64)  1407(0.36)  1303(0.76)  787(0.29)  1191(0.97)  
1186 881(0.70)  1324(0.62)  1553(0.62)  
1187 1137(0.41)  1384(0.97)  934(0.27)  1138(0.06)  1355(0.14)  292(0.71)  
1188 129(0.87)  851(0.45)  1388(0.50)  192(0.46)  
1189 102(0.65)  572(0.16)  1547(0.38)  179(0.99)  
1190 495(0.90)  1364(0.66)  728(0.83)  252(0.09)  123(0.31)  1337(0.67)  395(0.19)  
1191 902(0.11)  946(0.84)  
1192 249(0.37)  519(0.12)  536(0.73)  486(0.90)  636(0.97)  
1193 619(0.25)  236(0.89)  
1194 1499(0.20)  278(0.21)  95(0.44)  644(0.09)  
1195 1133(0.05)  1376(0.96)  1060(0.93)  451(0.97)  721(0.81)  
1196 1134(0.86)  1030(0.27)  514(0.26)  918(0.32)  
1197 1247(0.27)  1423(0.94)  1307(0.87)  98(0.59)  608(0.71)  
1198 433(0.56)  410(0.51)  893(0.63)  589(0.45)  672(0.16)  423(0.51)  
1199 473(0.48)  1022(0.79)  932(0.94)  57(0.43)  
1200 391(0.55)  1339(0.19)  1196(0.47)  1213(0.54)  
1201 104(0.14)  1373(0.21)  1096(0.19)  1512(0.80)  264(0.52)  1306(0.12)  
1202 266(0.20)  549(0.96)  
1203 1398(0.57)  1414(0.72)  1364(0.46)  1514(0.81)  1065(0.73)  855(0.89)  
1204 1534(0.62)  979(0.66)  1501(0.42)  1079(0.27)  
1205 1434(0.02)  1278(0.57)  602(0.16)  659(0.39)  
1206 205(0.40)  1513(0.11)  
1207 351(0.84)  1393(0.48)  238(0.46)  
1208 554(0.89)  
1209 977(0.21)  1486(0.36)  371(0.12)  600(0.19)  
1210 402(0.14)  897(0.49)  
1211 508(0.55)  165(0.92)  781(0.77)  491(0.84)  215(0.11)  631(0.95)  
1212 256(0.46)  899(0.67)  
1213 1269(0.32)  
1214 1531(0.11)  190(0.69)  
1215 936(0.12)  807(0.41)  464(0.77)  1079(0.42)  790(0.03)  514(0.94)  930(0.40)  
1216 553(0.03)  397(0.10)  
1217 782(0.40)  932(0.14)  482(0.28)  272(0.38)  489(0.56)  
1218 938(0.87)  50(0.49)  
1219 1231(0.39)  1142(0.48)  266(0.20)  921(0.19)  
1220 1135(0.63)  1405(0.08)  
1221 1388(0.04)  1472(0.96)  1222(0.35)  413(0.05)  869(0.59)  646(0.49)  170(0.69)  
1222 394(0.66)  
1223 897(0.73)  221(0.16)  278(0.09)  1253(0.23)  1443(0.35)  461(0.21)  
1224 48(0.79)  358(0.30)  1400(0.99)  1390(0.54)  1007(1.00)  1011(0.48)  
1225 1074(0.87)  
1226 1080(0.15)  470(0.49)  327(0.83)  343(0.60)  293(0.24)  443(0.32)  1552(0.92)  
1227 8(0.13)  131(0.24)  906(0.33)  
1228 1343(0.28)  68(0.23)  364(0.59)  207(0.03)  1089(0.89)  1(0.79)  563(0.07)  
1229 322(0.07)  725(0.22)  343(0.13)  1491(0.44)  748(0.73)  1418(0.23)  1381(0.81)  
1230 1555(0.78)  945(0.06)  
1231 1089(0.73)  1199(0.95)  1282(0.44)  1032(0.54)  
1232 946(0.23)  
1233 956(0.69)  773(0.64)  1322(0.96)  819(0.05)  
1234 496(0.12)  180(0.87)  
1235 887(0.22)  1369(0.29)  1066(0.43)  1149(0.05)  899(0.04)  
1236 1203(0.10)  7(0.93)  1209(0.81)  1132(0.84)  
1237 1344(0.57)  1534(0.98)  552(0.92)  
1238 1267(0.65)  1350(0.23)  1101(0.09)  292(0.70)  1161(0.74)  525(0.41)  
1239 832(0.60)  1487(0.45)  
1240 1165(0.75)  489(0.16)  959(0.59)  1520(0.46)  566(0.84)  1142(0.16)  971(0.41)  
1241 890(0.78)  147(0.45)  817(0.85)  780(0.89)  64(0.93)  1067(0.27)  31(0.71)  
1242 534(0.29)  484(0.29)  634(0.91)  
1243 394(0.66)  465(0.12)  1081(0.12)  378(0.99)  515(0.90)  
1244 1043(0.54)  1220(0.24)  1104(0.28)  1453(0.20)  
1245 519(0.48)  70(0.60)  273(0.89)  
1246 869(0.49)  579(0.18)  
1247 856(0.09)  
1248 453(0.27)  269(0.69)  819(0.19)  
1249 1165(0.10)  77(0.46)  
1250 660(0.59)  450(0.90)  666(0.82)  17(0.67)  820(0.66)  383(0.68)  
1251 699(0.97)  1475(0.16)  1119(0.51)  1043(0.80)  
1252 841(0.95)  1444(0.94)  
1253 868(0.31)  219(0.77)  608(0.24)  585(0.91)  
1254 599(0.52)  1414(0.49)  526(0.17)  489(0.54)  1331(0.04)  775(0.21)  
1255 638(0.32)  590(0.45)  274(0.98)  
1256 1310(0.35)  
1257 401(0.67)  1256(0.79)  1393(0.74)  251(0.57)  147(0.60)  1189(0.48)  35(0.85)  
1258 754(0.86)  172(0.70)  361(0.30)  937(0.92)  
1259 1547(0.62)  910(0.60)  848(0.71)  305(0.49)  
1260 303(0.33)  1505(0.91)  1428(0.35)  1245(0.87)  236(0.52)  147(0.30)  829(0.41)  340(0.29)  
1261 287(0.50)  1209(0.45)  733(0.71)  603(0.34)  260(0.51)  
1262 445(0.74)  1128(0.02)  225(0.58)  
1263 861(0.74)  1438(0.98)  
1264 1291(0.77)  122(0.40)  99(0.90)  
1265 1335(0.27)  405(0.81)  809(0.68)  426(0.92)  16(0.95)  832(0.04)  
1266 1083(0.53)  1139(0.63)  
1267 164(0.84)  368(0.76)  584(0.36)  1493(0.18)  324(0.84)  301(0.28)  
1268 617(0.14)  
1269 45(0.56)  1114(0.17)  1436(0.14)  55(0.77)  1497(0.01)  
1270 1174(0.37)  111(0.98)  914(0.97)  891(0.36)  1374(0.92)  
1271 280(0.47)  1216(0.71)  379(0.54)  916(0.61)  1278(0.75)  922(0.09)  845(0.70)  
1272 962(0.02)  313(0.76)  1116(0.91)  679(0.99)  
1273 693(0.64)  1508(0.93)  620(0.51)  996(0.97)  1425(0.70)  870(0.29)  
1274 1146(0.50)  976(0.48)  660(0.31)  50(0.68)  
1275 1367(0.63)  1437(0.82)  495(0.18)  
1276 1171(0.26)  
1277 356(0.01)  1038(0.76)  135(0.90)  
1278 869(0.94)  1031(0.87)  
1279 1202(0.28)  33(0.80)  
1280 469(0.20)  1085(0.44)  382(0.59)  
1281 326(0.18)  1102(0.36)  332(0.44)  669(0.18)  486(0.06)  1035(0.84)  532(0.34)  
1282 717(0.81)  413(0.80)  
1283 427(0.03)  843(0.02)  1153(0.14)  637(0.04)  
1284 1047(0.77)  1369(0.92)  1546(0.32)  1430(0.14)  221(0.45)  731(0.61)  760(0.42)  1403(1.00)  
1285 629(0.40)  1045(0.61)  1355(0.46)  839(0.21)  829(0.28)  
1286 616(0.15)  1059(0.29)  144(0.16)  
1287 1285(0.69)  1435(0.53)  986(0.57)  776(0.89)  992(0.65)  343(0.43)  732(0.77)  
1288 1077(0.01)  894(0.82)  1444(0.94)  1354(0.77)  
1289 618(0.87)  302(0.17)  1250(0.45)  
1290 528(0.99)  984(0.62)  761(0.84)  285(0.51)  1397(0.12)  1468(0.07)  525(0.88)  
1291 521(0.36)  565(0.32)  
1292 1549(0.74)  1405(0.83)  1422(0.02)  1372(0.73)  
1293 24(0.27)  1306(0.76)  
1294 890(0.41)  268(0.13)  
1295 690(0.84)  867(0.19)  750(0.85)  
1296 1190(0.59)  581(0.20)  437(0.56)  454(0.75)  404(0.93)  554(0.14)  105(0.08)  1453(0.25)  
1297 13(0.05)  562(0.57)  
1298 1066(0.10)  1348(0.98)  86(0.04)  1488(0.47)  812(0.13)  1282(0.47)  
1299 1105(0.33)  402(0.57)  636(0.30)  
1300 1219(0.66)  449(0.22)  786(0.44)  
1301 676(0.90)  520(0.05)  1402(0.35)  1458(0.80)  876(0.46)  1479(0.29)  83(0.77)  326(0.19)  
1302 977(0.75)  8(0.90)  
1303 1044(0.88)  1367(0.88)  1543(0.76)  1427(0.46)  218(0.17)  728(0.87)  1171(0.13)  1400(0.06)  
1304 1014(0.88)  1430(0.96)  182(0.83)  1224(0.19)  1214(0.14)  831(0.45)  835(0.42)  
1305 7(0.09)  584(0.26)  827(0.98)  511(0.95)  1459(0.56)  1316(0.78)  1332(0.62)  
1306 1453(0.73)  897(0.66)  1419(0.66)  997(0.49)  1120(0.21)  338(0.31)  
1307 57(0.16)  73(0.80)  23(0.46)  173(0.74)  1282(0.88)  1072(0.20)  1288(0.63)  
1308 539(0.87)  1328(0.39)  107(0.58)  1481(0.44)  570(0.29)  480(0.15)  1163(0.68)  
1309 229(0.20)  339(0.04)  422(0.30)  172(0.12)  921(0.00)  1377(0.70)  1154(0.27)  
1310 941(0.88)  1291(0.20)  242(0.40)  685(0.02)  914(0.27)  958(0.17)  
1311 409(0.05)  1330(0.30)  1268(0.37)  725(0.34)  382(0.94)  998(0.15)  
1312 1143(0.46)  1493(0.97)  444(0.02)  473(0.45)  1116(0.46)  1160(0.60)  1443(0.65)  
1313 1296(0.40)  1007(0.62)  731(0.51)  1147(0.20)  
1314 1157(0.23)  281(0.59)  937(0.75)  115(0.08)  292(0.82)  175(0.79)  525(0.30)  
1315 495(0.91)  
1316 932(0.12)  1348(0.73)  100(0.89)  728(0.05)  1132(0.99)  
1317 822(0.93)  1362(0.95)  
1318 719(0.88)  403(0.17)  1352(0.55)  
1319 630(0.61)  1086(0.90)  863(0.80)  387(0.34)  1402(0.22)  1472(0.41)  530(0.42)  
1320 235(0.71)  
1321 1470(0.63)  102(0.23)  678(0.71)  
1322 1393(0.60)  1477(0.19)  
1323 168(0.76)  575(0.08)  59(0.52)  49(0.81)  1224(0.87)  1228(0.62)  486(0.87)  
1324 1268(0.78)  1511(0.06)  1195(0.64)  585(0.68)  
1325 344(0.04)  1559(0.41)  617(0.69)  
1326 1293(0.13)  1416(0.15)  
1327 1053(0.86)  1403(0.59)  1499(0.10)  384(0.49)  1026(0.76)  1070(0.82)  
1328 204(0.50)  1540(0.46)  1063(0.14)  520(0.35)  591(0.77)  1207(0.02)  504(0.46)  
1329 937(0.61)  1220(0.88)  371(0.19)  215(0.35)  1097(0.53)  1153(0.33)  571(0.83)  
1330 718(0.70)  1121(0.88)  325(0.49)  329(0.04)  1144(0.98)  1400(0.61)  218(0.76)  
1331 295(0.75)  1244(0.22)  1100(0.25)  1117(0.03)  
1332 1275(0.88)  986(0.53)  709(0.80)  1125(0.25)  
1333 1136(0.58)  260(0.76)  1329(0.33)  94(0.57)  270(0.48)  154(0.87)  503(0.53)  
1334 1276(0.44)  640(0.42)  164(0.45)  
1335 1439(0.45)  883(0.37)  1406(0.99)  983(0.68)  1106(0.88)  324(0.25)  
1336 43(0.98)  60(0.49)  10(0.90)  159(0.26)  1268(0.19)  1058(0.97)  1274(0.91)  
1337 623(0.18)  1411(0.32)  190(0.01)  7(0.35)  556(0.29)  467(0.19)  1149(0.27)  
1338 506(0.64)  
1339 664(0.86)  121(0.35)  192(0.84)  808(0.83)  105(0.71)  242(0.13)  
1340 132(0.83)  575(0.27)  804(0.03)  847(0.14)  1130(0.72)  281(0.15)  
1341 1254(0.56)  711(0.81)  368(0.90)  984(0.77)  695(0.40)  418(0.02)  834(0.06)  
1342 580(0.18)  10(0.46)  892(0.49)  1362(0.99)  780(0.91)  969(0.01)  1545(0.69)  
1343 437(0.39)  27(0.92)  842(0.29)  1512(0.32)  331(0.63)  
1344 756(0.52)  600(0.02)  1482(0.09)  
1345 334(0.02)  723(0.41)  700(0.84)  1183(0.06)  1293(0.11)  
1346 1025(0.41)  602(0.06)  725(0.69)  
1347 336(0.59)  1524(0.09)  249(0.77)  958(0.97)  802(0.08)  126(0.17)  182(0.60)  
1348 845(0.36)  1221(0.51)  506(0.82)  1094(0.27)  
1349 680(0.22)  963(0.17)  115(0.10)  1517(0.00)  
1350 638(0.10)  334(0.55)  
1351 251(0.00)  667(0.44)  977(0.08)  
1352 401(0.86)  218(0.61)  767(0.05)  
1353 726(0.17)  1196(0.94)  613(0.32)  802(0.10)  1379(0.71)  64(0.29)  1306(0.05)  
1354 676(0.29)  1345(0.50)  164(0.81)  592(0.06)  37(0.70)  559(0.46)  137(0.84)  
1355 1110(0.80)  1259(0.46)  810(0.42)  600(0.96)  816(0.10)  167(0.45)  
1356 858(0.83)  436(0.54)  558(0.98)  
1357 169(0.73)  1357(0.97)  82(0.02)  791(0.98)  635(0.90)  1517(0.57)  
1358 1292(0.69)  350(0.29)  1205(0.65)  1342(0.47)  200(0.65)  96(0.61)  
1359 346(0.56)  389(0.60)  
1360 1373(0.33)  1230(0.64)  1246(0.95)  
1361 470(0.03)  408(0.45)  1423(0.62)  1080(0.18)  137(0.72)  1406(0.28)  
1362 1021(0.64)  1530(0.63)  2(0.23)  644(0.47)  
1363 1493(0.36)  844(0.12)  89(0.26)  1210(0.96)  135(0.23)  245(0.95)  328(0.09)  
1364 979(0.68)  76(0.96)  
1365 729(0.46)  53(0.09)  523(0.36)  1085(0.88)  130(0.34)  
1366 1315(0.12)  1386(0.77)  
1367 770(0.16)  
1368 460(0.15)  1249(0.78)  28(0.61)  1403(0.19)  394(0.24)  304(0.99)  987(0.01)  
1369 53(0.62)  163(0.23)  246(0.74)  1554(0.12)  745(0.82)  1201(0.39)  
1370 189(0.25)  872(0.23)  383(0.09)  705(0.84)  
1371 356(0.63)  372(0.44)  322(0.07)  
1372 801(0.21)  258(0.01)  1473(0.02)  530(0.50)  241(0.65)  
1373 584(0.38)  907(0.95)  1084(0.56)  967(0.12)  1317(0.45)  268(0.71)  
1374 721(0.92)  471(0.92)  1220(0.62)  532(0.31)  
1375 661(0.80)  238(0.04)  
1376 1382(0.92)  1266(0.84)  57(0.02)  153(0.29)  596(0.33)  1239(0.15)  
1377 1422(0.65)  320(0.48)  97(0.51)  1179(0.05)  
1378 660(0.31)  1436(0.00)  666(0.06)  
1379 184(0.50)  893(0.93)  737(0.77)  61(0.67)  117(0.64)  1093(0.46)  138(0.21)  300(0.01)  
1380 352(0.87)  1194(0.60)  225(0.44)  1161(0.26)  325(0.32)  862(0.39)  80(0.48)  868(0.81)  
1381 1136(0.02)  60(0.42)  1315(0.97)  1398(0.94)  1148(0.75)  339(0.90)  
1382 1243(0.77)  1154(0.74)  278(0.88)  1347(0.97)  
1383 3(0.10)  1417(0.92)  1434(0.01)  1384(0.17)  
1384 36(0.38)  1318(0.83)  
1385 610(1.00)  1133(0.30)  710(0.62)  833(0.38)  51(0.03)  1253(0.24)  
1386 78(0.68)  
1387 1130(0.08)  1107(0.69)  31(0.80)  142(0.34)  
1388 951(0.22)  913(0.65)  
1389 485(0.34)  1167(0.72)  264(0.56)  1001(0.60)  
1390 360(0.89)  
1391 942(0.55)  
1392 926(0.79)  1381(0.89)  
1393 460(0.81)  
1394 988(0.83)  366(0.41)  1088(0.44)  
1395 690(0.71)  919(0.25)  
1396 1289(0.85)  
1397 407(0.42)  623(0.82)  
1398 1272(0.94)  730(0.76)  386(0.06)  1002(0.92)  713(0.97)  436(0.90)  852(0.54)  
1399 404(0.15)  1392(0.33)  716(0.16)  1283(0.15)  701(0.21)  890(0.92)  1467(0.63)  
1400 67(0.09)  1215(0.81)  472(0.75)  
1401 456(0.19)  1192(0.24)  1369(0.19)  1252(0.76)  44(0.12)  139(0.90)  582(0.27)  
1402 1262(0.38)  719(0.11)  
1403 1062(0.76)  174(0.77)  
1404 1064(0.26)  975(0.02)  99(0.03)  
1405 788(0.51)  1391(0.01)  1553(0.81)  239(0.30)  1480(0.15)  871(0.75)  1141(0.89)  
1406 435(0.70)  
1407 951(0.13)  1288(0.30)  
1408 1471(0.49)  142(0.48)  186(0.07)  469(0.98)  1178(0.39)  1022(0.61)  
1409 1220(0.34)  876(0.14)  
1410 261(0.78)  
1411 1509(0.87)  1153(0.96)  1076(0.75)  893(0.02)  1442(0.29)  1353(0.60)  
1412 1073(0.38)  1290(0.16)  641(0.99)  1444(0.03)  1007(0.65)  1489(0.58)  42(0.47)  
1413 93(0.94)  776(0.51)  
1414 1265(0.97)  1109(0.34)  433(0.58)  903(0.58)  1464(0.57)  
1415 582(0.65)  40(0.63)  110(0.98)  726(0.42)  23(0.91)  160(0.01)  
1416 1220(0.98)  105(0.22)  747(0.39)  377(0.48)  
1417 947(0.35)  
1418 930(0.27)  1386(0.71)  
1419 464(0.25)  
1420 1090(0.85)  468(0.80)  1190(0.06)  
1421 695(0.93)  924(0.35)  
1422 1294(0.08)  
1423 412(0.15)  628(0.74)  
1424 986(0.11)  443(0.42)  100(0.94)  715(0.90)  426(0.63)  150(0.40)  
1425 453(0.48)  482(0.99)  1125(0.81)  1169(0.59)  1452(0.97)  603(0.81)  33(0.72)  915(0.08)  
1426 557(0.49)  147(0.51)  962(0.20)  74(0.11)  450(0.64)  
1427 488(0.46)  332(0.49)  
1428 1008(0.61)  1158(0.16)  708(0.57)  498(0.81)  715(0.00)  66(0.60)  
1429 1145(0.56)  722(0.16)  845(0.35)  63(0.07)  
1430 246(0.05)  302(0.89)  1278(0.81)  323(0.13)  485(0.12)  
1431 1190(0.62)  248(0.77)  1103(0.74)  1240(0.44)  98(0.94)  1552(0.24)  
1432 244(0.66)  
1433 78(0.98)  95(0.66)  
1434 145(0.31)  
1435 1486(0.11)  544(0.62)  
1436 1344(0.19)  629(0.05)  1217(0.64)  595(0.26)  1317(0.23)  
1437 728(0.37)  918(0.88)  1494(0.13)  179(0.26)  1421(0.74)  812(0.82)  668(0.45)  
1438 1546(0.02)  416(0.50)  1419(0.52)  383(0.88)  1519(0.26)  84(0.22)  
1439 697(0.50)  967(0.35)  984(0.89)  934(0.93)  1083(0.02)  634(0.66)  424(0.20)  
1440 674(0.80)  1450(0.37)  680(0.20)  
1441 1464(0.91)  615(0.89)  459(0.77)  1341(0.89)  1398(0.45)  815(0.02)  
1442 932(0.08)  
1443 476(0.78)  1291(0.04)  1547(0.38)  
1444 136(0.15)  313(0.36)  197(0.51)  546(0.16)  1056(0.52)  1499(0.05)  170(0.79)  
1445 1247(0.39)  904(0.64)  1520(0.96)  
1446 638(0.40)  1174(0.42)  1536(0.63)  1180(0.76)  1104(0.34)  920(0.74)  1470(0.63)  1380(0.73)  
1447 1461(0.46)  651(0.24)  
1448 196(0.96)  185(0.31)  1361(0.96)  951(0.95)  
1449 988(0.19)  1338(0.59)  1434(0.35)  319(0.18)  961(0.61)  1005(0.36)  
1450 1309(0.66)  1086(0.82)  610(0.50)  67(0.70)  138(0.51)  
1451 711(0.28)  1393(0.05)  491(0.31)  1227(0.49)  990(0.84)  
1452 334(0.64)  551(0.22)  
1453 909(0.42)  366(0.84)  436(0.96)  1052(0.55)  349(0.96)  486(0.25)  902(0.99)  
1454 526(0.94)  370(0.30)  1349(0.12)  1405(0.24)  823(0.98)  1012(0.31)  30(0.64)  
1455 479(0.52)  483(0.15)  1299(0.28)  1555(0.35)  373(0.72)  
1456 825(0.49)  255(0.77)  
1457 931(0.44)  1080(0.49)  631(0.57)  421(0.09)  637(0.97)  
1458 1184(0.18)  296(0.04)  672(0.08)  
1459 522(0.35)  406(0.64)  755(0.27)  
1460 1284(0.65)  1554(0.13)  13(0.75)  
1461 504(0.76)  27(0.64)  1042(0.01)  1113(0.63)  
1462 976(0.93)  1313(0.43)  
1463 1496(0.73)  580(0.97)  210(0.26)  493(0.36)  1202(0.13)  1046(0.41)  
1464 74(0.88)  145(0.17)  761(0.74)  58(0.74)  
1465 162(0.83)  711(0.02)  208(0.03)  
1466 725(0.91)  143(0.70)  332(0.45)  908(0.31)  
1467 1518(0.21)  881(0.40)  819(0.47)  276(0.26)  
1468 662(0.92)  307(0.34)  
1469 384(0.23)  413(0.03)  1055(0.26)  1099(0.46)  1382(0.29)  533(0.75)  1521(0.39)  
1470 573(0.11)  989(0.26)  1299(0.52)  783(0.11)  773(0.15)  
1471 1420(0.62)  305(0.73)  948(0.35)  991(0.91)  1274(0.08)  12(0.90)  1414(0.21)  
1472 465(0.41)  881(0.17)  
1473 280(0.21)  1416(0.03)  1538(0.57)  756(0.95)  1545(0.02)  324(0.40)  140(0.73)  
1474 1349(0.82)  180(0.98)  254(0.25)  
1475 1076(0.28)  560(0.89)  963(0.47)  167(0.19)  171(0.02)  986(0.17)  
1476 1529(0.24)  28(0.92)  1003(0.27)  901(0.79)  
1477 1217(0.73)  529(0.36)  1450(0.58)  
1478 262(0.02)  1105(0.36)  136(0.10)  1072(0.40)  235(0.17)  772(0.96)  1134(0.40)  
1479 909(0.13)  699(0.59)  915(0.43)  266(0.29)  1069(0.26)  632(0.02)  1115(0.34)  
1480 1366(0.57)  1277(0.59)  401(0.02)  1056(0.62)  235(0.65)  
1481 1110(0.93)  
1482 1427(0.02)  1510(0.90)  1260(0.38)  451(0.81)  907(0.45)  684(0.42)  208(0.39)  
1483 821(0.50)  1330(0.75)  215(0.32)  
1484 492(0.88)  442(0.55)  592(0.63)  
1485 1522(0.24)  34(0.61)  650(0.00)  
1486 912(0.87)  1449(0.09)  
1487 673(0.21)  1022(0.50)  1532(0.98)  417(0.20)  646(0.10)  
1488 647(0.40)  344(0.50)  
1489 260(0.99)  676(0.00)  986(0.05)  
1490 410(0.53)  227(0.76)  776(0.20)  
1491 735(0.67)  1205(0.97)  622(0.88)  812(0.76)  1388(0.98)  73(0.08)  1315(0.74)  
1492 685(0.49)  1354(0.29)  173(0.91)  602(0.12)  46(0.35)  568(0.59)  146(0.52)  
1493 1119(0.85)  1268(0.94)  819(0.55)  609(0.34)  825(0.22)  176(0.18)  
1494 867(0.64)  445(0.31)  567(0.59)  
1495 178(0.98)  1366(0.45)  91(0.04)  800(0.52)  644(0.56)  1526(0.24)  
1496 1301(0.35)  359(0.52)  1214(0.30)  1351(0.27)  209(0.60)  105(0.96)  1147(0.54)  
1497 267(0.64)  323(0.86)  1299(0.85)  1488(0.62)  506(0.98)  
1498 1186(0.78)  244(0.24)  1512(0.18)  1236(0.39)  94(0.95)  404(0.04)  1446(0.64)  1436(0.03)  1340(0.11)  1024(0.00)  414(0.80)  271(0.45)  287(0.04)  237(0.03)  
1499 102(0.85)  772(0.27)  1148(0.92)  19(0.76)  1022(0.08)  
1500 742(0.16)  1212(0.31)  216(0.91)  819(0.01)  1395(0.98)  1225(0.09)  909(0.71)  
1501 692(0.70)  1362(0.16)  1325(0.77)  609(0.42)  54(0.41)  576(0.35)  153(0.38)  
1502 738(0.71)  888(0.03)  25(0.77)  228(0.70)  445(0.58)  
1503 991(0.24)  1247(0.76)  
1504 1284(0.03)  781(0.05)  1463(0.15)  974(0.19)  
1505 1091(0.57)  947(0.23)  639(0.72)  723(0.79)  473(0.98)  1222(0.67)  533(0.99)  
1506 783(0.71)  706(0.59)  523(0.33)  1072(0.79)  983(0.82)  107(0.01)  
1507 434(0.13)  1343(0.58)  
1508 954(0.84)  611(0.58)  1227(0.29)  937(0.43)  661(0.53)  1077(0.45)  
1509 1091(0.43)  175(0.59)  219(0.81)  502(0.81)  
1510 473(0.75)  
1511 523(0.05)  
1512 960(0.87)  1376(0.44)  128(0.39)  756(0.66)  1159(0.15)  
1513 849(1.00)  1292(0.50)  377(0.47)  
1514 58(0.14)  
1515 1040(0.93)  1523(0.35)  75(0.25)  158(0.02)  1466(0.52)  657(0.44)  
1516 508(0.34)  4(0.19)  395(0.61)  1464(0.21)  229(0.97)  406(0.69)  289(0.66)  639(0.85)  
1517 1288(0.17)  
1518 1537(0.15)  1154(0.76)  1159(0.26)  416(0.57)  672(0.29)  1048(0.40)  333(0.33)  921(0.23)  
1519 137(0.99)  1485(0.64)  143(0.20)  1052(0.19)  
1520 278(0.63)  1453(0.01)  
1521 305(0.21)  228(0.98)  45(0.80)  594(0.76)  
1522 1497(0.32)  1326(0.39)  1010(0.96)  401(0.58)  671(0.20)  
1523 1084(0.80)  1394(0.69)  465(0.36)  868(0.80)  
1524 53(0.16)  1374(0.65)  1257(0.10)  49(0.65)  558(0.24)  
1525 109(0.73)  87(0.75)  569(0.50)  679(0.97)  763(0.36)  513(0.86)  1262(0.79)  
1526 1222(0.03)  1398(0.22)  1282(0.50)  73(0.74)  583(0.39)  
1527 700(0.23)  677(0.15)  1159(0.57)  856(0.49)  939(0.21)  689(0.58)  1438(0.04)  749(0.98)  
1528 814(0.94)  1457(0.67)  1500(0.17)  225(0.18)  934(0.21)  
1529 988(0.80)  179(0.66)  1048(0.51)  412(0.83)  1493(0.02)  1364(0.30)  1021(0.90)  
1530 1404(0.31)  489(0.40)  532(0.48)  815(0.58)  1111(0.49)  
1531 1190(0.24)  380(0.70)  836(0.36)  613(0.30)  137(0.46)  1152(0.63)  1223(0.22)  
1532 145(0.30)  787(0.26)  417(0.61)  700(0.19)  1410(0.50)  1253(0.51)  577(0.72)  
1533 721(0.23)  617(0.99)  
1534 842(0.64)  1378(0.12)  
1535 602(0.00)  952(0.23)  1461(0.55)  346(0.85)  
1536 64(0.07)  280(0.23)  775(0.15)  20(0.57)  94(0.74)  577(0.34)  273(0.34)  
1537 616(0.54)  1007(0.72)  518(0.58)  841(0.91)  
1538 491(0.43)  508(0.58)  458(0.11)  608(0.68)  
1539 392(0.26)  808(0.81)  1117(0.65)  602(0.19)  
1540 695(0.43)  
1541 1464(0.08)  1508(0.49)  233(0.02)  528(0.33)  372(0.86)  
1542 89(0.04)  545(0.09)  322(0.78)  1404(0.22)  861(0.44)  
1543 1206(0.65)  1117(0.30)  241(0.56)  896(0.51)  
1544 1013(0.69)  
1545 568(0.78)  1477(0.68)  308(0.84)  
1546 1211(0.21)  1107(0.12)  591(0.31)  995(0.46)  198(0.43)  
1547 1225(0.12)  1454(0.54)  1497(0.35)  222(0.45)  932(0.57)  
1548 888(0.51)  79(0.59)  948(0.77)  312(0.72)  249(0.07)  1264(0.99)  
1549 64(0.36)  241(0.89)  124(0.25)  474(0.46)  983(0.37)  1013(0.95)  97(0.39)  
1550 5(0.53)  1220(0.09)  
1551 604(0.67)  981(0.53)  1409(0.17)  854(0.41)  1376(0.41)  954(0.20)  1077(0.79)  294(0.31)  
1552 985(0.20)  962(0.06)  1445(0.50)  1555(0.74)  
1553 806(0.81)  769(0.85)  
1554 340(0.47)  1022(0.91)  120(0.96)  
1555 853(0.21)  1015(0.13)  
1556 1186(0.00)  17(0.51)  
1557 454(0.31)  1069(0.29)  366(0.32)  
1558 19(0.01)  795(0.83)  25(0.85)  362(0.83)  179(0.81)  728(0.07)  
1559 59(0.30)  262(0.64)  479(0.43)  
1560 665(0.86)  389(0.86)  805(0.92)  1115(0.02)  599(0.82)  
1561 183(0.74)  692(0.43)  721(0.95)  1364(0.01)  1408(0.57)  133(0.53)  842(0.93)  
1562 867(0.44)  590(0.94)  1006(0.97)  1316(0.54)  800(0.94)  790(0.49)  
1563 431(0.55)  727(0.13)  
1564 1297(0.85)  1247(0.94)  1397(0.23)  947(0.66)  737(0.72)  954(0.13)  305(0.40)  
1565 993(0.44)  1330(0.52)  
1566 1222(0.95)  307(0.88)  1494(0.21)  219(0.43)  
1567 895(0.02)  872(0.35)  1355(0.32)  
1568 1178(0.80)  24(0.73)  
1569 504(0.99)  1292(0.64)  71(0.30)  1446(0.18)  437(0.89)  1492(0.96)  616(0.36)  
1570 387(0.62)  83(0.46)  167(0.63)  1475(0.65)  666(0.79)  1244(0.43)  608(0.52)  545(0.44)  
1571 728(0.77)  1011(0.20)  162(0.19)  1150(0.56)  
1572 272(0.80)  382(0.34)  465(0.70)  216(0.58)  965(0.72)  276(0.52)  1198(0.40)  
1573 1302(0.04)  93(0.74)  189(0.10)  632(0.58)  1275(0.14)  1318(0.45)  1310(0.41)  
1574 1066(0.81)  364(0.15)  501(0.96)  
1575 1180(0.23)  411(0.38)  748(0.79)  
1576 637(0.55)  481(0.62)  1363(0.40)  1420(0.32)  837(0.09)  1440(0.97)  45(0.69)  288(0.63)  
1577 939(0.15)  
1578 949(0.61)  766(0.66)  1315(0.72)  812(0.50)  
1579 490(0.22)  173(0.25)  
1580 880(0.84)  1362(0.66)  1059(0.96)  1142(0.98)  892(0.65)  
1581 1196(0.84)  1558(1.00)  1202(0.24)  1125(0.82)  
1582 1319(0.57)  1509(0.72)  527(0.64)  
1583 1228(0.15)  979(0.26)  170(0.40)  1039(0.84)  403(0.35)  1484(0.82)  
1584 977(0.70)  155(0.92)  
1585 1536(0.24)  448(0.60)  1010(0.06)  55(0.49)  
1586 468(0.18)  924(0.48)  701(0.84)  225(0.32)  1240(0.63)  1311(0.78)  369(0.29)  
1587 778(0.86)  408(0.08)  
1588 1392(0.73)  104(0.08)  121(0.66)  
1589 903(0.81)  427(0.28)  1442(0.58)  1513(0.80)  570(0.25)  1425(0.45)  
1590 1040(0.43)  1549(0.64)  434(0.74)  663(0.12)  
1591 368(0.13)  863(0.65)  
1592 474(0.63)  131(0.86)  747(0.98)  457(0.34)  181(0.62)  597(0.15)  
1593 222(0.56)  865(0.60)  
1594 1235(0.60)  626(0.03)  482(0.30)  499(0.42)  449(0.43)  599(0.22)  149(0.92)  1497(1.00)  
1595 446(0.91)  995(0.15)  906(0.33)  30(0.14)  
1596 1411(0.33)  802(0.71)  
1597 654(0.71)  764(0.93)  
1598 681(1.00)  1097(0.98)  1407(0.63)  
1599 831(0.56)  648(0.99)  1197(0.45)  
1600 1544(0.64)  42(0.40)  1018(0.99)  63(0.82)  
1601 379(0.89)  834(0.36)  612(0.39)  136(0.95)  1151(0.04)  1221(0.78)  
1602 127(0.03)  11(0.88)  360(0.65)  870(0.22)  1313(0.87)  1542(0.65)  27(0.39)  310(0.63)  
1603 227(0.70)  1269(0.96)  1259(0.97)  876(0.79)  880(0.28)  138(0.39)  393(0.42)  770(0.88)  
1604 158(0.81)  307(0.76)  
1605 757(0.41)  
1606 76(0.52)  1358(0.59)  216(0.40)  
1607 27(0.56)  1508(0.93)  1325(0.60)  
1608 1241(0.31)  565(0.44)  1035(0.95)  39(0.29)  642(0.56)  1218(0.74)  1048(0.40)  
1609 1355(0.33)  613(0.22)  
1610 357(0.27)  906(0.31)  816(0.41)  
1611 920(0.74)  338(0.96)  941(0.30)  1103(0.74)  1347(0.82)  
1612 1157(0.69)  454(0.46)  592(0.14)  
1613 1174(0.26)  404(0.97)  741(0.05)  
1614 728(0.78)  
1615 379(0.46)  63(0.42)  
1616 672(0.44)  1155(0.13)  851(0.10)  934(0.07)  
1617 479(0.54)  
1618 703(0.73)  626(0.36)  443(0.94)  992(0.34)  903(0.15)  27(0.16)  
1619 743(0.80)  94(0.13)  897(0.47)  
1620 1483(0.87)  235(0.06)  1277(0.11)  1266(0.64)  884(0.77)  474(0.10)  
1621 950(0.40)  274(0.65)  744(0.16)  1306(0.41)  351(0.55)  927(0.26)  
1622 126(0.32)  436(0.21)  1065(0.92)  1468(0.86)  1085(0.49)  675(0.76)  1491(0.70)  
1623 812(0.60)  1055(0.52)  739(0.30)  130(0.39)  
1624 180(0.26)  250(0.58)  866(0.91)  163(0.23)  
1625 267(0.52)  816(0.97)  313(0.66)  
1626 831(0.02)  248(0.08)  438(0.03)  1014(0.37)  
1627 791(0.66)  1207(0.87)  1517(0.73)  1001(0.01)  990(0.78)  608(0.04)  
1628 953(0.44)  383(0.29)  
1629 1059(0.40)  1209(0.56)  759(0.22)  549(0.15)  766(0.13)  117(0.59)  
1630 1196(0.85)  773(0.12)  896(1.00)  114(0.13)  
1631 297(0.71)  767(0.99)  1329(0.22)  374(0.51)  950(0.70)  
1632 1241(0.24)  299(0.24)  1154(0.44)  1291(0.05)  149(0.86)  459(0.68)  
1633 806(0.34)  436(0.32)  
1634 153(0.31)  423(0.66)  440(0.08)  390(0.56)  
1635 186(0.45)  323(0.55)  739(0.45)  635(0.77)  119(0.06)  
1636 970(0.85)  1480(0.48)  365(0.16)  594(0.81)  
1637 298(0.90)  
1638 125(0.05)  874(0.32)  185(0.13)  
1639 1100(0.60)  1477(0.03)  761(0.15)  1350(0.39)  728(0.26)  
1640 1444(0.29)  861(0.17)  1051(0.67)  69(0.65)  312(0.54)  
1641 976(0.23)  686(0.94)  410(0.82)  
1642 992(0.06)  636(0.03)  
1643 397(0.16)  840(0.75)  
1644 197(0.97)  1439(0.71)  829(0.68)  
1645 107(0.12)  563(0.49)  340(0.72)  1422(0.61)  879(0.12)  
1646 1224(0.18)  1135(0.95)  259(0.29)  915(0.63)  
1647 1031(0.14)  
1648 975(0.84)  326(0.94)  715(0.64)  692(0.03)  
1649 706(0.48)  1521(0.39)  219(0.44)  596(0.12)  
1650 73(0.18)  302(0.40)  346(0.36)  629(0.35)  1338(0.41)  1182(0.65)  
1651 1380(0.99)  1037(0.04)  94(0.63)  
1652 770(0.20)  
1653 1513(0.01)  
1654 1390(0.43)  1419(0.98)  504(0.82)  548(0.54)  831(0.28)  
1655 285(0.41)  35(0.74)  
1656 844(0.86)  329(0.96)  318(0.41)  
1657 634(0.14)  
1658 1179(0.77)  1275(0.97)  160(0.11)  803(0.17)  846(0.88)  
1659 403(0.80)  487(0.40)  
1660 736(0.93)  1046(0.83)  
1661 4(0.86)  127(0.88)  903(0.10)  
1662 1023(0.12)  1306(0.88)  457(0.99)  301(0.45)  1183(0.60)  1239(0.70)  657(0.56)  
1663 415(0.64)  819(0.81)  22(0.09)  26(0.52)  842(0.32)  
1664 1224(0.06)  1507(0.08)  659(0.84)  502(0.24)  1384(0.53)  1441(0.97)  
1665 1361(0.94)  1072(0.91)  795(0.97)  1211(0.69)  
1666 736(0.55)  1418(0.97)  930(0.54)  1252(0.69)  1429(0.82)  
1667 457(0.66)  673(0.29)  24(0.41)  827(0.75)  
1668 717(0.03)  307(0.00)  1122(0.44)  234(0.60)  611(0.21)  1039(0.13)  
1669 1451(0.87)  469(0.21)  299(0.90)  1540(0.78)  931(0.27)  
1670 1101(0.13)  1518(0.74)  269(0.93)  898(0.23)  1301(0.44)  
1671 1088(0.22)  1531(0.98)  616(0.19)  246(0.45)  
1672 816(0.01)  1205(0.44)  1182(0.38)  107(0.38)  217(0.38)  300(0.48)  50(0.76)  799(0.35)  
1673 1290(0.83)  175(0.49)  404(0.84)  448(0.40)  731(0.51)  
1674 185(0.10)  
1675 1527(0.68)  584(0.16)  
1676 1287(0.14)  572(0.65)  1160(0.96)  538(0.25)  1260(0.08)  
1677 380(0.13)  570(0.09)  1146(0.85)  1389(0.80)  1073(0.48)  
1678 497(0.31)  220(0.95)  636(0.60)  946(0.29)  430(0.57)  
1679 111(0.39)  207(0.77)  650(0.57)  1293(0.34)  1336(0.04)  61(1.00)  357(0.62)  
1680 382(0.03)  519(0.89)  935(0.44)  1245(0.99)  315(0.61)  719(0.47)  
1681 1504(0.55)  656(0.52)  500(0.97)  1382(0.02)  1438(0.05)  855(0.61)  
1682 972(0.27)  1109(0.06)  
1683 279(0.72)  1215(0.14)  379(0.84)  916(0.71)  133(0.62)  922(0.40)  967(0.56)  
1684 1181(0.46)  118(0.01)  921(0.90)  898(0.51)  1381(0.16)  
1685 578(0.81)  1514(0.83)  678(0.53)  1214(0.83)  18(0.80)  1221(0.59)  1144(0.98)  961(0.63)  
1686 1261(0.62)  1344(0.77)  1094(0.14)  285(0.82)  1154(0.86)  518(0.58)  
1687 825(0.92)  1480(0.53)  
1688 1158(0.76)  482(0.78)  952(0.60)  1514(0.58)  559(0.78)  1135(0.01)  965(0.64)  
1689 883(0.81)  141(0.27)  810(0.37)  773(0.54)  58(0.76)  1060(0.75)  24(0.89)  
1690 528(0.55)  478(0.70)  627(0.63)  
1691 388(0.86)  458(0.31)  1074(0.81)  371(0.30)  508(0.62)  
1692 1037(0.33)  1213(0.14)  1097(0.32)  1446(0.89)  
1693 512(0.60)  63(0.05)  267(0.96)  
1694 862(0.30)  573(0.24)  
1695 849(0.69)  
1696 446(0.88)  263(0.52)  812(0.12)  
1697 1159(0.27)  71(0.90)  
1698 653(0.82)  443(0.30)  659(0.61)  10(0.56)  813(0.80)  377(0.03)  
1699 401(0.89)  1177(0.16)  
1700 389(0.64)  
1701 478(0.31)  1360(0.36)  272(0.39)  834(0.89)  
1702 1005(0.42)  195(0.92)  651(0.88)  428(0.73)  1510(0.02)  967(0.88)  1038(0.19)  
1703 1518(0.38)  602(0.94)  232(0.13)  515(0.62)  1224(0.11)  1068(0.77)  
1704 1266(0.22)  1337(0.68)  
1705 586(0.31)  1429(0.44)  
1706 426(0.39)  1495(0.86)  260(0.85)  437(0.46)  320(0.45)  670(0.00)  1179(0.92)  
1707 418(0.23)  355(0.02)  1371(0.15)  1027(0.62)  85(0.70)  1354(0.01)  
1708 968(0.08)  1478(0.32)  1507(0.20)  592(0.38)  
1709 1441(0.42)  792(0.12)  37(0.49)  1158(0.82)  82(0.71)  193(0.52)  
1710 45(0.20)  1526(0.40)  1343(0.58)  
1711 1260(0.83)  584(0.84)  1054(0.73)  57(0.41)  661(0.48)  1237(0.02)  1066(0.55)  
1712 1373(0.38)  631(0.13)  
1713 375(1.00)  924(0.39)  835(0.15)  1517(0.14)  
1714 1049(0.13)  439(0.46)  710(0.01)  726(0.55)  676(0.35)  826(0.40)  1521(0.77)  
1715 1438(0.65)  416(0.09)  1192(0.36)  423(0.19)  
1716 1529(0.80)  946(0.20)  1136(0.36)  154(0.63)  397(0.21)  81(0.02)  1029(0.77)  886(0.46)  
1717 179(0.87)  715(0.82)  1077(0.26)  721(0.66)  645(0.19)  462(0.69)  
1718 1204(0.42)  755(0.03)  545(0.16)  761(0.63)  112(0.24)  915(0.09)  
1719 769(0.52)  891(0.23)  109(0.06)  1312(0.46)  1235(0.66)  1052(0.33)  
1720 1503(0.76)  1054(0.27)  844(0.53)  1060(0.32)  411(0.80)  800(0.93)  777(0.55)  
1721 1253(0.35)  244(0.53)  155(0.56)  837(0.66)  32(0.44)  768(0.17)  531(0.92)  
1722 235(0.72)  984(0.94)  1149(0.95)  
1723 506(0.15)  882(0.71)  
1724 40(0.57)  722(0.79)  233(0.57)  
1725 456(0.01)  1032(0.80)  
1726 886(0.86)  131(0.23)  108(0.67)  
1727 929(0.40)  414(0.75)  403(0.97)  20(0.36)  
1728 1323(0.06)  1206(0.67)  1556(0.94)  507(0.23)  245(0.92)  888(0.65)  
1729 1071(0.24)  382(0.05)  
1730 702(0.91)  319(0.40)  1468(0.94)  725(0.37)  
1731 296(0.97)  392(0.21)  835(0.11)  1478(0.66)  1521(0.37)  246(0.10)  542(0.63)  386(0.92)  
1732 904(0.16)  521(0.83)  111(0.36)  
1733 255(0.57)  910(0.84)  88(0.70)  1409(0.30)  1293(0.78)  84(0.08)  
1734 1377(0.35)  1460(0.31)  1211(0.05)  402(0.54)  857(0.18)  635(0.75)  158(0.17)  
1735 383(0.92)  
1736 886(0.18)  210(0.20)  266(0.26)  1242(0.91)  1431(0.75)  450(0.14)  
1737 37(0.29)  347(0.85)  1389(0.23)  1379(0.37)  996(0.72)  1000(0.54)  
1738 1063(0.35)  
1739 967(0.14)  357(0.05)  214(0.66)  230(0.58)  181(0.17)  330(0.07)  1439(0.31)  
1740 1064(0.59)  1187(0.67)  405(0.91)  49(0.68)  1530(0.72)  1347(0.33)  339(0.22)  249(0.77)  
1741 330(0.14)  1078(0.67)  1534(0.88)  1311(0.86)  
1742 97(0.64)  219(0.25)  995(0.15)  
1743 745(0.89)  1028(0.99)  179(0.88)  23(0.25)  905(0.57)  961(0.40)  
1744 1198(0.11)  495(0.94)  633(0.72)  1049(0.16)  
1745 742(0.46)  1425(0.68)  936(0.62)  1258(0.75)  1435(0.11)  1318(0.90)  110(0.69)  
1746 495(0.82)  1416(0.81)  1354(0.60)  811(0.27)  468(0.00)  1083(0.08)  
1747 1520(0.79)  
1748 971(0.48)  401(0.85)  
1749 839(0.19)  389(0.07)  179(0.49)  396(0.20)  
1750 832(0.26)  822(0.52)  439(0.70)  29(0.36)  942(0.88)  54(0.68)  430(0.73)  
1751 93(0.25)  1042(0.04)  1312(0.78)  
1752 484(0.82)  
1753 921(0.62)  1337(0.80)  89(0.01)  717(0.74)  1121(0.72)  
1754 811(0.91)  1254(0.60)  
1755 708(0.21)  392(0.41)  1341(0.14)  
1756 619(0.63)  1074(0.44)  852(0.27)  375(0.03)  1390(0.72)  1461(0.04)  519(0.88)  
1757 224(0.24)  267(0.02)  550(0.76)  1259(0.02)  1103(0.94)  427(0.22)  483(0.48)  1459(0.31)  
1758 474(0.72)  730(0.52)  1107(0.99)  391(0.34)  980(0.56)  358(0.88)  
1759 1500(0.46)  1184(0.34)  574(0.77)  431(0.31)  447(0.02)  398(0.80)  547(0.44)  
1760 146(0.16)  1281(0.99)  1404(0.67)  622(1.00)  266(0.15)  189(0.52)  
1761 696(0.30)  846(0.70)  397(0.83)  187(0.68)  
1762 1356(0.22)  426(0.20)  829(0.23)  447(0.05)  37(0.69)  852(0.46)  
1763 1104(0.55)  1160(0.96)  
1764 185(0.19)  388(0.06)  605(0.42)  1514(0.44)  345(0.22)  322(0.50)  
1765 735(0.04)  1511(0.34)  
1766 309(0.75)  818(0.63)  1261(0.75)  1490(0.08)  1534(0.76)  259(0.37)  968(0.59)  812(0.47)  
1767 916(0.00)  533(0.93)  537(0.93)  1353(0.99)  51(0.72)  
1768 558(0.42)  1267(0.91)  
1769 1423(0.91)  1373(0.59)  1523(0.28)  1073(0.26)  863(0.64)  1080(0.87)  431(0.30)  
1770 1242(0.86)  
1771 399(0.92)  576(0.20)  460(1.00)  809(0.18)  905(0.09)  1348(0.63)  
1772 1522(0.98)  713(0.40)  
1773 1401(0.74)  247(0.55)  1422(0.70)  1012(0.33)  
1774 636(0.80)  985(0.60)  1495(0.26)  380(0.61)  
1775 1364(1.00)  22(0.92)  931(0.24)  1320(0.96)  1297(0.09)  222(0.26)  
1776 928(0.40)  159(0.08)  
1777 236(0.26)  679(0.13)  908(0.09)  951(0.87)  1234(0.44)  386(0.13)  229(0.37)  
1778 134(0.56)  550(1.00)  860(0.52)  
1779 284(0.70)  101(0.42)  650(0.69)  
1780 899(0.96)  
1781 870(0.62)  727(0.92)  743(0.40)  693(0.48)  843(0.08)  394(0.18)  184(0.11)  400(0.56)  
1782 1240(0.72)  1150(0.80)  275(0.72)  930(0.39)  
1783 755(0.71)  1025(0.25)  1042(0.82)  992(0.39)  1142(0.06)  693(0.35)  483(0.18)  
1784 732(0.16)  1508(0.49)  738(0.42)  1075(0.95)  
1785 1262(0.19)  307(0.38)  
1786 1289(0.18)  640(0.65)  1029(0.77)  1006(0.35)  1489(0.56)  41(0.74)  
1787 1037(0.97)  1374(0.99)  
1788 1557(0.13)  228(0.55)  272(0.27)  555(0.65)  1264(0.02)  1108(0.16)  
1789 136(0.36)  1351(0.97)  408(0.77)  119(0.73)  
1790 1367(0.33)  358(0.68)  269(0.91)  951(0.03)  462(0.12)  785(0.54)  962(0.50)  845(0.28)  
1791 337(0.38)  1552(0.67)  610(0.45)  
1792 1286(0.55)  1409(0.19)  
1793 1144(0.46)  1493(0.82)  31(0.44)  474(0.65)  1117(0.24)  1161(0.97)  1443(0.81)  
1794 1200(0.69)  497(0.27)  634(0.08)  1050(0.25)  
1795 769(0.89)  1452(0.25)  549(0.95)  1285(0.64)  1048(0.78)  
1796 393(0.53)  609(0.77)  
1797 1355(0.45)  813(0.47)  
1798 1156(0.29)  1412(0.42)  230(0.87)  
1799 80(0.10)  1522(0.52)  313(0.14)  823(0.73)  1266(0.16)  1495(0.48)  1538(0.60)  263(0.89)  
1800 1040(0.43)  524(0.05)  514(0.80)  131(0.55)  
1801 1433(0.89)  1317(0.25)  108(0.41)  618(0.05)  647(0.70)  1387(0.19)  1431(0.55)  
1802 854(0.98)  1470(0.05)  1181(0.14)  904(0.41)  1320(0.37)  72(0.35)  
1803 31(0.25)  74(0.43)  357(0.24)  653(0.33)  497(0.01)  
1804 311(0.25)  766(0.46)  544(0.92)  67(0.32)  1083(0.09)  1153(0.99)  
1805 350(0.21)  234(0.02)  583(0.70)  1093(0.67)  
1806 758(0.23)  
1807 1488(0.97)  13(0.60)  1322(0.52)  512(0.41)  968(0.39)  745(0.74)  269(0.01)  
1808 882(0.53)  1392(0.18)  277(0.52)  
1809 140(0.43)  90(0.90)  
1810 1498(0.73)  689(0.47)  
1811 1500(0.19)  1489(0.43)  1107(0.54)  
1812 158(0.84)  840(0.33)  
1813 185(0.57)  1173(0.42)  497(0.65)  967(0.78)  385(0.72)  574(0.13)  
1814 322(0.94)  738(0.74)  1048(0.40)  532(0.50)  
1815 528(0.17)  1264(0.63)  1441(0.05)  1324(0.82)  116(0.95)  212(0.26)  655(0.72)  
1816 946(0.81)  403(0.86)  474(0.67)  1089(0.36)  386(0.86)  524(0.92)  940(0.57)  
1817 660(0.05)  504(0.53)  1386(0.32)  1442(0.01)  860(0.46)  1463(0.85)  67(0.75)  311(0.90)  
1818 962(0.51)  1550(0.24)  
1819 1028(0.69)  1351(0.88)  1528(0.99)  1411(0.62)  202(0.93)  712(0.11)  1155(0.88)  1384(0.28)  
1820 999(0.63)  1415(0.73)  166(0.89)  1209(0.61)  1198(0.30)  815(0.34)  820(0.66)  
1821 1550(0.87)  568(0.86)  811(0.72)  495(0.02)  1444(0.67)  1300(0.56)  1317(0.99)  
1822 1437(0.80)  881(0.35)  1403(0.99)  981(0.22)  1104(0.43)  322(0.45)  
1823 332(0.20)  
1824 623(0.49)  1012(0.95)  989(0.60)  1472(0.61)  24(0.22)  107(0.67)  1416(0.75)  
1825 147(0.01)  883(0.05)  646(0.45)  530(0.26)  879(0.81)  1389(0.66)  
1826 697(0.98)  448(0.59)  1197(0.44)  94(0.45)  
1827 637(0.25)  1359(0.58)  338(0.51)  1113(0.09)  344(0.15)  681(0.82)  498(0.38)  
1828 1001(0.49)  246(0.59)  223(0.81)  
1829 1045(0.40)  529(0.26)  519(0.73)  136(0.36)  
1830 1535(0.22)  1419(0.66)  210(0.20)  720(0.53)  749(0.37)  1392(0.43)  1435(0.49)  
1831 568(0.77)  1183(0.22)  894(0.11)  618(0.16)  1034(0.42)  
1832 179(0.63)  
1833 362(0.58)  
1834 478(0.59)  308(0.41)  1550(0.41)  940(0.19)  1210(0.91)  1227(0.22)  1274(0.91)  1424(0.80)  
1835 1021(0.69)  1357(0.45)  
1836 1249(0.89)  334(0.85)  1522(0.80)  247(0.98)  956(0.58)  
1837 1326(0.47)  
1838 417(0.08)  1272(0.68)  1409(0.92)  267(0.81)  164(0.36)  1206(0.79)  51(0.45)  
1839 770(0.13)  188(0.51)  377(0.60)  953(0.24)  
1840 5(0.35)  926(0.18)  864(0.69)  321(0.58)  
1841 319(0.04)  1521(0.23)  1444(0.45)  1261(0.70)  252(0.08)  163(0.84)  845(0.28)  356(0.43)  
1842 303(0.90)  1225(0.55)  749(0.12)  620(0.94)  276(0.94)  
1843 753(0.67)  1435(0.40)  532(0.16)  1269(0.21)  1445(0.87)  
1844 85(0.00)  301(0.74)  
1845 950(0.36)  408(0.94)  478(0.88)  1094(0.93)  391(0.17)  528(0.98)  944(0.31)  
1846 665(0.28)  509(0.52)  1391(0.88)  1447(0.01)  864(0.40)  1468(0.29)  72(0.02)  315(0.46)  
1847 966(0.59)  1555(0.80)  
1848 1033(0.75)  1355(0.56)  1532(0.94)  1416(0.87)  207(0.58)  717(0.41)  1160(0.62)  1389(0.01)  
1849 1003(0.56)  1419(0.28)  171(0.18)  1213(0.19)  1203(0.63)  820(0.20)  824(0.98)  
1850 14(0.15)  591(0.56)  834(0.29)  518(0.80)  1466(0.01)  1323(0.41)  1340(0.00)  
1851 219(0.17)  768(0.54)  679(0.26)  
1852 27(0.72)  588(0.89)  1192(0.67)  210(0.36)  39(0.43)  1281(0.86)  
1853 347(0.71)  751(0.72)  368(0.62)  1516(0.21)  774(0.08)  1443(0.78)  1406(0.90)  
1854 1483(0.55)  970(0.31)  
1855 1114(0.46)  1224(0.94)  1307(0.01)  1058(0.11)  
1856 1280(0.82)  311(0.39)  1247(0.60)  
1857 739(0.01)  1182(0.07)  
1858 540(0.02)  224(0.51)  
1859 833(0.38)  1316(0.90)  1012(0.80)  1095(0.65)  846(0.17)  
1860 1246(0.48)  50(0.06)  1253(0.08)  1176(0.42)  
1861 121(0.77)  310(0.69)  886(0.66)  1130(0.61)  
1862 568(0.44)  92(0.39)  1521(0.58)  1178(0.60)  235(0.75)  1504(0.36)  
1863 1119(0.28)  1214(0.86)  100(0.70)  742(0.53)  
1864 33(0.65)  942(0.46)  1331(0.82)  1308(0.23)  233(0.27)  343(0.70)  426(0.82)  
1865 1077(0.40)  174(0.82)  911(0.22)  
1866 973(0.71)  1216(0.19)  900(0.04)  291(0.97)  561(0.75)  
1867 974(0.08)  871(0.58)  355(0.58)  758(0.07)  
1868 1087(0.32)  1264(0.70)  1147(0.76)  1497(0.57)  
1869 854(0.08)  405(0.95)  317(0.26)  533(0.38)  
1870 556(0.14)  546(0.08)  163(0.55)  167(0.92)  983(0.02)  1239(0.24)  
1871 121(0.67)  1096(0.23)  1286(0.35)  304(0.58)  547(0.03)  231(0.22)  
1872 1146(0.09)  
1873 1076(0.82)  520(0.81)  1042(0.11)  620(0.56)  
1874 685(0.03)  529(0.49)  1411(0.49)  
1875 262(0.71)  651(0.22)  628(0.30)  1111(0.76)  1221(0.69)  
1876 1341(0.65)  919(0.10)  1042(0.44)  260(0.34)  1048(0.95)  
1877 925(0.92)  609(0.82)  1558(0.88)  270(0.85)  
1878 1387(0.46)  445(0.35)  1300(0.37)  1437(0.78)  295(0.43)  191(0.38)  1233(0.12)  
1879 741(0.67)  798(0.22)  215(0.52)  404(0.33)  981(0.26)  1224(0.24)  908(0.45)  
1880 691(0.04)  947(0.81)  1324(0.72)  608(0.59)  1197(0.07)  575(0.92)  1297(0.23)  
1881 323(0.67)  473(0.43)  24(0.77)  
1882 207(0.80)  823(0.99)  533(0.67)  
1883 160(0.36)  
1884 1462(0.03)  560(0.70)  1296(0.43)  1473(0.40)  1356(0.42)  
1885 620(0.25)  1529(0.02)  360(0.14)  
1886 971(0.33)  1281(0.06)  352(0.66)  
1887 522(0.92)  1071(0.58)  982(0.87)  106(0.49)  
1888 1487(0.13)  975(0.00)  
1889 1119(0.47)  1229(0.51)  1312(0.39)  1062(0.79)  
1890 1285(0.11)  316(0.08)  1252(0.82)  
1891 1035(0.32)  1478(0.84)  149(0.45)  
1892 1000(0.85)  1150(0.01)  700(0.92)  904(0.01)  1120(0.82)  58(0.40)  
1893 1453(0.53)  617(0.03)  1154(0.84)  
1894 448(0.83)  492(0.68)  775(0.60)  1484(0.32)  914(0.66)  238(0.59)  708(0.04)  
1895 382(0.06)  
1896 925(0.34)  1353(0.61)  798(0.86)  
1897 1008(0.44)  1104(0.97)  1547(0.90)  631(0.93)  
1898 1480(0.21)  831(0.90)  1220(0.11)  1197(0.32)  219(0.65)  329(0.75)  412(0.65)  
1899 1355(0.38)  452(0.35)  1188(0.85)  951(0.11)  
1900 564(0.72)  514(0.74)  664(0.23)  
1901 327(0.47)  398(0.76)  1013(0.38)  310(0.76)  448(0.45)  
1902 1073(0.86)  1250(0.95)  1133(0.55)  1483(0.04)  
1903 840(0.84)  391(0.39)  595(0.83)  811(0.85)  
1904 435(0.64)  52(0.33)  56(0.53)  
1905 1053(0.30)  564(0.90)  886(0.96)  
1906 1363(0.55)  48(0.73)  1290(0.05)  680(0.38)  537(0.20)  
1907 950(0.27)  1260(0.15)  744(0.81)  
1908 501(0.69)  1050(0.30)  961(0.68)  85(0.53)  
1909 1175(0.44)  565(0.22)  836(0.19)  852(0.26)  803(0.23)  952(0.41)  503(0.93)  293(0.02)  
1910 800(0.32)  1349(0.78)  1259(0.83)  384(0.35)  1039(0.83)  
1911 1542(0.21)  679(0.23)  883(0.32)  1099(1.00)  450(0.10)  839(0.45)  816(0.71)  
1912 1001(0.93)  1551(0.62)  1047(0.62)  172(0.05)  1241(0.28)  5(0.22)  
1913 1138(0.87)  1115(0.51)  40(0.63)  
1914 1421(0.03)  1411(0.69)  1028(0.01)  
1915 1346(0.19)  470(0.30)  1539(0.33)  304(0.95)  481(0.80)  364(0.86)  714(0.77)  
1916 1390(0.93)  753(0.08)  277(0.24)  
1917 91(0.98)  1094(0.28)  58(0.21)  1194(0.90)  1316(0.76)  534(0.95)  
1918 545(0.31)  561(0.96)  
1919 320(0.11)  70(0.25)  
1920 879(0.68)  1508(0.46)  353(0.00)  1528(0.93)  
1921 859(0.29)  742(0.31)  1092(0.95)  43(0.38)  486(0.30)  1129(0.78)  
1922 1409(0.14)  307(0.09)  84(0.63)  1166(0.41)  
1923 550(0.80)  
1924 1147(0.68)  658(0.40)  981(0.37)  
1925 1457(0.84)  142(0.67)  1384(0.57)  775(0.91)  631(0.72)  
1926 947(0.50)  1257(0.86)  838(0.06)  
1927 595(0.85)  1144(0.52)  1055(0.88)  179(0.35)  
1928 416(0.21)  1365(0.65)  1221(0.80)  1238(0.90)  
1929 1396(0.66)  1107(0.90)  830(0.20)  1246(0.79)  1556(0.48)  
1930 275(0.15)  624(0.85)  720(0.42)  
1931 1520(0.89)  1537(0.76)  1487(0.02)  78(0.23)  1187(0.28)  977(0.10)  1193(0.40)  
1932 445(0.69)  1233(0.12)  12(0.38)  1387(0.26)  378(0.62)  289(0.44)  971(0.50)  
1933 37(0.74)  147(0.20)  230(0.64)  1539(0.20)  729(0.86)  1185(0.37)  
1934 173(0.43)  856(0.13)  367(0.85)  689(0.63)  
1935 340(0.62)  357(0.04)  307(0.83)  
1936 785(0.70)  242(0.79)  1457(0.76)  515(0.18)  225(0.87)  
1937 569(0.45)  891(0.20)  1068(0.96)  951(0.30)  1301(0.17)  252(0.28)  
1938 705(0.91)  456(0.03)  1204(0.27)  516(0.09)  
1939 645(0.74)  223(0.05)  
1940 1367(0.19)  1250(0.57)  42(0.34)  137(0.12)  580(0.08)  1223(0.34)  
1941 1406(0.44)  304(0.82)  81(0.63)  1163(0.17)  
1942 644(0.38)  1420(0.74)  650(0.82)  
1943 168(0.56)  877(0.41)  721(0.55)  45(0.42)  101(0.01)  1077(0.49)  122(0.03)  
1944 1239(0.33)  442(0.30)  446(0.95)  1262(0.26)  1518(0.51)  
1945 370(0.92)  
1946 486(0.38)  729(0.53)  510(0.14)  1459(0.70)  1315(0.28)  1332(0.51)  1282(0.71)  1432(0.53)  
1947 1442(0.26)  1365(0.87)  
1948 1257(0.43)  342(0.99)  385(0.60)  668(0.53)  1378(0.86)  808(0.82)  132(0.68)  
1949 275(0.36)  585(0.68)  69(0.86)  59(0.23)  1234(0.20)  824(0.13)  82(0.50)  
1950 1375(0.04)  1204(0.94)  888(0.73)  279(0.26)  276(0.16)  
1951 592(0.31)  902(0.22)  
1952 1515(0.83)  80(0.39)  856(0.01)  
1953 879(0.44)  1162(0.23)  313(0.69)  157(0.94)  1039(0.66)  1095(0.76)  513(0.14)  
1954 271(0.09)  675(0.06)  1436(0.79)  1440(0.01)  698(0.99)  
1955 1080(0.71)  1363(0.33)  515(0.67)  358(0.49)  1240(0.96)  1297(0.99)  
1956 1217(0.67)  928(1.00)  651(0.35)  1067(0.73)  
1957 1078(0.11)  202(0.22)  1271(0.44)  36(0.63)  212(0.51)  96(0.87)  
1958 826(0.44)  936(0.65)  1019(0.76)  
1959 670(0.91)  260(0.75)  1076(0.36)  187(0.46)  564(0.18)  992(0.13)  
1960 234(0.51)  811(0.76)  640(0.53)  324(0.45)  1273(0.96)  1543(0.14)  
1961 969(0.08)  559(0.84)  1374(0.95)  486(0.12)  449(0.10)  1291(0.82)  736(0.17)  
1962 186(0.38)  203(0.16)  153(0.75)  303(0.57)  998(0.32)  1202(0.73)  1418(0.95)  769(0.42)  
1963 196(0.93)  879(0.61)  390(0.31)  712(0.79)  
1964 1532(0.84)  1549(0.61)  
1965 1308(0.66)  1058(0.14)  249(0.06)  1118(0.50)  482(0.35)  419(0.41)  
1966 203(0.42)  526(0.90)  702(0.47)  586(0.66)  
1967 240(0.76)  390(0.24)  
1968 839(0.81)  
1969 450(0.07)  173(0.11)  589(0.55)  899(0.19)  
1970 991(0.77)  88(0.81)  
1971 1324(0.44)  648(0.13)  1118(0.85)  121(0.10)  724(0.49)  1301(0.90)  1130(0.55)  814(0.91)  
1972 56(0.57)  578(0.81)  156(0.69)  279(0.08)  
1973 356(0.82)  1238(0.31)  1294(0.01)  
1974 187(0.57)  164(0.35)  647(0.71)  757(0.25)  840(0.62)  591(0.84)  1339(0.92)  
1975 1202(0.53)  1379(0.53)  1262(0.77)  54(0.11)  564(0.54)  
1976 777(0.68)  754(0.12)  1237(0.34)  933(0.38)  1016(0.90)  767(1.00)  1516(0.54)  827(0.34)  
1977 892(0.44)  1534(0.87)  20(0.69)  303(0.59)  1012(0.28)  
1978 968(0.67)  159(0.01)  1029(0.26)  392(0.87)  1474(0.37)  1345(0.05)  
1979 533(0.03)  710(0.54)  593(0.39)  943(1.00)  1039(0.04)  1482(0.87)  566(0.29)  
1980 1230(0.28)  1301(0.51)  
1981 685(0.96)  
1982 375(0.39)  1163(0.46)  1500(0.28)  1317(0.84)  308(0.94)  219(0.69)  
1983 1497(0.17)  156(0.06)  1065(0.55)  1454(0.62)  1431(0.85)  355(0.94)  466(1.00)  
1984 104(0.39)  786(0.63)  297(0.27)  620(0.39)  
1985 270(0.45)  287(0.63)  237(0.62)  
1986 1104(0.21)  561(0.43)  218(0.42)  833(0.06)  544(0.75)  267(0.90)  
1987 571(0.26)  
1988 1033(0.92)  1503(0.99)  
1989 236(0.77)  26(0.90)  242(0.55)  1151(0.08)  
1990 669(0.40)  286(0.10)  1434(0.71)  692(0.06)  
1991 360(0.94)  
1992 450(0.58)  1332(0.43)  244(0.76)  805(0.27)  
1993 976(0.67)  167(0.05)  622(0.44)  400(0.92)  1481(0.51)  939(0.76)  1009(0.75)  
1994 1101(0.85)  185(0.09)  1373(0.05)  98(0.59)  
1995 774(0.38)  751(0.29)  1331(0.17)  
1996 1154(0.54)  
1997 1497(0.70)  528(0.40)  1464(0.03)  628(0.31)  
1998 1106(0.58)  950(0.70)  274(0.24)  
1999 270(0.18)  1073(0.08)  1050(0.82)  1533(1.00)  1229(0.81)  1312(0.40)  1063(0.13)  
2000 305(0.31)  627(0.88)  804(0.45)  687(0.20)  1037(0.56)  
2001 860(0.12)  105(0.39)  1226(0.25)  151(0.88)  261(0.48)  344(0.04)  95(0.31)  844(0.76)  
2002 1334(0.59)  219(0.71)  862(0.61)  906(0.38)  1189(0.62)  1484(0.36)  1328(0.77)  
2003 477(0.70)  893(0.28)  1203(0.42)  
2004 626(0.12)  443(0.03)  
2005 1143(0.68)  772(0.29)  1055(0.61)  
2006 13(0.70)  217(0.46)  433(0.56)  1342(0.58)  173(0.92)  
2007 1515(0.65)  799(0.37)  1485(0.89)  863(0.37)  27(0.50)  564(0.81)  
2008 1080(0.73)  936(0.75)  
2009 920(0.49)  1003(0.14)  753(0.85)  1502(0.11)  813(0.83)  177(0.80)  
2010 96(0.52)  1165(0.61)  1487(0.63)  106(0.66)  1548(0.49)  
2011 908(0.52)  259(0.88)  1062(0.31)  625(0.45)  
2012 542(0.91)  1358(0.83)  469(0.81)  846(0.57)  1274(1.00)  
2013 727(1.00)  51(0.92)  521(0.30)  1083(0.39)  128(0.43)  
2014 1216(0.81)  1287(0.37)  
2015 671(0.53)  
2016 361(0.98)  1150(0.95)  26(0.66)  1401(0.55)  392(0.57)  302(0.95)  
2017 1484(0.82)  142(0.21)  1051(0.49)  1440(0.57)  1417(0.80)  342(0.23)  452(0.24)  
2018 90(0.76)  772(0.81)  283(0.28)  606(0.60)  
2019 257(0.56)  273(0.08)  223(0.06)  
2020 1090(0.97)  547(0.94)  204(0.58)  820(0.54)  530(0.31)  254(0.11)  
2021 557(0.92)  
2022 728(0.92)  1198(0.57)  616(0.75)  805(0.86)  1381(0.43)  66(0.59)  1308(0.50)  
2023 678(0.70)  1348(0.77)  166(0.37)  595(0.71)  39(0.91)  562(0.30)  139(0.50)  
2024 432(0.68)  582(0.60)  133(0.44)  
2025 316(0.69)  932(0.94)  
2026 1318(0.59)  602(0.38)  47(0.27)  569(0.10)  147(0.86)  270(0.22)  1045(0.58)  
2027 309(0.31)  513(0.42)  729(0.80)  80(0.52)  469(0.20)  446(0.13)  
2028 471(0.36)  1247(0.11)  478(0.22)  814(0.86)  631(0.40)  1180(0.93)  677(0.47)  1360(0.99)  
2029 1507(0.82)  818(0.55)  182(0.96)  119(0.55)  
2030 1061(0.29)  1423(0.05)  1068(1.00)  
2031 294(0.48)  
2032 410(0.87)  653(0.51)  337(0.56)  1286(0.17)  1142(0.48)  1159(0.02)  1109(0.94)  
2033 724(0.59)  1246(0.36)  823(0.65)  946(0.91)  164(0.07)  1366(0.83)  1289(0.57)  
2034 1406(0.29)  757(0.91)  1146(0.83)  1123(0.61)  48(0.49)  158(0.01)  
2035 1154(0.37)  1491(0.30)  1308(0.85)  
2036 1225(0.75)  549(0.74)  702(0.30)  120(0.74)  723(0.43)  885(0.60)  1129(0.32)  
2037 1047(0.32)  305(0.64)  561(0.41)  937(0.58)  221(0.32)  810(0.29)  
2038 1087(0.32)  1330(0.69)  1014(0.00)  
2039 175(0.92)  924(0.62)  235(0.22)  
2040 1151(0.46)  1527(0.34)  812(0.18)  1400(0.12)  778(0.36)  
2041 1203(0.82)  620(0.79)  809(0.34)  1386(0.33)  
2042 437(0.26)  1359(0.97)  882(0.16)  753(0.49)  410(0.29)  1026(0.30)  
2043 2(0.98)  351(0.06)  
2044 1400(0.19)  418(0.23)  247(0.49)  1489(0.33)  880(0.44)  
2045 759(0.37)  1175(0.40)  1485(0.75)  555(0.48)  
2046 965(0.95)  143(0.28)  
2047 1524(0.12)  22(0.36)  998(0.46)  43(0.23)  
2048 456(0.90)  912(0.71)  689(0.13)  213(0.66)  1228(0.35)  1299(0.67)  357(0.20)  
2049 353(0.64)  396(0.73)  
2050 1380(0.32)  1237(0.71)  1253(0.78)  
2051 477(0.26)  415(0.15)  1430(0.25)  1087(0.13)  145(0.51)  1413(0.42)  
2052 1028(0.07)  1537(0.93)  9(0.80)  651(0.11)  
2053 1500(0.76)  851(0.57)  96(0.99)  1217(0.52)  142(0.00)  252(0.80)  335(0.30)  
2054 986(0.59)  83(0.09)  
2055 1319(0.59)  643(0.23)  1113(0.40)  117(0.07)  720(0.83)  1296(0.47)  1126(0.39)  809(0.03)  
2056 51(0.56)  574(0.68)  151(0.25)  274(0.55)  
2057 78(0.16)  960(0.46)  
2058 904(0.55)  41(0.90)  244(0.63)  461(0.26)  
2059 484(0.82)  887(0.46)  91(0.71)  95(0.06)  910(0.79)  
2060 1390(0.94)  115(0.57)  824(0.72)  668(0.25)  1550(0.43)  48(0.31)  1024(0.28)  
2061 782(0.05)  772(0.09)  389(0.53)  393(0.56)  1209(0.75)  1465(0.27)  283(0.07)  
2062 360(0.85)  1309(0.15)  1165(0.00)  1182(0.79)  
2063 170(0.37)  1439(0.42)  1162(0.63)  20(0.25)  330(0.45)  1372(0.11)  
2064 624(0.87)  907(0.18)  1202(0.19)  1046(0.75)  
2065 1337(0.06)  1447(0.34)  1531(0.72)  1281(0.78)  472(0.46)  
2066 389(0.80)  1177(0.42)  1514(0.59)  1331(0.32)  322(0.21)  232(0.28)  
2067 1511(0.76)  169(0.38)  1078(0.15)  1468(0.41)  1445(0.79)  369(0.77)  479(0.45)  
2068 117(0.31)  800(0.74)  311(0.52)  633(0.74)  
2069 284(0.49)  301(0.64)  251(0.27)  
2070 1117(0.30)  574(0.54)  231(0.74)  847(0.15)  558(0.99)  281(0.34)  
2071 585(0.88)  
2072 1047(0.87)  1517(0.76)  
2073 250(0.60)  40(0.01)  256(0.16)  1165(0.83)  
2074 683(0.92)  300(0.84)  1448(0.05)  705(0.81)  
2075 374(0.01)  
2076 463(0.34)  1345(0.36)  257(0.26)  819(0.27)  
2077 990(0.08)  181(0.60)  636(0.82)  413(0.49)  1495(0.17)  952(0.95)  1023(0.00)  
2078 1114(0.89)  199(0.58)  1387(0.27)  112(0.59)  
2079 788(0.20)  765(0.87)  1248(0.40)  
2080 1168(0.76)  13(0.60)  
2081 396(0.21)  1185(0.56)  1521(0.54)  1338(0.98)  330(0.83)  1384(0.52)  
2082 1130(0.90)  1347(0.07)  284(0.21)  1087(0.68)  1064(0.07)  
2083 155(0.99)  743(0.36)  121(0.32)  843(0.48)  1380(0.41)  
2084 1516(0.85)  535(0.25)  778(0.13)  462(0.18)  1410(0.60)  1267(0.04)  1284(0.93)  
2085 1015(0.44)  460(0.41)  982(0.35)  560(0.33)  
2086 915(0.37)  759(0.85)  83(0.47)  553(0.84)  
2087 74(0.62)  1383(0.24)  573(0.08)  1029(0.41)  806(0.04)  330(0.96)  1345(0.27)  1416(0.72)  
2088 1214(0.76)  1058(0.58)  382(0.58)  
2089 792(0.74)  1181(0.04)  1158(0.89)  82(0.11)  193(0.54)  276(0.91)  26(0.28)  
2090 413(0.31)  735(0.04)  912(0.88)  795(0.43)  1145(0.71)  
2091 968(0.57)  213(0.13)  190(0.74)  
2092 720(0.99)  204(0.82)  194(0.19)  
2093 510(0.66)  421(0.20)  1103(0.73)  614(0.03)  937(0.50)  1113(0.43)  997(0.97)  1346(0.58)  
2094 535(0.80)  1150(0.26)  861(0.44)  584(0.19)  1001(0.54)  
2095 1412(0.30)  1296(0.56)  87(0.08)  183(0.32)  626(0.07)  1269(0.86)  1312(0.02)  
2096 736(0.14)  1352(0.47)  649(0.84)  786(0.67)  
2097 1399(0.66)  1310(0.99)  434(0.79)  1089(0.47)  268(0.73)  
2098 729(0.36)  
2099 1459(0.91)  1543(0.84)  1293(0.88)  484(0.44)  939(0.75)  717(0.80)  241(0.21)  
2100 465(0.77)  975(0.67)  
2101 532(0.98)  775(0.90)  459(0.50)  1407(0.99)  1264(0.32)  1281(0.70)  1231(0.74)  1380(0.87)  
2102 1488(0.10)  1411(0.42)  
2103 36(0.17)  
2104 647(0.40)  65(0.64)  
2105 1020(0.62)  1236(0.67)  587(0.47)  1390(0.28)  953(0.57)  1436(0.26)  1546(0.66)  
2106 428(0.06)  1111(0.55)  208(0.66)  
2107 844(0.65)  1421(0.74)  
2108 1177(0.80)  8(0.39)  
2109 445(0.01)  1061(1.00)  358(0.30)  
2110 1550(0.70)  768(0.08)  1556(0.41)  335(0.70)  152(0.59)  701(0.52)  612(0.64)  
2111 266(0.19)  748(0.49)  
2112 638(0.41)  775(0.51)  1191(0.65)  1088(0.43)  572(0.73)  975(0.21)  179(0.43)  
2113 723(0.60)  913(0.97)  1489(0.43)  174(0.53)  1416(0.71)  807(0.12)  663(0.52)  
2114 274(0.99)  1116(0.54)  147(0.19)  1083(0.89)  247(0.94)  784(0.08)  1146(0.62)  790(0.66)  
2115 644(0.59)  1126(0.90)  1237(0.32)  1320(0.29)  1070(0.57)  261(0.28)  
2116 1378(0.20)  1288(0.15)  413(0.45)  1068(0.48)  246(0.31)  
2117 1122(0.62)  
2118 1438(0.74)  1521(0.62)  1272(0.35)  463(0.70)  918(0.12)  696(0.34)  219(0.01)  
2119 832(0.43)  1342(0.19)  227(0.10)  
2120 504(0.84)  162(0.56)  312(0.41)  
2121 1533(0.94)  46(1.00)  662(0.59)  
2122 924(0.67)  1460(0.22)  
2123 685(0.12)  1034(0.03)  1544(0.28)  429(0.86)  658(0.85)  
2124 659(1.00)  355(0.01)  
2125 272(0.31)  688(0.25)  998(0.61)  
2126 422(0.28)  239(0.88)  497(0.47)  
2127 746(0.41)  1216(0.47)  634(0.12)  823(0.28)  1399(0.94)  85(0.72)  1326(0.36)  
2128 793(0.81)  1463(0.98)  282(0.79)  710(0.71)  155(0.39)  677(0.36)  255(0.86)  377(0.05)  
2129 188(0.26)  577(0.27)  554(0.21)  745(0.17)  856(0.21)  
2130 976(0.92)  553(0.68)  676(0.04)  
2131 287(0.43)  1475(0.85)  200(0.18)  909(0.57)  753(0.18)  77(0.04)  
2132 1021(0.10)  79(0.23)  934(0.04)  1071(0.57)  1487(0.76)  
2133 218(0.12)  
2134 402(0.89)  1111(0.17)  
2135 1267(0.55)  1217(0.65)  1367(0.23)  917(0.29)  1121(0.87)  1337(0.58)  275(0.61)  
2136 1474(0.20)  1397(0.50)  
2137 22(0.58)  665(0.56)  709(0.71)  992(0.78)  143(0.29)  1131(0.69)  455(0.45)  925(0.15)  
2138 856(0.12)  114(0.35)  783(0.31)  1160(0.67)  31(0.37)  1033(0.34)  1555(0.45)  
2139 598(0.47)  548(0.79)  698(0.24)  248(0.78)  
2140 897(0.99)  916(0.03)  1544(0.95)  
2141 157(0.86)  706(0.33)  616(0.24)  
2142 1012(0.11)  429(0.43)  1032(0.04)  1195(1.00)  1438(0.27)  
2143 1346(0.33)  643(0.27)  780(0.28)  1196(0.77)  
2144 771(0.36)  1214(0.04)  
2145 669(0.46)  353(0.68)  1301(0.96)  
2146 166(0.34)  1035(0.63)  399(0.92)  336(0.41)  1351(0.46)  
2147 16(0.12)  1484(0.63)  336(0.83)  1405(0.93)  169(0.21)  346(0.41)  
2148 768(0.21)  1251(0.54)  1361(0.13)  1444(0.03)  1195(0.76)  385(0.51)  
2149 333(0.84)  243(0.93)  926(0.87)  23(0.22)  759(0.18)  936(0.94)  819(0.05)  
2150 684(0.78)  1140(0.66)  917(0.29)  441(0.06)  1456(0.79)  1527(0.87)  584(0.03)  1439(0.16)  
2151 881(0.66)  937(0.72)  355(0.21)  958(0.52)  1120(0.19)  1364(0.14)  1048(0.58)  438(0.42)  
2152 715(0.96)  1437(0.42)  415(0.34)  1191(0.32)  421(0.62)  758(0.53)  575(0.99)  
2153 1079(0.18)  324(0.87)  301(0.84)  783(0.61)  
2154 1130(0.35)  1386(0.91)  
2155 1009(0.32)  920(0.16)  44(0.14)  
2156 1147(0.48)  1336(0.08)  
2157 469(0.39)  1378(0.90)  
2158 989(0.91)  645(0.04)  1261(0.10)  972(0.62)  695(0.99)  1111(0.27)  
2159 1125(0.05)  210(0.29)  254(0.66)  536(0.77)  
2160 799(0.57)  776(0.17)  1258(0.33)  
2161 1082(0.73)  1485(0.75)  1102(0.88)  
2162 1420(0.31)  545(0.26)  1200(0.87)  378(0.59)  141(0.40)  25(0.42)  374(0.66)  884(0.96)  
2163 592(0.90)  1447(0.76)  26(0.81)  442(0.42)  338(0.07)  1380(0.91)  226(0.96)  987(0.38)  
2164 958(0.54)  349(0.14)  205(0.64)  222(0.41)  1439(0.65)  30(0.19)  1139(0.22)  
2165 1056(0.84)  34(0.61)  
2166 816(0.74)  1166(0.39)  118(0.50)  147(0.56)  790(0.22)  
2167 377(0.13)  487(0.22)  570(0.92)  321(0.75)  1070(0.94)  381(0.39)  1303(0.32)  826(0.11)  
2168 1132(0.53)  1415(0.48)  152(0.09)  1554(0.48)  878(0.74)  1348(0.65)  
2169 1171(0.13)  566(0.11)  703(0.37)  
2170 1285(0.81)  516(0.52)  853(0.53)  
2171 742(0.02)  
2172 393(0.03)  77(0.65)  
2173 395(0.99)  877(1.00)  988(0.24)  
2174 1104(0.64)  308(0.72)  312(0.97)  1127(0.29)  
2175 382(0.78)  
2176 885(0.40)  209(0.80)  265(0.80)  1241(0.50)  1430(0.47)  448(0.06)  
2177 1497(0.99)  249(0.50)  1291(0.38)  1280(0.23)  898(0.96)  902(0.65)  
2178 673(0.85)  1555(0.70)  467(0.66)  1442(0.04)  74(0.96)  650(0.69)  893(0.96)  
2179 787(0.08)  44(0.52)  714(0.71)  1090(0.59)  1519(0.10)  963(0.62)  
2180 949(0.83)  778(0.22)  462(0.57)  
2181 1498(0.25)  689(0.38)  
2182 1377(0.14)  223(0.70)  1398(0.09)  988(0.17)  
2183 709(0.91)  1058(0.69)  10(0.85)  453(0.23)  1096(0.08)  
2184 586(0.01)  
2185 1035(0.66)  493(0.16)  563(0.54)  1179(0.38)  476(0.59)  613(0.46)  1029(0.67)  925(0.19)  
2186 751(0.08)  1327(0.08)  12(0.96)  1254(0.78)  
2187 1334(0.44)  791(0.95)  448(0.29)  1064(0.99)  775(0.52)  498(0.36)  914(0.13)  
2188 952(0.85)  382(0.79)  
2189 766(0.17)  916(0.82)  467(0.92)  257(0.50)  473(0.33)  
2190 922(0.80)  
2191 506(0.78)  1282(0.44)  927(0.41)  
2192 541(0.23)  836(0.99)  
2193 1406(0.50)  1356(0.27)  1506(0.60)  1057(0.33)  847(0.98)  1063(0.19)  414(0.96)  
2194 811(0.28)  
2195 383(0.66)  146(0.47)  29(0.44)  379(0.71)  888(0.91)  1331(0.72)  
2196 1408(0.02)  
2197 596(0.11)  1451(0.97)  31(0.66)  447(0.18)  343(0.36)  1385(0.08)  230(0.82)  992(0.07)  
2198 963(0.47)  353(0.71)  210(0.80)  226(0.86)  176(0.99)  326(0.32)  1435(0.64)  
2199 460(0.68)  996(0.71)  1358(0.03)  1002(0.37)  925(0.01)  742(0.71)  1292(0.37)  
2200 1293(0.12)  856(0.69)  1339(0.08)  
2201 18(0.02)  7(0.52)  1183(0.94)  
2202 234(0.88)  916(0.40)  
2203 1114(0.93)  958(0.35)  282(0.33)  752(0.62)  1314(0.70)  
2204 432(0.84)  1447(0.38)  1518(0.74)  575(0.53)  1430(0.53)  
2205 313(0.55)  1049(0.20)  812(0.62)  695(0.18)  1045(0.08)  1554(0.78)  
2206 766(0.35)  516(0.37)  1265(0.96)  163(0.63)  
2207 414(0.76)  1136(0.79)  115(0.95)  891(0.89)  121(0.43)  458(0.09)  
2208 454(0.27)  604(0.32)  154(0.72)  
2209 435(0.56)  1050(0.99)  761(0.99)  484(0.91)  
2210 1000(0.70)  911(0.01)  35(0.35)  
2211 846(0.08)  1036(0.61)  54(0.88)  297(0.16)  1539(0.23)  929(0.05)  786(0.63)  
2212 397(0.81)  
2213 913(0.62)  933(0.33)  750(0.14)  1299(0.22)  1210(0.91)  334(0.29)  989(0.61)  
2214 1359(0.94)  1443(0.10)  1193(0.91)  384(0.16)  548(0.42)  326(0.37)  1407(0.72)  
2215 365(0.65)  
2216 868(0.59)  192(0.87)  249(0.86)  1224(0.29)  269(0.45)  432(0.07)  
2217 433(0.75)  
2218 495(0.72)  872(0.31)  
2219 30(0.04)  712(0.94)  223(0.98)  
2220 154(0.54)  730(0.85)  974(0.13)  658(0.67)  48(0.84)  1463(1.00)  1479(0.40)  1429(0.65)  
2221 484(0.34)  129(0.50)  
2222 206(0.99)  235(0.47)  877(0.98)  921(0.53)  1204(0.36)  355(0.68)  1343(0.85)  
2223 201(0.69)  617(0.21)  927(0.50)  
2224 350(0.01)  167(0.76)  717(0.99)  
2225 675(0.81)  1145(0.50)  149(0.86)  752(0.13)  1328(0.29)  1158(0.28)  841(0.68)  
2226 722(0.49)  1392(0.73)  1354(0.28)  639(0.86)  83(0.69)  606(0.68)  183(0.45)  306(0.08)  
2227 117(0.22)  506(0.80)  483(0.52)  965(0.18)  
2228 924(0.42)  
2229 508(0.38)  1284(0.63)  514(0.97)  851(0.56)  668(0.02)  1217(0.51)  714(0.24)  1396(0.03)  
2230 1252(0.25)  563(0.36)  1485(0.03)  
2231 297(0.12)  1139(0.80)  170(0.35)  1106(0.01)  270(0.38)  806(0.92)  1169(0.18)  813(0.45)  
2232 667(0.53)  1149(0.11)  1259(0.61)  1343(0.98)  1093(0.05)  284(0.51)  
2233 1401(0.28)  1311(0.40)  436(0.94)  1091(0.05)  269(0.50)  
2234 1145(0.21)  
2235 1461(0.97)  1544(0.56)  1295(0.36)  485(0.83)  941(0.85)  718(0.92)  242(0.93)  
2236 564(0.90)  1073(0.66)  
2237 630(0.41)  874(0.85)  558(0.40)  
2238 35(0.06)  784(0.39)  
2239 12(0.52)  415(0.97)  1177(0.07)  
2240 228(0.72)  911(0.96)  422(0.88)  744(0.72)  
2241 103(0.25)  120(0.37)  
2242 267(0.27)  17(0.20)  
2243 827(0.86)  311(0.31)  300(0.97)  
2244 617(0.77)  
2245 1453(0.95)  404(0.32)  433(0.61)  1076(0.80)  1120(0.19)  1403(0.11)  
2246 1201(0.75)  725(0.40)  
2247 1268(0.79)  525(0.83)  
2248 269(0.69)  818(0.94)  729(0.70)  
2249 77(0.07)  639(0.09)  1242(0.19)  260(0.55)  90(0.84)  1331(0.56)  
2250 689(0.29)  
2251 1032(0.43)  476(0.64)  
2252 807(0.55)  1543(0.01)  
2253 1367(0.97)  1423(0.18)  840(0.32)  
2254 20(0.24)  
2255 1525(0.58)  1049(0.07)  
2256 34(0.85)  
2257 1455(0.03)  433(0.20)  1209(0.44)  440(0.04)  
2258 1157(0.33)  575(0.28)  764(0.53)  1340(0.83)  26(0.28)  1268(0.29)  
2259 625(0.31)  614(0.18)  232(0.71)  236(0.48)  1051(0.29)  1307(0.46)  
2260 189(0.57)  1165(0.29)  1354(0.75)  372(0.02)  616(0.31)  300(0.35)  1248(0.62)  
2261 48(0.38)  424(0.89)  853(0.51)  297(0.75)  820(0.84)  
2262 391(0.17)  953(0.19)  1556(0.95)  574(0.95)  404(0.40)  87(0.96)  1036(0.19)  1306(0.84)  
2263 987(0.14)  1110(0.75)  328(0.42)  1116(0.90)  1453(0.76)  1270(0.24)  261(0.34)  
2264 1019(0.13)  996(0.63)  1478(0.38)  30(0.93)  
2265 523(0.95)  899(0.39)  
2266 57(0.08)  739(0.89)  250(0.13)  573(0.49)  
2267 223(0.59)  240(0.26)  190(0.04)  
2268 668(0.84)  125(0.51)  1340(0.49)  398(0.35)  
2269 1540(0.89)  
2270 951(0.67)  835(0.85)  1184(0.05)  136(0.46)  
2271 189(0.42)  1537(0.42)  196(0.37)  1105(0.93)  
2272 622(0.76)  239(0.42)  1387(0.19)  645(0.95)  
2273 22(0.70)  118(0.50)  561(0.37)  1204(0.36)  1247(0.25)  1530(0.36)  268(0.27)  
2274 293(0.57)  430(0.52)  846(0.80)  1156(0.72)  226(0.48)  
2275 1465(0.52)  417(0.71)  860(0.74)  1502(0.05)  1132(0.34)  1415(0.41)  
2276 360(0.28)  1442(0.40)  899(0.50)  970(0.10)  
2277 541(0.12)  878(0.47)  695(0.61)  1244(0.40)  741(0.57)  1423(0.92)  935(0.33)  
2278 988(0.96)  1071(0.13)  822(0.61)  12(0.40)  882(0.97)  245(0.96)  183(0.87)  
2279 699(0.25)  1208(0.88)  1238(0.79)  
2280 1223(0.69)  1173(0.32)  1323(0.05)  873(0.33)  663(0.66)  880(0.51)  
2281 787(0.97)  1310(0.21)  887(0.37)  1010(0.49)  228(0.14)  1430(0.16)  1353(0.30)  
2282 1179(0.92)  530(0.55)  919(0.87)  896(0.36)  1378(0.46)  
2283 989(0.04)  1511(0.85)  1089(0.32)  1212(0.18)  430(0.44)  1218(0.53)  1555(0.23)  1372(0.34)  
2284 520(0.70)  604(0.55)  354(0.12)  
2285 1111(0.33)  369(1.00)  625(0.24)  1001(0.13)  285(0.47)  874(0.46)  
2286 1151(0.20)  1394(0.81)  1078(0.91)  468(0.24)  
2287 615(0.91)  272(0.52)  888(0.40)  599(0.35)  322(0.20)  738(0.59)  
2288 364(0.48)  1007(0.96)  
2289 1377(0.52)  767(0.04)  
2290 497(0.11)  
2291 1043(0.24)  914(0.07)  571(0.19)  1187(0.80)  898(0.72)  621(0.90)  1037(0.37)  1347(0.66)  
2292 1463(0.96)  482(0.07)  311(0.86)  1262(0.85)  652(0.91)  
2293 823(0.62)  1239(0.47)  1549(0.68)  619(0.68)  
2294 1126(0.45)  304(0.02)  67(0.21)  
2295 610(0.43)  294(0.54)  1242(0.56)  
2296 520(0.46)  976(0.32)  753(0.00)  277(0.59)  1292(0.81)  1363(0.68)  421(0.88)  
2297 125(0.94)  169(0.50)  452(0.59)  1161(0.98)  1005(0.48)  329(0.84)  385(0.77)  1361(0.04)  
2298 376(0.29)  632(0.76)  1008(0.00)  293(0.59)  882(0.80)  260(0.47)  
2299 1110(0.29)  794(0.37)  185(0.14)  41(0.04)  58(0.97)  
2300 764(0.56)  248(0.92)  238(0.59)  
2301 554(0.05)  
2302 1390(0.74)  1486(0.61)  371(0.21)  1014(0.79)  1058(0.62)  1341(0.23)  
2303 1121(0.66)  644(0.46)  101(0.65)  172(0.71)  788(0.15)  85(0.28)  222(0.71)  
2304 1110(0.31)  261(0.67)  105(0.62)  987(0.96)  1044(0.71)  
2305 153(0.71)  1234(0.11)  691(0.44)  
2306 1540(0.95)  918(0.36)  82(0.29)  619(0.80)  1394(0.31)  
2307 65(0.02)  308(0.24)  1550(0.05)  940(0.05)  797(0.56)  813(0.24)  
2308 518(0.14)  1333(0.80)  31(0.87)  
2309 1057(0.10)  1233(0.79)  1117(0.51)  1466(0.20)  
2310 824(0.65)  374(0.92)  164(0.34)  381(0.24)  
2311 526(0.26)  516(0.64)  133(0.60)  1281(0.21)  539(0.59)  1208(0.93)  
2312 1552(0.95)  555(0.85)  1158(0.74)  177(0.65)  6(0.27)  1248(0.55)  
2313 702(0.78)  
2314 1045(0.77)  490(0.05)  
2315 821(0.59)  1557(0.33)  
2316 1380(0.43)  1437(0.59)  854(0.01)  
2317 695(0.09)  1178(0.52)  1288(0.48)  1371(0.12)  
2318 502(0.49)  1344(0.49)  
2319 342(0.29)  1411(0.52)  175(0.54)  352(0.03)  236(0.34)  585(0.91)  
2320 1076(0.65)  1159(0.48)  910(0.77)  100(0.08)  970(0.72)  333(0.89)  271(0.27)  
2321 884(0.66)  1393(0.07)  1423(0.57)  
2322 141(0.48)  91(0.62)  
2323 1500(0.89)  690(0.60)  
2324 1502(0.75)  1491(0.71)  1108(0.58)  
2325 160(0.43)  842(0.28)  
2326 1331(0.35)  1175(0.25)  499(0.36)  969(0.68)  1531(0.05)  576(0.75)  
2327 324(0.66)  740(0.22)  
2328 430(0.41)  7(0.03)  130(0.57)  906(0.35)  136(0.86)  473(0.43)  290(0.60)  839(0.90)  
2329 692(0.90)  442(0.45)  1191(0.03)  88(0.41)  
2330 631(0.92)  1353(0.71)  332(0.76)  1108(0.24)  338(0.62)  675(0.74)  492(0.24)  
2331 1384(0.72)  629(0.01)  606(0.57)  1088(0.43)  785(0.58)  
2332 930(0.06)  94(0.70)  631(0.53)  993(0.86)  637(0.42)  560(0.02)  377(0.25)  926(0.05)  
2333 1070(0.43)  820(0.46)  11(0.72)  880(0.85)  341(0.12)  
2334 1150(0.33)  967(0.58)  1516(0.95)  1427(0.89)  551(0.57)  1206(0.64)  384(0.50)  
2335 1368(0.02)  1119(0.64)  310(0.11)  765(0.50)  543(0.18)  66(0.46)  1081(0.70)  
2336 898(0.13)  1341(0.69)  425(0.22)  
2337 9(0.20)  
2338 991(0.11)  1474(0.34)  26(0.85)  109(0.28)  1417(0.79)  608(0.21)  
2339 556(0.97)  
2340 978(0.48)  1488(0.06)  373(0.17)  602(0.81)  
2341 15(0.75)  510(0.22)  1313(0.13)  1290(0.01)  214(0.07)  1469(0.37)  1552(0.74)  
2342 936(0.45)  447(0.27)  
2343 1366(0.06)  690(0.68)  1160(0.50)  
2344 345(0.30)  1466(0.10)  391(0.97)  501(0.45)  584(0.73)  334(0.13)  
2345 93(0.76)  642(0.03)  
2346 1146(0.79)  1428(0.34)  166(0.11)  10(0.86)  892(0.52)  1362(0.86)  
2347 1185(0.32)  482(0.06)  619(0.35)  1035(0.87)  
2348 1143(0.77)  267(0.03)  922(0.85)  101(0.02)  1422(0.05)  1305(0.44)  97(0.86)  
2349 481(0.89)  
2350 918(0.67)  1334(0.44)  1230(0.03)  714(0.41)  1118(0.73)  
2351 808(0.02)  1251(0.35)  
2352 705(0.63)  389(0.31)  1338(0.88)  
2353 202(0.74)  1071(0.29)  435(0.44)  372(0.64)  1388(0.81)  1044(0.52)  
2354 90(0.24)  1532(0.22)  323(0.24)  833(0.47)  862(0.57)  1505(0.21)  1548(0.41)  273(0.35)  
2355 190(0.73)  1232(0.71)  1222(0.19)  839(0.46)  429(0.36)  1245(0.64)  357(0.21)  
2356 809(0.58)  493(0.81)  1442(0.61)  154(0.24)  171(0.23)  
2357 489(0.32)  1117(0.76)  
2358 1128(0.57)  345(0.59)  1134(0.11)  1471(0.47)  1288(0.95)  279(0.21)  
2359 1264(0.88)  1468(0.63)  126(0.81)  1035(0.86)  
2360 553(0.00)  1314(0.55)  
2361 166(0.31)  503(0.76)  320(0.99)  578(0.63)  74(0.76)  
2362 257(0.96)  207(0.90)  
2363 155(0.95)  904(0.16)  215(0.25)  
2364 451(0.59)  827(0.50)  
2365 82(0.42)  764(0.12)  
2366 109(0.75)  1097(0.64)  421(0.30)  891(0.38)  308(0.22)  
2367 571(0.11)  442(0.71)  98(0.75)  714(0.01)  425(0.48)  148(0.84)  
2368 1305(0.43)  190(0.06)  833(0.54)  876(0.05)  1159(0.94)  1455(0.79)  
2369 869(0.67)  327(0.40)  397(0.60)  1013(0.28)  310(0.93)  447(0.37)  863(0.16)  
2370 195(0.83)  39(0.47)  921(0.99)  978(0.57)  395(0.49)  998(0.03)  
2371 649(0.69)  1065(0.43)  961(0.44)  
2372 896(0.08)  713(0.73)  1262(0.01)  759(0.51)  
2373 436(0.47)  120(0.31)  
2374 729(0.71)  1212(0.82)  908(0.96)  991(0.81)  
2375 245(0.59)  1087(0.02)  118(0.16)  1054(0.41)  218(0.41)  754(0.12)  1116(0.94)  
2376 891(0.27)  681(0.76)  897(0.61)  248(0.45)  1051(0.54)  614(0.20)  1097(0.21)  
2377 82(0.03)  1550(0.50)  675(0.37)  1330(0.24)  508(0.72)  685(0.14)  
2378 816(0.39)  1299(0.23)  1409(0.76)  1492(0.64)  1242(0.90)  
2379 1229(0.42)  447(0.77)  1236(0.36)  14(0.85)  1389(0.12)  380(0.29)  
2380 1269(0.13)  1473(0.83)  131(0.28)  1040(0.11)  
2381 266(0.62)  1027(0.94)  1031(0.78)  289(0.84)  545(0.23)  921(0.39)  206(0.55)  
2382 486(0.88)  342(0.67)  359(0.08)  309(0.76)  459(0.08)  10(0.17)  
2383 1317(0.87)  602(0.10)  1190(0.23)  568(0.19)  1290(0.97)  
2384 701(0.27)  891(0.49)  1467(0.23)  152(0.01)  1394(0.45)  785(0.20)  641(0.21)  
2385 1519(0.39)  389(0.21)  1392(0.91)  356(0.06)  1492(0.42)  57(0.50)  
2386 670(0.58)  940(0.70)  957(0.36)  907(0.40)  1056(0.74)  607(0.88)  397(0.77)  
2387 647(0.38)  1423(0.13)  653(0.32)  
2388 1437(0.85)  588(0.16)  432(0.55)  1314(0.41)  1371(0.36)  788(0.17)  
2389 905(0.29)  
2390 546(0.15)  1361(0.48)  59(0.05)  
2391 109(0.99)  286(0.72)  170(0.38)  519(0.78)  1029(0.15)  1472(0.67)  143(0.79)  
2392 1220(0.25)  877(0.34)  
2393 261(0.31)  
2394 48(0.67)  1250(0.48)  1174(0.38)  991(0.65)  1540(0.10)  1450(0.06)  574(0.05)  
2395 1490(0.09)  42(0.19)  125(0.58)  1434(0.40)  624(0.44)  1494(0.04)  
2396 94(0.40)  776(0.11)  
2397 1265(0.16)  1109(0.24)  433(0.45)  903(0.88)  1465(0.98)  
2398 680(0.15)  137(0.28)  208(0.15)  823(0.46)  120(0.14)  258(0.88)  
2399 147(0.46)  590(0.46)  1233(0.34)  863(0.69)  836(0.44)  1546(0.71)  
2400 863(0.09)  320(0.30)  391(0.26)  1007(0.44)  304(0.90)  441(0.37)  857(0.45)  
2401 578(0.24)  422(0.22)  1304(0.57)  1360(0.55)  777(0.89)  967(0.42)  1252(0.29)  
2402 143(0.46)  147(0.62)  962(0.22)  
2403 1043(0.22)  1365(0.64)  1542(0.43)  1426(0.96)  217(0.97)  727(0.39)  756(0.25)  1399(0.92)  
2404 625(0.36)  1041(0.91)  1351(0.80)  835(0.07)  824(0.89)  
2405 515(0.93)  958(0.13)  42(0.77)  
2406 1281(0.77)  1431(0.41)  982(0.20)  772(0.71)  988(0.59)  339(0.54)  728(0.70)  
2407 1365(0.18)  1181(0.70)  173(0.69)  83(0.23)  474(0.03)  1129(0.23)  
2408 541(0.99)  930(0.36)  907(0.93)  1389(0.50)  1500(0.54)  25(0.37)  
2409 105(0.62)  1480(0.79)  471(0.41)  1526(0.96)  650(0.39)  161(0.14)  484(0.92)  
2410 1468(0.30)  1218(0.82)  409(0.07)  1278(0.11)  642(0.65)  580(0.07)  37(0.13)  
2411 47(0.30)  76(0.65)  719(0.88)  763(0.17)  1045(0.63)  197(0.60)  
2412 756(0.81)  627(0.54)  284(0.05)  899(0.70)  610(0.37)  333(0.27)  749(0.70)  
2413 82(0.57)  1484(0.66)  808(0.96)  1278(0.76)  281(0.32)  885(0.98)  1461(0.64)  
2414 352(0.14)  39(0.43)  855(0.11)  1525(0.78)  
2415 522(0.55)  
2416 1398(0.17)  1454(0.63)  871(0.41)  
2417 616(0.92)  1098(0.98)  1208(0.45)  1292(0.96)  
2418 131(0.65)  973(0.84)  4(0.61)  940(0.45)  104(0.79)  640(0.75)  1416(0.27)  
2419 437(0.32)  520(0.07)  270(0.51)  1019(0.94)  
2420 1087(0.37)  1343(0.26)  
2421 600(0.66)  417(0.36)  966(0.94)  877(0.92)  
2422 1395(0.32)  812(0.49)  1002(0.53)  20(0.90)  263(0.54)  
2423 629(0.62)  1551(0.16)  1074(0.71)  945(0.52)  602(0.38)  1218(0.53)  929(0.17)  
2424 133(0.13)  310(0.67)  194(0.42)  543(0.79)  639(0.08)  
2425 1167(0.58)  718(0.62)  508(0.22)  724(0.93)  75(0.31)  464(0.75)  
2426 785(0.76)  1455(0.37)  1418(0.94)  702(0.94)  146(0.48)  669(0.98)  246(0.95)  369(0.73)  
2427 982(0.44)  
2428 710(0.01)  926(0.08)  277(0.64)  
2429 1103(0.88)  160(0.58)  1015(0.78)  1153(0.30)  11(0.65)  1465(0.06)  
2430 1390(0.62)  8(0.08)  1450(0.02)  241(0.35)  751(0.20)  1194(0.64)  
2431 162(0.16)  965(0.15)  942(0.93)  1424(0.92)  1121(0.76)  1204(0.35)  
2432 621(0.78)  
2433 519(0.98)  1068(0.31)  978(0.23)  103(0.31)  
2434 1302(0.62)  1492(0.87)  
2435 618(0.97)  408(0.84)  624(0.22)  1533(0.22)  778(0.95)  341(0.14)  
2436 185(0.66)  562(0.81)  990(0.87)  435(0.35)  957(0.54)  535(0.70)  
2437 155(0.99)  625(0.71)  1187(0.70)  232(0.82)  808(0.31)  
2438 549(0.83)  1004(0.41)  782(0.11)  305(0.77)  1320(0.44)  1100(0.18)  157(0.78)  
2439 1356(0.40)  534(0.31)  297(0.85)  180(0.89)  
2440 621(0.28)  11(0.92)  281(0.31)  298(0.57)  248(0.35)  
2441 68(0.67)  923(0.63)  1060(0.56)  1476(0.16)  1372(0.91)  856(0.45)  
2442 304(0.94)  188(0.61)  
2443 365(0.81)  421(0.86)  1396(0.20)  28(0.10)  604(0.17)  847(0.14)  
2444 1238(0.05)  895(0.46)  
2445 766(0.57)  23(0.16)  279(0.93)  656(0.27)  
2446 603(0.92)  487(0.46)  836(0.20)  
2447 903(0.62)  1146(0.29)  
2448 1308(0.41)  659(0.85)  1462(0.29)  1025(0.12)  1508(0.47)  60(0.46)  
2449 1074(0.76)  518(0.39)  1040(0.62)  618(0.34)  
2450 1267(0.03)  352(0.98)  395(0.79)  678(0.19)  974(0.99)  
2451 649(0.50)  626(0.54)  
2452 1015(0.79)  1086(0.22)  144(0.35)  999(0.67)  1136(0.57)  1552(0.78)  304(0.85)  932(0.12)  
2453 280(0.18)  563(0.57)  1273(0.93)  1116(0.06)  
2454 1499(0.81)  850(0.95)  1239(0.05)  925(0.65)  1408(0.98)  1518(0.04)  43(0.44)  
2455 1241(0.62)  459(0.56)  1248(0.50)  26(0.49)  
2456 13(0.58)  1415(0.40)  739(0.33)  795(0.09)  213(0.56)  
2457 1274(0.64)  
2458 63(0.56)  
2459 1005(0.90)  383(0.06)  1105(0.84)  
2460 196(0.80)  839(0.21)  
2461 918(0.77)  308(0.21)  165(0.67)  181(0.87)  132(0.73)  281(0.16)  1390(0.39)  
2462 1307(0.68)  1430(0.75)  
2463 1165(0.89)  1514(0.19)  52(0.38)  495(0.53)  1138(0.16)  1181(0.14)  1464(0.58)  
2464 1221(0.15)  518(0.65)  655(0.60)  1071(0.54)  
2465 790(0.22)  1472(0.23)  570(0.57)  1306(0.23)  1069(0.01)  
2466 414(0.21)  630(0.84)  
2467 1376(0.24)  833(0.15)  
2468 1176(0.19)  1432(0.87)  251(0.52)  
2469 101(1.00)  1543(0.43)  334(0.12)  844(0.26)  1287(0.40)  1516(0.77)  1(0.68)  284(0.25)  
2470 1468(0.20)  952(0.99)  941(0.79)  559(0.17)  563(0.18)  1378(0.20)  
2471 46(0.05)  516(0.70)  1492(0.34)  123(0.16)  
2472 439(0.11)  1309(0.97)  672(0.35)  196(0.88)  67(0.57)  1282(0.91)  340(0.43)  
2473 476(0.59)  520(0.16)  803(0.34)  1098(0.25)  942(0.15)  266(0.10)  736(0.20)  
2474 817(0.18)  1445(0.41)  290(0.13)  
2475 607(0.00)  
2476 1029(0.39)  1539(0.50)  424(0.35)  1066(0.97)  
2477 66(0.74)  975(0.00)  1364(0.75)  1341(0.43)  265(0.48)  376(0.93)  459(0.29)  
2478 1084(0.88)  595(0.66)  918(0.30)  
2479 1394(0.65)  80(0.08)  1321(0.96)  712(0.12)  569(0.31)  
2480 593(0.72)  903(0.94)  
2481 1419(0.46)  398(0.79)  760(0.69)  404(0.08)  
2482 1413(0.68)  830(0.28)  1020(0.90)  38(0.79)  281(0.25)  
2483 1333(0.39)  1044(0.54)  767(0.01)  1183(0.77)  
2484 903(0.18)  27(0.15)  682(0.32)  1418(0.50)  37(0.95)  
2485 526(0.48)  742(0.73)  93(0.61)  482(0.04)  
2486 883(0.84)  473(0.25)  1289(0.46)  401(0.23)  363(0.32)  1206(0.57)  650(0.87)  
2487 101(0.97)  118(0.16)  68(0.60)  217(0.93)  912(0.31)  1116(0.80)  1332(0.53)  
2488 292(0.94)  1081(0.88)  1418(0.94)  1235(0.63)  226(0.52)  1280(0.22)  
2489 1415(0.21)  73(0.06)  568(0.40)  1371(0.10)  1348(0.98)  273(0.70)  
2490 177(0.30)  1380(0.57)  1303(0.40)  1120(0.70)  111(0.43)  21(0.82)  704(1.00)  
2491 158(0.78)  268(0.81)  351(0.24)  102(0.83)  851(0.70)  162(0.84)  1084(0.29)  
2492 1187(0.65)  1537(0.75)  75(0.23)  518(0.19)  1160(0.78)  1204(0.81)  1487(0.93)  
2493 952(0.01)  249(0.37)  387(0.70)  
2494 969(0.98)  297(0.70)  
2495 373(0.89)  816(0.56)  1459(0.47)  1089(0.56)  1372(0.72)  523(0.95)  367(0.27)  
2496 685(0.83)  1101(0.77)  997(0.86)  
2497 835(0.47)  652(0.59)  1201(0.65)  
2498 1451(0.42)  1507(0.22)  925(0.83)  1114(0.19)  
2499 1139(0.80)  159(0.47)  1081(0.12)  
2500 1451(0.90)  735(0.63)  1324(0.65)  702(0.67)  1424(0.14)  402(0.79)  
2501 1015(0.53)  
2502 545(0.52)  1454(0.37)  
2503 1065(0.42)  722(0.64)  1338(0.13)  1049(0.87)  772(0.60)  1188(0.32)  
2504 814(0.30)  1456(0.13)  1500(0.17)  
2505 1190(0.44)  741(0.02)  531(0.61)  747(0.89)  98(0.74)  487(0.93)  
2506 755(0.49)  877(0.14)  95(0.38)  884(0.37)  1221(0.46)  1037(0.20)  
2507 222(0.07)  
2508 1245(0.31)  1356(0.40)  1439(0.18)  1189(0.76)  
2509 1412(0.86)  443(0.96)  1379(0.64)  542(0.73)  
2510 1409(0.38)  1253(0.85)  577(0.97)  633(0.96)  
2511 57(0.70)  1365(0.06)  556(0.62)  1426(0.85)  789(0.25)  727(0.14)  184(0.45)  1399(0.28)  
2512 53(0.68)  1041(0.59)  365(0.43)  835(0.53)  252(0.64)  
2513 612(0.36)  483(0.27)  140(0.18)  755(0.33)  466(0.45)  
2514 395(0.52)  1132(0.27)  1308(0.72)  1192(0.27)  1541(0.19)  79(0.84)  522(0.13)  
2515 813(0.13)  271(0.72)  341(0.04)  957(0.39)  254(0.31)  391(0.98)  807(0.40)  
2516 528(0.38)  372(0.31)  1254(0.79)  1310(0.07)  728(0.78)  1331(0.81)  1493(0.09)  
2517 384(0.30)  388(0.13)  1204(0.51)  1460(0.08)  278(0.05)  1121(0.46)  
2518 1119(0.24)  137(0.22)  380(0.34)  64(0.26)  1012(0.25)  
2519 866(0.18)  1282(0.64)  34(0.57)  1076(0.27)  1066(0.60)  683(0.57)  
2520 1010(0.68)  440(0.03)  
2521 1116(0.69)  1266(0.31)  817(0.98)  607(0.01)  823(0.44)  174(0.18)  
2522 1156(0.15)  733(0.11)  856(0.72)  74(0.86)  
2523 354(0.13)  824(0.48)  1386(0.07)  431(0.85)  1007(0.18)  837(1.00)  
2524 516(0.66)  1145(0.25)  
2525 1155(0.08)  373(0.47)  1161(0.59)  1498(0.30)  1315(0.13)  306(0.99)  
2526 1292(0.21)  1495(0.66)  154(0.03)  1063(0.19)  
2527 580(0.10)  1342(0.99)  
2528 193(0.42)  530(0.29)  347(0.88)  896(0.65)  393(0.43)  
2529 285(0.27)  235(0.85)  
2530 85(0.25)  834(0.35)  
2531 378(0.50)  368(0.40)  1543(0.04)  1547(0.13)  805(0.21)  
2532 1285(0.76)  9(0.20)  719(0.11)  149(0.48)  1031(0.68)  1210(0.95)  627(0.43)  
2533 677(0.27)  667(0.38)  284(0.36)  1432(0.86)  690(0.87)  1359(0.34)  
2534 242(0.81)  803(0.08)  1407(0.30)  425(0.01)  254(0.70)  1496(0.07)  887(0.92)  
2535 100(0.94)  63(0.64)  905(0.22)  350(0.13)  872(0.62)  
2536 30(0.59)  1005(0.43)  50(0.19)  213(0.38)  456(0.67)  140(0.12)  1088(0.48)  1359(0.94)  
2537 626(0.88)  1162(0.93)  380(0.38)  1169(0.13)  1506(0.15)  1323(0.21)  314(0.47)  1368(0.58)  
2538 1061(0.05)  251(0.12)  1121(0.46)  484(0.31)  422(0.08)  1437(0.50)  1094(0.24)  
2539 16(0.32)  658(0.29)  702(0.55)  985(0.63)  136(0.70)  1124(0.87)  448(0.65)  918(0.21)  
2540 850(0.74)  107(0.71)  777(0.81)  1153(0.95)  24(0.21)  1026(0.53)  1549(0.19)  
2541 8(0.09)  1517(0.92)  108(0.21)  1217(0.86)  1007(0.60)  1223(0.45)  574(0.69)  963(0.59)  
2542 709(0.51)  
2543 1492(0.92)  576(0.79)  206(0.40)  489(0.18)  1198(0.41)  1042(0.54)  
2544 70(0.29)  141(0.02)  757(0.09)  54(0.04)  
2545 157(0.55)  707(0.44)  203(0.29)  
2546 1012(0.63)  430(0.82)  619(0.83)  1196(0.69)  1439(0.38)  
2547 544(0.09)  255(0.29)  1537(0.14)  395(0.99)  705(0.64)  189(0.34)  178(0.13)  1354(0.18)  
2548 1421(0.04)  812(0.20)  
2549 542(0.82)  
2550 991(0.05)  862(0.32)  519(0.66)  1135(0.89)  845(0.72)  569(0.26)  985(0.10)  1295(0.32)  
2551 1120(0.33)  138(0.20)  1526(0.37)  
2552 937(0.00)  687(0.87)  1436(0.41)  334(0.46)  111(0.52)  
2553 1017(0.89)  834(0.66)  1383(0.35)  1294(0.57)  
2554 558(0.67)  1508(0.45)  
2555 560(0.37)  1042(0.04)  1152(1.00)  1236(0.63)  
2556 366(0.51)  1209(0.75)  239(0.44)  1175(0.54)  339(0.42)  876(0.62)  94(0.49)  882(0.91)  
2557 1150(0.56)  74(0.07)  1329(0.90)  1412(0.93)  1162(0.96)  353(0.16)  
2558 1470(0.78)  1380(0.57)  505(0.26)  16(0.23)  338(0.54)  
2559 1214(0.24)  
2560 69(0.07)  153(0.53)  1461(0.52)  652(0.42)  1521(0.85)  885(0.55)  408(0.22)  279(0.35)  
2561 1288(0.10)  1292(0.60)  1136(0.37)  460(0.19)  930(0.49)  1492(0.69)  
2562 51(0.72)  188(0.59)  604(0.82)  914(0.18)  
2563 1394(0.38)  491(0.20)  1227(0.91)  990(0.61)  
2564 894(0.66)  571(0.06)  721(0.47)  1416(0.80)  62(0.84)  
2565 1470(0.42)  727(0.72)  983(0.53)  1360(0.09)  644(0.26)  1233(0.16)  611(0.64)  1333(0.78)  
2566 868(0.22)  1363(0.92)  608(0.47)  585(0.70)  
2567 502(0.42)  1318(0.57)  15(0.78)  
2568 1332(0.35)  1509(0.41)  1392(0.71)  184(0.88)  693(0.30)  723(0.06)  
2569 897(0.79)  88(0.82)  957(0.79)  321(0.13)  1402(0.51)  1273(0.06)  
2570 364(0.22)  541(0.81)  424(0.77)  774(0.44)  578(0.74)  1021(0.75)  
2571 1098(0.90)  289(0.56)  745(0.54)  522(0.43)  46(0.78)  1061(0.45)  1132(0.05)  
2572 53(0.03)  696(0.86)  326(0.82)  609(0.60)  1318(0.66)  1162(0.70)  
2573 1360(0.46)  1430(0.40)  488(0.87)  
2574 750(0.35)  
2575 1493(0.65)  617(0.92)  128(0.21)  
2576 448(0.24)  1024(0.07)  
2577 781(0.41)  26(0.70)  
2578 49(0.46)  664(0.36)  375(0.59)  
2579 319(0.12)  681(0.28)  34(0.41)  1515(0.93)  1332(0.17)  323(0.38)  234(0.52)  
2580 1349(0.85)  273(0.30)  
2581 577(0.95)  300(0.30)  813(0.80)  1123(0.74)  607(0.97)  
2582 191(0.82)  287(0.26)  730(0.84)  1373(0.14)  1417(0.43)  141(0.22)  437(0.38)  
2583 502(0.77)  918(0.50)  1228(0.80)  
2584 360(0.65)  
2585 916(0.57)  799(0.19)  1149(0.56)  100(0.30)  543(0.69)  1186(0.14)  
2586 1369(0.73)  267(0.29)  44(0.66)  1223(0.22)  
2587 607(0.21)  
2588 1496(0.67)  1007(0.70)  1329(0.96)  1506(0.07)  1389(0.11)  
2589 776(0.76)  1271(0.81)  516(0.83)  493(0.61)  
2590 410(0.22)  1225(0.91)  1481(0.07)  
2591 70(0.21)  247(0.40)  130(0.53)  480(0.07)  989(0.91)  1019(0.16)  103(0.07)  
2592 1472(0.96)  
2593 1389(0.60)  1378(0.88)  996(0.89)  
2594 1314(0.60)  438(0.20)  1093(0.69)  272(0.27)  448(0.88)  332(0.71)  681(0.14)  
2595 1041(0.91)  818(0.15)  342(0.73)  1357(0.19)  
2596 502(0.90)  1290(0.85)  69(0.17)  1444(0.69)  435(0.79)  346(0.72)  1028(0.86)  
2597 94(0.12)  204(0.32)  287(0.04)  38(0.37)  787(0.29)  1242(0.11)  
2598 231(0.27)  913(0.78)  424(0.50)  747(0.32)  
2599 397(0.81)  414(0.36)  364(0.46)  
2600 1133(0.38)  591(0.54)  247(0.31)  572(0.47)  283(0.60)  6(0.23)  
2601 310(1.00)  339(1.00)  982(0.60)  1025(0.78)  1308(0.67)  459(0.02)  1448(0.14)  
2602 596(0.08)  1012(0.46)  1322(0.22)  806(0.37)  796(0.58)  
2603 195(0.60)  
2604 1070(0.78)  1540(0.04)  
2605 565(0.53)  355(0.49)  571(0.52)  1480(0.75)  311(0.02)  288(0.17)  
2606 701(0.73)  1477(0.06)  708(0.98)  1045(0.05)  
2607 1134(0.42)  179(0.56)  
2608 1161(0.84)  512(0.21)  901(0.88)  878(0.03)  1361(0.80)  
2609 267(0.23)  1203(0.35)  367(0.26)  903(0.49)  121(0.17)  909(0.50)  1246(0.90)  
2610 1460(0.87)  397(0.48)  1200(0.65)  1177(0.39)  102(0.04)  1356(0.94)  1439(0.36)  
2611 532(0.95)  43(0.24)  366(0.69)  543(0.63)  426(0.13)  776(0.43)  1285(0.77)  
2612 912(0.17)  436(0.62)  307(0.37)  1522(0.60)  579(0.77)  290(0.58)  14(0.57)  430(0.41)  
2613 1520(0.03)  565(0.79)  1141(0.57)  970(0.52)  654(0.21)  
2614 78(0.85)  215(0.17)  631(0.17)  941(0.64)  11(0.62)  
2615 1251(0.73)  202(0.40)  645(0.18)  1288(0.99)  918(0.43)  
2616 579(0.41)  662(0.63)  413(0.25)  
2617 1461(0.51)  718(0.78)  974(0.13)  1351(0.27)  635(0.81)  1224(0.75)  602(0.22)  1324(0.84)  
2618 859(0.47)  1354(0.99)  599(0.51)  576(0.55)  
2619 202(0.73)  1017(0.86)  
2620 347(0.06)  897(0.94)  807(0.86)  
2621 58(0.80)  1034(0.69)  1223(0.57)  241(0.69)  485(0.88)  168(0.95)  
2622 1181(0.10)  1170(0.05)  
2623 1553(0.38)  1197(0.29)  1121(0.49)  937(0.30)  
2624 1522(0.59)  540(0.85)  370(0.07)  53(0.81)  1002(0.09)  
2625 1172(0.91)  30(0.96)  340(0.22)  969(0.96)  1372(0.27)  989(0.28)  
2626 1309(0.95)  1153(0.69)  477(0.20)  533(0.56)  
2627 371(0.85)  121(0.74)  
2628 517(0.15)  1559(0.19)  404(0.96)  1166(0.88)  
2629 618(0.60)  502(0.46)  851(0.50)  
2630 1502(0.17)  1359(0.53)  1376(0.79)  
2631 308(0.73)  246(0.17)  1261(0.26)  918(0.56)  1534(0.16)  
2632 518(0.00)  30(0.91)  352(0.45)  529(0.48)  412(0.72)  762(0.87)  1271(0.44)  
2633 898(0.24)  422(0.42)  293(0.92)  1508(0.73)  566(0.46)  276(0.49)  1558(0.58)  416(0.92)  
2634 1506(0.87)  551(0.45)  1127(0.71)  957(0.91)  640(0.03)  
2635 161(0.74)  299(0.18)  715(0.20)  1025(0.56)  95(0.10)  
2636 1237(0.30)  188(0.45)  631(0.19)  1274(0.02)  904(0.06)  
2637 583(0.55)  667(0.39)  417(0.24)  
2638 1465(0.66)  723(0.42)  979(0.78)  1355(0.94)  640(0.84)  1228(0.33)  606(0.02)  1328(0.96)  
2639 864(0.36)  1359(0.84)  604(0.73)  581(0.37)  
2640 498(0.62)  1313(0.69)  11(0.22)  
2641 1328(0.89)  1504(0.96)  1388(0.43)  179(0.21)  689(0.10)  718(0.13)  
2642 892(0.16)  83(0.54)  952(0.78)  316(0.65)  1398(0.93)  1269(0.53)  
2643 360(0.77)  536(0.42)  420(0.13)  769(0.53)  865(0.39)  1308(0.58)  
2644 1094(0.46)  285(0.09)  740(0.83)  518(0.72)  41(0.85)  1056(0.58)  1127(0.23)  
2645 49(0.07)  692(0.21)  321(0.86)  604(0.83)  1314(0.64)  1158(0.38)  
2646 88(0.16)  159(0.96)  775(0.59)  72(0.53)  
2647 1442(0.05)  
2648 506(0.16)  856(0.88)  1366(0.73)  251(0.19)  
2649 1526(0.45)  184(0.15)  679(0.32)  1482(0.00)  1459(0.18)  384(0.16)  80(0.18)  
2650 520(0.75)  1203(0.64)  714(0.59)  1036(0.13)  
2651 396(0.49)  412(0.26)  362(0.88)  
2652 718(0.22)  589(0.34)  246(0.88)  861(0.76)  572(0.49)  296(0.90)  
2653 283(0.33)  726(0.85)  
2654 83(0.99)  1325(0.43)  
2655 376(0.38)  859(0.79)  969(0.28)  
2656 794(0.07)  411(0.73)  2(0.15)  
2657 145(0.91)  800(0.05)  1537(0.78)  1300(0.69)  1183(0.25)  1533(0.68)  
2658 1268(0.57)  1351(0.78)  1101(0.88)  292(0.55)  748(0.18)  525(0.20)  
2659 321(0.01)  1390(0.46)  155(0.02)  332(0.79)  215(0.38)  273(0.90)  
2660 1056(0.01)  1139(0.57)  889(0.94)  80(0.69)  1047(0.02)  410(0.01)  348(0.26)  
2661 863(0.04)  1373(0.62)  1402(0.49)  
2662 1388(0.03)  1338(0.72)  1487(0.44)  1038(0.67)  828(0.06)  1044(0.30)  395(0.49)  
2663 1498(0.73)  1421(0.52)  
2664 143(0.43)  786(0.69)  829(0.32)  1112(0.13)  1408(0.75)  1252(0.38)  576(0.90)  
2665 719(0.81)  1029(0.93)  
2666 1272(0.26)  1395(0.96)  
2667 619(0.90)  968(0.10)  1478(0.90)  363(0.43)  
2668 80(0.11)  296(0.92)  1205(0.76)  36(0.44)  14(0.14)  496(0.44)  606(0.24)  
2669 633(0.87)  1315(0.73)  826(0.46)  1149(0.37)  1325(0.25)  1209(0.02)  
2670 795(1.00)  491(0.13)  
2671 408(0.90)  824(0.92)  1134(0.07)  618(0.80)  
2672 1125(0.39)  
2673 1481(0.15)  1524(0.74)  249(0.11)  959(0.73)  389(0.81)  
2674 106(0.49)  975(0.15)  339(0.07)  1420(0.19)  1291(0.30)  
2675 1223(0.91)  1133(0.83)  258(0.81)  913(0.43)  
2676 1029(0.31)  
2677 146(0.18)  895(0.59)  1350(0.80)  
2678 1121(0.39)  1084(0.06)  368(0.41)  
2679 915(0.17)  1264(0.79)  216(0.03)  659(0.38)  1302(0.45)  931(0.20)  
2680 382(0.74)  1426(0.33)  950(0.88)  407(0.06)  478(0.59)  1093(0.36)  390(0.91)  528(0.45)  
2681 1349(0.17)  767(0.51)  956(0.96)  1532(0.83)  218(0.34)  1460(0.95)  850(0.93)  
2682 38(0.76)  415(0.67)  1257(0.34)  288(0.81)  1224(0.86)  388(0.48)  924(0.53)  
2683 1122(0.69)  673(0.53)  463(0.18)  679(0.01)  30(0.77)  
2684 337(0.22)  713(1.00)  1142(0.08)  587(0.90)  1109(0.48)  687(0.82)  809(0.08)  
2685 154(0.22)  
2686 1469(0.11)  21(0.02)  104(0.51)  1412(0.43)  603(0.56)  
2687 229(0.27)  1017(0.55)  1354(0.11)  1171(0.55)  162(0.24)  73(0.81)  
2688 1351(0.25)  10(0.92)  919(0.51)  1308(0.94)  1285(0.22)  209(0.73)  
2689 528(0.50)  1316(0.12)  95(0.87)  1470(0.52)  461(0.54)  1516(0.39)  640(0.12)  
2690 411(0.76)  108(0.79)  191(0.22)  1499(0.40)  690(0.57)  1(0.04)  923(0.53)  860(0.55)  
2691 1141(0.95)  1423(0.14)  575(0.05)  5(0.18)  887(0.79)  1357(0.99)  
2692 889(0.82)  600(0.66)  
2693 462(0.11)  
2694 473(0.33)  290(0.33)  839(0.43)  
2695 1089(0.33)  1559(0.95)  
2696 680(0.55)  470(0.45)  686(0.39)  37(0.31)  426(0.26)  404(0.41)  
2697 720(0.84)  1496(0.17)  726(0.61)  1063(0.14)  
2698 861(0.59)  1464(0.71)  69(0.09)  312(0.04)  1554(0.75)  944(0.13)  1215(0.92)  
2699 509(0.56)  1351(0.05)  
2700 349(0.90)  1418(0.76)  182(0.03)  359(0.10)  243(0.87)  592(0.94)  
2701 1374(0.57)  1457(0.53)  
2702 1416(0.45)  168(0.12)  1210(0.82)  1199(0.39)  817(0.33)  
2703 1333(0.73)  417(0.22)  461(0.65)  744(0.05)  1453(0.34)  980(0.06)  304(0.11)  
2704 448(0.56)  
2705 924(0.47)  1301(0.21)  
2706 167(0.79)  849(0.98)  
2707 1338(0.51)  1182(0.33)  506(0.06)  976(0.51)  1538(0.45)  583(0.68)  
2708 331(0.72)  747(0.00)  
2709 437(0.63)  14(0.26)  137(0.73)  913(0.83)  143(0.85)  480(0.53)  297(0.99)  846(0.11)  
2710 680(0.35)  431(0.49)  1180(0.12)  77(0.66)  
2711 620(0.92)  1342(0.81)  321(0.18)  1096(0.40)  327(0.22)  664(0.84)  481(0.86)  1373(0.61)  617(0.30)  594(0.77)  1077(0.42)  773(0.28)  
2712 1210(0.40)  374(0.83)  
2713 1518(0.62)  1401(0.34)  193(0.65)  703(0.72)  732(0.67)  1375(0.56)  1418(0.98)  
2714 842(0.33)  1458(0.03)  1169(0.34)  892(0.76)  1308(0.73)  60(0.97)  
2715 407(0.10)  450(0.39)  733(0.00)  1029(0.62)  873(0.80)  197(0.89)  667(0.82)  
2716 67(0.26)  696(0.33)  1099(0.52)  716(0.89)  307(0.57)  1122(0.93)  234(0.98)  
2717 298(0.24)  
2718 454(0.75)  658(0.54)  874(0.57)  225(0.13)  614(0.21)  591(0.80)  1074(0.96)  
2719 156(0.85)  1211(0.96)  335(0.88)  1404(0.84)  169(0.83)  345(0.65)  
2720 890(0.75)  1373(0.28)  1069(0.85)  1152(0.69)  903(0.47)  
2721 1206(0.77)  11(0.50)  1213(0.80)  1136(0.91)  
2722 178(0.45)  368(0.29)  944(0.70)  1187(0.03)  
2723 917(0.08)  440(0.58)  311(0.89)  1526(0.30)  584(0.22)  295(0.14)  18(0.86)  434(0.93)  
2724 1524(0.80)  569(0.99)  1145(0.10)  975(0.66)  659(0.58)  
2725 180(0.79)  317(0.01)  733(0.57)  1043(0.55)  113(0.75)  
2726 1255(0.89)  207(0.95)  650(0.86)  1292(0.33)  922(0.78)  
2727 602(0.61)  685(0.35)  435(0.95)  
2728 1484(0.32)  741(0.09)  997(0.45)  1374(0.98)  658(0.15)  1247(0.12)  625(0.74)  1347(0.84)  
2729 882(0.21)  1377(0.41)  622(0.08)  599(0.47)  
2730 516(0.42)  1331(0.15)  29(0.16)  
2731 1346(0.74)  1523(0.12)  1406(0.10)  198(0.55)  707(0.25)  736(0.03)  
2732 813(0.91)  4(0.70)  874(0.90)  237(0.39)  1319(0.21)  1190(0.40)  
2733 378(0.89)  555(0.22)  438(0.66)  788(0.78)  883(0.71)  1326(0.77)  
2734 1112(0.32)  303(0.99)  759(0.97)  536(0.53)  60(0.14)  1075(0.34)  1145(0.81)  
2735 1528(0.38)  613(0.89)  243(0.81)  526(0.35)  1235(0.75)  1079(0.97)  
2736 107(0.54)  177(0.94)  793(0.01)  90(0.73)  
2737 194(0.12)  743(0.64)  240(0.61)  
2738 758(0.36)  175(0.17)  365(0.66)  941(0.98)  
2739 1550(0.30)  914(0.21)  851(0.28)  308(0.48)  
2740 695(0.19)  339(0.16)  
2741 416(0.30)  445(0.17)  1088(0.70)  1131(0.86)  1414(0.48)  566(0.81)  1554(0.23)  878(0.93)  
2742 131(0.64)  1279(0.75)  537(0.51)  
2743 520(0.81)  1256(0.89)  1433(0.10)  1316(0.98)  108(0.51)  301(0.33)  744(0.98)  
2744 1326(0.94)  783(0.33)  
2745 835(0.98)  
2746 419(0.58)  1195(0.47)  
2747 1551(0.60)  503(1.00)  946(0.86)  30(0.87)  1218(0.12)  1501(0.27)  
2748 543(0.97)  67(0.08)  1082(0.04)  1153(0.46)  
2749 1016(0.63)  1353(0.78)  
2750 1536(0.29)  207(0.90)  250(0.96)  533(0.11)  1242(0.35)  1086(0.62)  
2751 1284(0.45)  941(0.68)  
2752 325(0.95)  
2753 15(0.35)  1217(0.20)  1140(0.62)  957(0.35)  1507(0.98)  1417(0.55)  
2754 1138(0.41)  1354(0.84)  705(0.16)  1508(0.11)  1071(0.94)  1554(0.93)  106(0.63)  
2755 158(0.95)  840(0.04)  
2756 1250(0.93)  1094(0.94)  418(0.71)  888(0.67)  1450(0.51)  
2757 277(0.42)  1292(0.36)  1362(0.34)  420(0.91)  
2758 4(0.19)  1379(0.19)  370(0.28)  281(0.89)  963(0.55)  60(0.87)  797(0.23)  
2759 611(0.11)  361(0.51)  1110(0.06)  
2760 667(0.49)  923(0.37)  1299(0.68)  584(0.63)  1172(0.95)  550(0.06)  1272(0.31)  
2761 299(0.08)  449(0.94)  1557(0.32)  
2762 182(0.55)  798(0.56)  509(0.33)  
2763 550(0.03)  1438(0.17)  949(0.23)  1272(0.15)  1448(0.73)  
2764 939(0.47)  889(0.79)  1039(0.24)  589(1.00)  379(0.37)  
2765 1496(0.46)  754(0.50)  1423(0.36)  
2766 1473(0.28)  92(0.45)  1533(0.36)  325(0.92)  
2767 1337(0.29)  888(0.05)  678(0.79)  894(0.48)  245(0.64)  634(0.83)  
2768 805(0.56)  928(0.47)  145(0.55)  934(0.70)  1271(0.73)  1088(0.28)  79(0.72)  
2769 836(0.26)  813(0.69)  1296(0.33)  
2770 1119(0.39)  
2771 1462(0.77)  493(0.22)  1429(0.57)  593(0.72)  
2772 1459(0.12)  1303(0.66)  627(0.88)  683(0.40)  
2773 107(0.19)  
2774 1449(0.47)  507(0.31)  
2775 918(0.64)  203(0.70)  792(0.90)  
2776 1002(0.86)  1511(0.65)  1540(0.14)  625(0.20)  
2777 1474(1.00)  825(0.38)  70(0.07)  1191(0.68)  116(0.21)  226(0.95)  309(0.36)  
2778 1348(0.48)  446(0.03)  1182(0.09)  1359(0.07)  
2779 558(0.94)  508(0.40)  658(0.63)  
2780 321(0.68)  391(0.02)  1007(0.57)  304(0.15)  441(0.94)  
2781 1384(0.48)  1147(0.73)  1030(0.21)  1380(0.25)  
2782 1248(0.85)  385(0.54)  588(0.49)  805(0.45)  156(0.80)  545(0.46)  
2783 10(0.72)  547(0.49)  1323(0.82)  553(0.72)  890(0.93)  
2784 114(0.38)  1063(0.83)  919(0.95)  
2785 796(0.64)  160(0.74)  97(0.35)  1113(0.13)  769(0.77)  1385(0.77)  1096(0.37)  819(0.91)  
2786 594(0.72)  11(0.13)  
2787 966(0.20)  1183(0.10)  534(0.91)  1336(0.24)  900(0.02)  1382(0.47)  
2788 142(0.04)  1345(0.22)  1268(0.39)  1085(0.83)  76(0.09)  
2789 250(0.38)  267(0.89)  217(0.91)  366(0.18)  1475(0.23)  1265(0.49)  1481(0.23)  832(0.19)  
2790 285(0.01)  967(0.35)  65(0.97)  
2791 701(0.37)  
2792 418(0.15)  568(0.84)  1263(0.36)  
2793 399(0.57)  1015(0.62)  
2794 1304(0.59)  588(0.24)  1177(0.86)  555(0.99)  1277(0.40)  
2795 300(0.85)  198(0.84)  774(0.59)  1017(0.92)  701(0.06)  
2796 125(0.04)  1406(0.83)  264(0.47)  
2797 172(0.99)  95(0.70)  1470(0.79)  
2798 1387(0.86)  711(0.78)  1181(0.92)  
2799 366(0.51)  1487(0.30)  411(0.46)  522(0.65)  605(0.71)  355(0.46)  
2800 114(0.47)  663(0.12)  
2801 1166(0.18)  1449(0.36)  187(0.84)  31(0.67)  913(0.21)  1383(0.65)  
2802 1303(0.43)  600(0.33)  737(0.02)  1153(0.86)  
2803 1164(0.45)  288(0.28)  943(0.60)  121(0.34)  1442(0.91)  1326(0.02)  117(0.74)  
2804 502(0.77)  
2805 939(0.05)  1355(0.43)  1251(0.61)  735(0.47)  1139(0.10)  
2806 926(0.88)  1369(0.82)  40(0.37)  
2807 1182(0.49)  1331(0.25)  882(0.37)  1086(0.61)  1302(0.26)  239(0.07)  1042(0.56)  
2808 974(0.09)  791(0.41)  1340(0.65)  1250(0.61)  375(0.45)  1444(0.30)  
2809 538(0.50)  1341(0.30)  904(0.33)  1387(0.47)  1497(0.12)  22(0.62)  
2810 6(0.38)  
2811 665(0.60)  549(0.59)  898(0.49)  
2812 1427(0.23)  139(0.82)  156(0.36)  
2813 938(0.64)  462(0.12)  1477(0.62)  1547(0.20)  605(0.50)  1460(0.84)  
2814 1075(0.67)  26(0.61)  469(0.80)  1112(0.00)  
2815 403(0.48)  1312(0.83)  
2816 218(0.22)  288(0.06)  904(0.25)  201(0.66)  
2817 305(0.78)  854(0.29)  351(0.90)  
2818 1160(0.16)  577(0.88)  767(0.20)  1343(0.57)  28(0.03)  1270(0.71)  
2819 724(0.78)  714(0.92)  331(0.45)  335(0.76)  1151(0.29)  1407(0.57)  225(0.87)  
2820 11(0.13)  959(0.53)  
2821 689(0.33)  799(0.62)  
2822 716(0.56)  1132(0.22)  1442(0.84)  926(0.40)  916(0.84)  
2823 703(0.39)  1146(0.81)  231(0.84)  274(0.70)  
2824 430(0.46)  819(0.78)  796(0.94)  1279(0.16)  1389(0.80)  1472(0.13)  
2825 1165(0.91)  981(0.75)  1531(0.93)  1441(0.95)  565(0.07)  
2826 16(0.82)  
2827 1095(0.84)  20(0.99)  130(0.96)  213(0.85)  1522(0.31)  712(0.13)  
2828 563(0.25)  
2829 985(0.48)  1495(0.74)  380(0.26)  609(0.11)  
2830 22(0.73)  517(0.85)  1320(0.98)  1297(0.00)  221(0.68)  1476(0.17)  1(0.72)  
2831 1040(0.08)  552(0.73)  874(0.27)  
2832 1350(0.73)  36(0.56)  1277(0.63)  668(0.02)  
2833 718(0.66)  375(0.02)  991(0.96)  701(0.68)  425(0.06)  
2834 1076(0.45)  1252(0.26)  1136(0.61)  
2835 774(0.81)  165(0.98)  435(0.40)  452(0.34)  402(0.02)  551(0.55)  
2836 936(0.30)  899(0.38)  
2837 470(0.52)  1153(0.73)  250(0.75)  986(0.67)  
2838 637(0.98)  653(0.45)  603(0.41)  
2839 1056(0.62)  513(0.15)  584(0.05)  1200(0.12)  497(0.07)  634(0.60)  1050(0.34)  946(0.59)  
2840 771(0.78)  1347(0.10)  33(0.41)  1275(0.06)  
2841 1258(0.22)  715(0.49)  372(0.58)  988(0.38)  698(0.29)  422(0.94)  838(0.91)  
2842 972(0.40)  402(0.01)  
2843 787(0.07)  937(0.69)  488(0.66)  278(0.15)  494(0.56)  
2844 943(0.80)  55(0.90)  
2845 1236(0.30)  1147(0.70)  271(0.59)  927(0.91)  
2846 1140(0.56)  1410(0.28)  
2847 1394(0.90)  1477(0.84)  1227(0.13)  418(0.21)  874(0.13)  651(0.41)  175(0.32)  
2848 400(0.38)  
2849 903(0.88)  227(0.80)  283(0.07)  1259(0.21)  304(0.33)  466(0.59)  
2850 467(0.94)  
2851 530(0.48)  906(0.04)  
2852 64(0.40)  746(0.81)  257(0.08)  580(0.81)  
2853 230(0.60)  247(0.55)  197(0.72)  
2854 675(0.24)  132(0.86)  1347(0.27)  405(0.32)  
2855 1547(0.47)  
2856 958(0.88)  842(0.04)  1191(0.68)  143(0.94)  172(0.41)  
2857 1478(0.76)  402(0.60)  512(0.27)  
2858 629(0.01)  246(0.17)  1394(0.43)  652(0.63)  
2859 1490(0.00)  28(0.90)  471(0.98)  1114(0.60)  1157(0.46)  1440(0.42)  
2860 1530(0.28)  1053(0.11)  
2861 38(0.02)  854(0.50)  62(0.88)  
2862 112(0.88)  1433(0.93)  1317(0.89)  108(0.99)  618(0.24)  
2863 734(0.68)  711(0.56)  1194(0.84)  
2864 726(0.05)  1129(0.18)  333(0.48)  337(0.61)  1152(0.30)  1408(0.47)  227(0.86)  
2865 304(0.17)  1252(0.30)  1109(0.80)  1125(0.23)  
2866 114(0.08)  1383(0.07)  1106(0.79)  1522(0.18)  274(0.03)  1316(0.12)  
2867 276(0.29)  559(0.54)  
2868 1408(0.42)  1424(0.14)  1374(0.67)  1524(0.87)  1075(0.54)  865(0.52)  1081(0.19)  432(0.53)  
2869 273(0.08)  955(0.14)  53(0.13)  
2870 689(0.36)  
2871 406(0.98)  556(0.07)  107(0.41)  
2872 290(0.95)  905(0.65)  
2873 922(0.90)  206(0.68)  1209(0.82)  173(0.07)  1308(0.97)  
2874 306(0.81)  909(0.18)  1071(0.22)  1315(0.75)  999(0.97)  
2875 550(0.08)  554(0.03)  1369(0.45)  67(0.71)  444(0.49)  1286(0.95)  317(0.49)  
2876 1423(0.53)  
2877 447(0.65)  1250(0.90)  1227(0.15)  152(0.97)  1406(0.38)  1489(0.66)  1240(0.55)  431(0.23)  
2878 1335(0.11)  1365(0.14)  449(0.24)  493(0.76)  776(0.71)  
2879 133(0.53)  
2880 14(0.61)  630(0.82)  340(0.54)  
2881 1428(0.75)  646(0.44)  290(0.06)  214(0.09)  30(0.19)  580(0.68)  490(0.72)  
2882 1314(0.65)  238(0.25)  349(0.30)  432(0.70)  182(0.57)  931(0.80)  1387(0.17)  
2883 971(0.80)  854(0.77)  1204(0.30)  155(0.31)  598(0.40)  1241(0.62)  
2884 1521(0.92)  419(0.72)  196(0.04)  1278(0.78)  
2885 371(0.82)  1147(0.66)  377(0.04)  714(0.04)  531(0.23)  1080(0.74)  577(0.14)  
2886 548(0.81)  1030(0.95)  727(0.78)  810(0.22)  
2887 451(0.27)  
2888 967(0.48)  890(0.78)  707(0.50)  1256(0.15)  1167(0.03)  291(0.07)  1360(0.77)  
2889 1025(0.05)  1109(0.08)  859(0.44)  50(0.18)  919(0.77)  
2890 1169(0.59)  1189(0.27)  1006(0.92)  1555(0.70)  1466(0.34)  590(0.24)  1245(0.72)  423(0.38)  
2891 873(0.11)  396(0.46)  1412(0.08)  1482(0.28)  540(0.32)  1395(0.71)  
2892 621(0.97)  1131(0.89)  
2893 688(0.71)  931(0.68)  615(0.51)  
2894 190(0.37)  939(0.58)  1394(0.72)  
2895 751(0.25)  1128(0.77)  412(0.41)  
2896 862(0.62)  1211(0.43)  163(0.40)  606(0.46)  835(0.61)  
2897 448(0.61)  144(0.56)  227(0.40)  1536(0.89)  726(0.31)  38(0.61)  959(0.73)  897(0.81)  
2898 1177(0.84)  1460(0.72)  611(0.52)  41(0.75)  923(0.24)  1393(0.14)  
2899 1217(0.55)  927(0.99)  651(0.58)  1067(0.33)  
2900 786(0.84)  1468(0.44)  566(0.81)  1302(0.83)  1479(0.18)  
2901 410(0.85)  626(0.79)  1535(0.47)  366(0.13)  
2902 767(0.33)  357(0.87)  1172(0.73)  284(0.99)  247(0.14)  1089(0.25)  
2903 234(0.38)  396(0.61)  640(0.70)  324(0.91)  1272(0.36)  1542(0.52)  
2904 554(0.51)  558(0.90)  1374(0.49)  72(0.05)  448(0.76)  1291(0.27)  321(0.26)  
2905 1427(0.70)  
2906 452(0.33)  1255(0.33)  1232(0.08)  156(0.49)  1411(0.18)  1494(0.11)  1244(0.40)  435(0.56)  
2907 1340(0.51)  1369(0.51)  454(0.20)  497(0.81)  780(0.38)  
2908 138(0.92)  
2909 1479(0.40)  537(0.97)  
2910 1337(0.91)  208(0.69)  1210(0.96)  174(0.10)  1310(0.29)  
2911 308(0.22)  911(0.68)  1487(0.25)  1316(0.07)  1000(0.14)  391(0.45)  661(0.53)  
2912 1125(0.25)  409(0.40)  1412(0.00)  376(0.68)  1512(0.17)  77(0.95)  
2913 690(0.80)  960(0.04)  977(0.33)  927(0.07)  1076(0.08)  213(0.25)  417(0.50)  
2914 667(0.26)  1442(0.22)  
2915 1489(0.35)  440(0.30)  883(0.28)  1112(0.05)  1156(0.24)  1439(0.84)  
2916 1528(0.49)  1466(0.05)  923(0.80)  580(0.88)  
2917 953(0.59)  877(0.08)  693(0.41)  1243(0.55)  1153(0.59)  277(0.05)  1347(0.11)  
2918 1303(0.21)  1386(0.66)  1136(0.53)  327(0.87)  1197(0.35)  560(0.24)  
2919 479(0.47)  1134(0.23)  313(0.38)  489(0.98)  373(0.19)  722(0.94)  818(0.88)  
2920 859(0.57)  383(0.80)  1398(0.63)  1469(0.73)  526(0.95)  1381(0.68)  
2921 899(0.62)  1408(0.68)  293(0.88)  
2922 279(0.07)  229(0.86)  
2923 79(0.19)  828(0.26)  
2924 1516(0.07)  362(0.44)  1123(0.25)  
2925 272(0.37)  954(0.11)  465(0.17)  788(0.71)  
2926 438(0.43)  455(0.09)  405(0.71)  555(0.06)  
2927 338(0.86)  754(0.22)  1064(0.55)  548(0.80)  
2928 376(0.87)  698(0.77)  875(0.63)  758(0.94)  1108(0.04)  
2929 640(0.12)  1443(0.51)  1006(0.51)  1489(0.93)  41(0.17)  124(0.64)  1432(0.12)  
2930 261(0.75)  997(0.13)  1174(0.23)  1057(0.53)  1407(0.66)  1502(0.61)  
2931 714(0.00)  464(0.79)  1213(0.23)  111(0.94)  
2932 362(0.29)  1498(0.16)  63(0.32)  839(0.58)  69(0.56)  406(0.03)  223(0.48)  
2933 1529(0.42)  360(0.84)  337(0.33)  819(0.91)  
2934 1069(0.18)  1325(0.06)  
2935 1071(0.49)  568(0.03)  1250(0.39)  
2936 794(0.90)  984(0.93)  2(0.18)  245(0.91)  1487(0.50)  878(0.05)  734(0.88)  
2937 442(0.19)  
2938 958(0.36)  881(0.16)  698(0.86)  1247(0.93)  1158(0.55)  282(0.52)  1351(0.36)  
2939 1016(0.52)  1099(0.63)  850(0.63)  41(0.21)  910(0.35)  
2940 1160(0.78)  1083(1.00)  900(0.11)  1449(0.01)  1359(0.16)  484(0.41)  1139(0.06)  317(0.98)  
2941 864(0.31)  387(0.34)  1402(0.55)  1473(0.28)  531(0.34)  1386(0.28)  
2942 612(0.84)  1122(0.71)  
2943 679(0.30)  922(0.19)  606(0.43)  
2944 83(0.55)  832(0.24)  
2945 1521(0.90)  366(0.40)  1128(0.46)  
2946 276(0.07)  959(0.18)  470(0.42)  792(0.09)  
2947 443(0.47)  459(0.58)  410(0.60)  559(0.27)  
2948 52(0.06)  468(0.35)  
2949 572(0.76)  1293(0.08)  272(0.96)  634(0.94)  278(0.94)  201(0.05)  
2950 708(0.80)  858(0.10)  409(0.49)  199(0.54)  
2951 1368(0.55)  852(0.66)  841(0.67)  459(0.06)  49(0.50)  864(0.89)  
2952 1116(0.69)  28(0.56)  
2953 610(0.61)  400(0.96)  617(0.29)  1526(0.10)  357(0.14)  334(0.72)  
2954 650(0.84)  1523(0.91)  753(0.01)  
2955 271(0.73)  980(0.19)  824(0.01)  148(0.06)  204(0.15)  1180(0.25)  225(0.72)  387(0.42)  
2956 439(0.23)  
2957 955(0.97)  1292(0.94)  
2958 1475(0.34)  146(0.13)  190(0.99)  472(0.93)  1182(0.49)  1026(0.97)  
2959 54(0.75)  1268(0.48)  326(0.64)  37(0.17)  
2960 1285(0.05)  276(0.59)  187(0.48)  869(0.08)  380(0.23)  703(0.71)  879(0.21)  763(0.50)  
2961 255(0.41)  1470(0.27)  528(0.47)  
2962 1204(0.26)  
2963 486(0.67)  1168(0.63)  265(0.22)  1001(0.26)  
2964 652(0.33)  669(0.11)  619(0.08)  
2965 974(0.26)  432(0.81)  502(0.49)  1118(0.64)  415(0.87)  552(0.14)  968(0.34)  1278(0.45)  
2966 1103(0.26)  1266(0.43)  1509(0.24)  
2967 1017(0.34)  768(0.11)  1517(0.24)  414(0.21)  192(0.89)  
2968 1001(0.83)  818(0.21)  1367(0.86)  863(0.12)  
2969 541(0.64)  225(0.01)  
2970 561(0.77)  1044(0.35)  740(0.22)  823(0.87)  
2971 368(0.34)  1210(0.85)  241(0.82)  1177(0.07)  341(0.86)  877(0.71)  1240(0.12)  884(0.94)  
2972 737(0.73)  1220(0.88)  1330(0.26)  1413(0.90)  1164(0.21)  355(0.55)  
2973 1472(0.23)  1382(0.57)  506(0.28)  1162(0.46)  340(0.35)  
2974 1216(0.79)  
2975 1532(0.68)  57(0.90)  1366(0.27)  556(0.20)  1012(0.79)  789(0.90)  313(0.63)  
2976 926(0.70)  1436(0.85)  321(0.06)  963(0.18)  
2977 254(0.02)  
2978 106(0.62)  855(0.51)  1311(0.95)  
2979 668(0.43)  1045(0.55)  329(0.47)  
2980 875(0.78)  1225(0.58)  176(0.97)  619(0.67)  848(0.61)  
2981 364(0.26)  61(0.18)  144(0.41)  1452(0.05)  643(0.94)  1512(0.42)  876(0.62)  
2982 689(0.97)  1038(0.82)  1548(0.67)  19(0.85)  662(0.74)  
2983 152(0.21)  262(0.71)  346(0.78)  96(0.29)  845(0.02)  156(0.56)  1078(0.66)  
2984 1279(0.13)  70(0.38)  166(0.45)  609(0.56)  1252(0.68)  1295(0.17)  20(0.65)  
2985 1044(0.25)  341(0.02)  478(0.85)  
2986 1060(0.17)  291(0.20)  
2987 368(0.49)  811(0.68)  1453(0.97)  1083(0.08)  1366(0.37)  517(0.98)  361(0.72)  
2988 1068(0.92)  1484(0.50)  1380(0.99)  864(0.17)  1268(0.83)  
2989 666(0.05)  1109(0.53)  
2990 467(0.24)  151(0.49)  
2991 760(0.82)  1243(0.52)  939(0.59)  1022(0.99)  773(0.70)  
2992 1173(0.02)  1535(0.93)  1180(0.05)  1103(0.16)  
2993 48(0.89)  237(0.53)  813(0.30)  1057(0.70)  
2994 786(0.11)  310(0.55)  181(0.62)  1396(0.08)  454(0.75)  164(0.56)  1155(0.25)  
2995 899(0.61)  1194(0.68)  1038(0.26)  362(0.85)  
2996 270(0.32)  353(0.71)  
2997 603(0.79)  913(0.47)  
2998 1428(0.72)  1551(0.29)  
2999 775(0.19)  1125(0.79)  76(0.23)  519(0.55)  1162(0.54)  
3000 361(0.94)  471(0.52)  555(0.96)  305(0.06)  1054(0.77)  1510(0.10)  1287(0.47)  
3001 1074(0.85)  1424(0.14)  375(0.21)  818(0.66)  1047(0.49)  1091(0.75)  
3002 542(0.64)  1463(0.11)  1401(0.54)  858(0.67)  515(0.53)  1130(0.89)  841(0.96)  
3003 1292(0.61)  17(0.14)  727(0.70)  157(0.12)  1039(0.95)  1509(0.68)  926(0.17)  
3004 1073(0.52)  
3005 1003(0.25)  447(0.97)  969(0.35)  547(0.45)  
3006 903(0.04)  747(0.92)  71(0.44)  541(0.77)  
3007 1231(0.63)  982(0.46)  173(0.61)  628(0.09)  406(0.64)  1487(0.20)  
3008 1271(0.59)  546(0.62)  309(0.93)  193(0.27)  
3009 164(0.65)  313(0.83)  
3010 763(0.83)  
3011 1518(0.01)  97(0.66)  513(0.85)  409(0.47)  
3012 501(0.89)  12(0.64)  334(0.51)  511(0.19)  394(0.08)  744(0.45)  1254(0.62)  
3013 784(0.28)  721(0.80)  178(0.30)  1393(0.54)  451(0.25)  161(0.82)  1540(0.54)  
3014 1284(0.28)  435(0.24)  1423(0.40)  747(0.75)  1217(0.47)  
3015 1082(0.42)  606(0.59)  
3016 1149(0.95)  406(0.19)  1076(0.19)  1452(0.94)  323(0.91)  1326(0.51)  290(0.93)  1425(0.06)  
3017 547(0.04)  1456(0.47)  
3018 653(0.57)  724(0.79)  1340(0.21)  637(0.04)  774(0.41)  1190(0.38)  
3019 815(0.29)  1458(0.78)  1088(0.42)  
3020 1192(0.93)  329(0.50)  532(0.31)  749(0.03)  100(0.92)  489(0.98)  
3021 342(0.61)  879(0.76)  97(0.49)  885(0.13)  1222(0.94)  1039(0.46)  
3022 1368(0.76)  919(0.10)  1122(0.71)  1339(0.70)  276(0.70)  1079(0.73)  
3023 544(0.01)  1081(0.04)  1540(0.16)  1184(0.97)  1107(0.53)  924(0.86)  1473(0.62)  
3024 1378(0.33)  941(0.66)  1423(0.85)  1534(0.74)  
3025 475(0.20)  852(0.92)  1280(0.85)  725(0.41)  1247(0.56)  825(0.73)  947(0.68)  
3026 389(0.08)  1498(0.22)  
3027 1294(0.41)  1072(0.97)  595(0.14)  52(0.17)  123(0.61)  
3028 599(0.02)  1282(0.02)  379(0.41)  1115(0.79)  
3029 474(0.38)  491(0.24)  
3030 541(0.22)  291(0.49)  1040(0.55)  
3031 597(0.75)  853(0.50)  1230(0.88)  514(0.32)  1103(0.33)  481(0.59)  1203(0.74)  
3032 617(0.78)  767(0.59)  318(0.85)  522(0.63)  
3033 985(0.20)  470(0.77)  459(0.63)  77(0.81)  
3034 1281(0.86)  1165(0.04)  1514(0.79)  466(0.01)  495(0.66)  1138(0.29)  
3035 1030(0.11)  341(0.25)  
3036 564(0.72)  181(0.38)  1329(0.11)  587(0.28)  
3037 255(0.82)  351(0.64)  794(0.93)  1437(0.53)  1480(0.86)  205(0.05)  501(0.26)  345(0.65)  
3038 863(0.42)  480(0.85)  70(0.06)  
3039 214(0.71)  869(0.75)  47(0.50)  1368(0.06)  1252(0.36)  43(0.58)  
3040 1336(0.87)  1419(0.71)  1170(0.39)  361(0.44)  816(0.27)  594(0.86)  117(0.71)  
3041 633(0.19)  1143(0.40)  
3042 408(0.81)  652(0.21)  336(0.91)  1284(0.50)  1141(0.44)  1157(0.62)  1107(0.45)  
3043 625(0.35)  
3044 1105(0.22)  96(0.95)  6(0.33)  689(0.10)  200(0.17)  522(0.71)  
3045 1558(0.88)  1121(0.18)  46(0.21)  156(0.07)  
3046 674(0.11)  
3047 364(0.27)  8(0.09)  1489(0.95)  1306(0.83)  297(0.06)  208(0.22)  
3048 1390(0.12)  
3049 538(0.54)  288(0.19)  1037(0.05)  
3050 594(0.36)  1264(0.34)  1227(0.57)  511(0.92)  1514(0.45)  478(0.33)  55(0.93)  
3051 640(0.05)  790(0.47)  1485(0.92)  130(0.46)  
3052 885(0.98)  370(0.05)  773(0.42)  1534(0.04)  1539(0.36)  
3053 1232(0.34)  1276(0.59)  1559(0.69)  710(0.17)  554(0.57)  1436(0.71)  
3054 700(0.31)  1315(0.15)  1026(0.34)  750(0.09)  1166(0.58)  1475(0.77)  
3055 1434(0.75)  1477(0.86)  202(0.54)  912(0.55)  342(0.15)  
3056 156(0.43)  1025(0.07)  389(0.21)  1471(0.87)  1342(1.00)  
3057 6(0.55)  1475(0.62)  599(0.59)  1254(0.81)  433(0.25)  609(0.55)  
3058 740(0.94)  1223(0.19)  1333(0.65)  1416(0.39)  
3059 547(0.17)  1389(0.84)  834(0.68)  1356(0.24)  
3060 677(0.69)  1387(0.97)  1231(0.19)  
3061 55(0.12)  964(0.62)  1353(0.58)  1330(0.15)  255(0.20)  365(0.67)  448(0.22)  
3062 686(0.08)  
3063 324(0.43)  553(0.69)  596(0.61)  879(0.97)  30(0.16)  1432(0.95)  756(0.27)  
3064 583(0.36)  893(0.78)  
3065 1409(0.91)  387(0.46)  749(0.89)  394(0.87)  
3066 1111(0.22)  529(0.95)  718(0.14)  1294(0.72)  
3067 346(0.32)  1267(0.82)  791(0.25)  662(0.59)  319(0.36)  935(0.08)  
3068 1468(0.55)  
3069 505(0.66)  349(0.20)  
3070 1025(0.58)  1175(0.90)  726(0.91)  516(0.69)  732(0.42)  83(0.50)  
3071 774(0.21)  351(0.26)  
3072 1373(0.53)  
3073 1556(0.12)  707(0.87)  551(0.56)  1433(0.28)  1489(0.42)  907(0.25)  1510(0.97)  
3074 1457(0.20)  661(0.47)  665(0.93)  1480(0.90)  178(0.22)  555(0.21)  
3075 1206(0.39)  1395(0.91)  
3076 1233(0.33)  170(0.30)  973(0.26)  950(0.89)  1432(0.50)  1129(0.18)  
3077 1369(0.39)  1292(0.37)  
3078 1475(0.80)  560(0.47)  604(0.39)  887(0.02)  38(0.23)  1026(0.57)  350(0.68)  
3079 202(0.44)  512(0.11)  1554(0.35)  1544(0.14)  1161(0.02)  751(0.53)  9(0.06)  
3080 1205(0.20)  1034(0.47)  718(0.72)  109(0.27)  
3081 256(0.41)  326(0.48)  942(0.90)  239(0.31)  376(0.99)  
3082 1318(0.66)  1081(0.71)  965(0.92)  1314(0.40)  
3083 155(0.21)  
3084 1470(0.74)  22(0.34)  105(0.44)  1414(0.98)  604(0.82)  
3085 521(0.39)  1310(0.02)  89(0.59)  1463(0.79)  455(0.56)  1509(0.03)  634(0.85)  
3086 502(0.69)  
3087 563(0.89)  20(0.82)  1235(0.48)  292(0.79)  
3088 1434(0.41)  1251(0.92)  243(0.19)  153(0.71)  835(0.27)  346(0.64)  669(0.44)  846(0.72)  
3089 351(0.19)  222(0.86)  1436(0.87)  494(0.10)  205(0.93)  
3090 231(0.73)  968(0.33)  1144(0.36)  1028(0.43)  1377(0.24)  1473(0.50)  
3091 685(0.95)  435(0.77)  1184(0.11)  82(0.55)  
3092 333(0.11)  1469(0.90)  34(0.13)  810(0.24)  40(0.34)  377(0.09)  194(0.46)  
3093 1499(0.47)  331(0.21)  308(0.07)  790(0.70)  
3094 1040(0.08)  1296(0.84)  
3095 1333(0.88)  830(0.76)  1512(0.81)  1023(0.93)  1346(0.69)  
3096 372(0.55)  576(0.57)  792(0.92)  1287(0.70)  532(0.31)  
3097 316(0.03)  1158(0.20)  189(0.78)  1125(0.49)  289(0.20)  825(0.21)  1188(0.09)  832(0.20)  
3098 686(0.07)  1168(0.89)  1278(0.11)  1362(0.11)  1112(0.80)  303(0.47)  
3099 1420(0.35)  1330(0.14)  454(0.78)  1110(0.69)  288(0.14)  
3100 1261(0.99)  1051(0.62)  
3101 834(0.81)  358(0.98)  1373(0.10)  1444(0.12)  502(0.21)  1357(0.82)  
3102 874(0.49)  1384(0.98)  269(0.55)  
3103 254(0.22)  204(0.51)  
3104 54(0.86)  803(0.87)  
3105 1492(0.79)  337(0.47)  1099(0.69)  
3106 247(0.64)  930(0.44)  441(0.63)  763(0.32)  
3107 414(0.61)  430(0.97)  380(0.22)  
3108 859(0.70)  316(0.69)  1531(0.35)  588(0.56)  299(0.50)  
3109 642(0.51)  965(0.41)  1142(0.77)  1025(0.48)  1375(0.87)  326(0.17)  
3110 779(0.94)  529(0.53)  1278(0.91)  590(0.96)  
3111 719(0.01)  296(0.17)  
3112 174(0.31)  57(0.42)  115(0.24)  211(0.29)  654(0.56)  1297(0.26)  1340(0.51)  65(0.64)  
3113 1540(0.81)  610(0.81)  1014(0.31)  631(0.78)  221(0.84)  1134(0.90)  246(0.89)  
3114 601(0.90)  285(0.86)  943(0.43)  
3115 221(0.45)  676(0.39)  454(0.23)  1535(0.84)  992(0.18)  1063(0.33)  
3116 260(0.38)  
3117 540(0.28)  1250(0.35)  
3118 1406(0.22)  1356(0.45)  1506(0.49)  1056(0.48)  1260(0.99)  1476(0.72)  414(0.77)  
3119 1225(0.45)  
3120 382(0.26)  
3121 459(0.96)  742(0.02)  1451(0.80)  
3122 1048(0.79)  1264(0.63)  615(0.79)  1418(0.78)  981(0.77)  1464(0.78)  16(0.66)  
3123 456(0.06)  1139(0.19)  236(0.48)  
3124 872(0.36)  1449(0.17)  
3125 914(0.45)  
3126 897(0.78)  1353(0.32)  
3127 431(0.46)  
3128 1374(0.02)  338(0.79)  1473(0.11)  
3129 565(0.39)  1207(0.08)  
3130 1261(0.03)  
3131 379(0.54)  595(0.80)  
3132 1244(0.29)  701(0.91)  
3133 1044(0.07)  1300(0.84)  
3134 1338(0.81)  834(0.59)  1517(0.74)  1028(0.40)  1350(0.15)  
3135 377(0.37)  580(0.41)  797(0.51)  1292(0.20)  537(0.08)  
3136 418(0.26)  
3137 933(0.76)  856(0.53)  673(0.26)  1223(0.23)  1133(0.52)  257(0.76)  1326(0.86)  
3138 1283(0.61)  1366(0.04)  1116(0.89)  16(0.75)  885(0.45)  249(0.58)  
3139 459(0.55)  1114(0.53)  293(0.02)  469(0.08)  353(0.27)  702(0.37)  798(0.50)  
3140 606(0.88)  1022(0.07)  1332(0.24)  
3141 853(0.07)  670(0.48)  1219(0.57)  
3142 1469(0.91)  1525(0.31)  943(0.43)  1546(0.60)  
3143 304(0.94)  760(0.08)  537(0.93)  61(0.59)  1076(0.99)  1146(0.69)  
3144 52(0.92)  1494(0.58)  285(0.56)  795(0.58)  1238(0.96)  1467(0.43)  1511(0.54)  
3145 1031(0.38)  89(0.49)  1358(0.82)  1081(0.75)  1497(0.93)  249(0.63)  1291(0.24)  
3146 1556(0.94)  468(0.02)  1443(0.01)  75(0.50)  
3147 391(0.75)  1260(0.99)  624(0.85)  147(0.40)  18(0.34)  1233(0.08)  
3148 941(0.76)  825(0.40)  1174(0.36)  1270(0.38)  
3149 82(0.53)  1430(0.53)  88(0.58)  
3150 178(0.37)  315(0.73)  731(0.67)  1041(0.21)  111(0.71)  
3151 962(0.52)  1472(0.13)  357(0.73)  999(0.69)  
3152 387(0.73)  1296(0.19)  
3153 493(0.82)  564(0.90)  1180(0.12)  477(0.52)  614(0.98)  1030(0.87)  
3154 558(0.14)  787(0.32)  
3155 1157(0.01)  548(0.39)  405(0.75)  421(0.54)  371(0.68)  521(0.94)  72(0.03)  275(0.45)  
3156 1538(0.76)  529(0.86)  
3157 1033(0.83)  1315(0.12)  467(0.48)  1455(0.56)  779(0.85)  
3158 580(0.88)  1502(0.57)  1026(0.77)  897(0.12)  553(0.60)  1169(0.05)  880(0.74)  
3159 65(0.08)  
3160 1446(0.77)  464(0.89)  2(0.97)  1244(0.07)  635(0.60)  
3161 805(0.90)  1221(0.40)  1531(0.42)  601(0.23)  
3162 1108(0.21)  286(0.95)  49(0.82)  
3163 592(0.65)  276(0.95)  1225(0.61)  
3164 503(0.40)  958(0.81)  736(0.76)  259(0.65)  1275(0.01)  1345(0.95)  403(0.20)  
3165 108(0.22)  151(0.63)  434(0.99)  1143(0.13)  1084(0.86)  408(0.48)  465(0.94)  157(0.62)  1199(0.37)  1189(0.95)  806(0.31)  810(0.08)  67(0.63)  323(0.54)  
3166 1093(0.61)  777(0.81)  167(0.18)  24(0.14)  137(0.35)  
3167 261(0.32)  1303(0.21)  1293(0.42)  910(0.69)  501(0.42)  1316(0.41)  428(0.17)  804(0.76)  
3168 192(0.27)  342(0.43)  
3169 791(0.99)  
3170 1546(0.09)  125(0.23)  542(0.10)  851(0.92)  
3171 943(0.81)  40(0.80)  
3172 1276(0.56)  600(0.96)  656(0.37)  73(0.27)  677(0.25)  839(0.01)  1082(0.42)  
3173 1389(0.64)  647(0.11)  903(0.07)  1279(0.98)  564(0.54)  1152(0.28)  530(0.07)  
3174 620(0.50)  570(0.88)  720(0.94)  270(0.10)  
3175 628(0.59)  938(0.18)  
3176 1454(0.70)  433(0.62)  795(0.06)  439(0.75)  
3177 1448(0.87)  865(0.51)  1055(0.82)  73(0.06)  316(0.23)  
3178 1368(0.48)  1079(0.49)  802(0.73)  1218(0.50)  
3179 1229(0.24)  353(0.07)  1008(0.27)  186(0.32)  363(0.15)  247(0.92)  596(0.42)  
3180 585(0.93)  363(0.93)  
3181 742(0.36)  332(0.87)  1148(0.86)  259(0.86)  222(0.58)  1064(0.96)  
3182 1476(0.77)  81(0.38)  324(0.30)  8(0.89)  956(0.46)  
3183 1127(0.06)  1543(0.50)  1439(0.87)  923(0.29)  1326(0.44)  
3184 1114(0.70)  1557(0.58)  228(0.60)  271(0.56)  
3185 427(0.12)  1230(0.49)  1207(0.99)  132(0.22)  1386(0.32)  1469(0.20)  1220(0.59)  411(0.64)  
3186 1315(0.52)  1345(0.56)  429(0.70)  473(0.50)  756(0.82)  
3187 210(0.94)  1518(0.99)  
3188 770(0.81)  254(0.33)  243(0.45)  
3189 560(0.98)  
3190 1104(0.81)  1200(0.04)  85(0.84)  728(0.22)  
3191 19(0.07)  928(0.68)  1317(0.21)  1294(0.57)  218(0.39)  329(0.93)  412(0.66)  
3192 1451(0.15)  548(0.76)  1285(0.59)  1048(0.41)  
3193 952(0.08)  902(0.12)  1052(0.86)  189(0.11)  392(0.12)  
3194 1509(0.55)  767(0.68)  1023(0.40)  1399(0.11)  684(0.04)  1272(0.28)  650(0.04)  1372(0.74)  
3195 713(0.88)  1209(0.28)  453(0.54)  
3196 651(0.66)  961(0.15)  
3197 1477(0.73)  455(0.20)  817(0.15)  462(0.11)  
3198 1470(0.99)  888(0.41)  1077(0.33)  96(0.50)  339(0.81)  
3199 1391(0.95)  1102(0.88)  825(0.19)  1241(0.61)  
3200 1251(0.20)  376(0.73)  1031(0.91)  209(0.51)  386(0.94)  270(0.31)  619(0.42)  
3201 590(0.82)  367(0.68)  
3202 844(0.29)  434(0.63)  1249(0.17)  361(0.51)  421(0.45)  1263(0.87)  708(0.95)  
3203 159(0.44)  175(0.04)  125(0.97)  275(0.81)  970(0.59)  1174(0.49)  1390(0.29)  
3204 350(0.94)  1138(0.44)  1475(0.30)  1292(0.57)  283(0.63)  1338(0.07)  
3205 1472(0.37)  131(0.73)  626(0.14)  1429(0.87)  1406(0.33)  330(0.92)  27(0.06)  
3206 370(0.16)  1052(0.38)  563(0.20)  
3207 495(0.66)  1071(1.00)  
3208 925(0.28)  
3209 989(0.35)  700(0.39)  423(0.03)  
3210 1005(0.34)  650(0.95)  
3211 313(0.35)  756(0.47)  
3212 1380(0.09)  1064(0.36)  454(0.17)  724(0.81)  741(0.13)  691(0.43)  841(0.65)  392(0.18)  
3213 871(0.06)  688(0.33)  1238(0.70)  
3214 1487(0.87)  1543(0.46)  961(0.76)  6(0.90)  
3215 322(0.81)  778(0.40)  555(0.78)  79(0.33)  1094(0.69)  1165(0.14)  
3216 71(0.38)  1512(0.91)  304(0.47)  813(0.89)  1256(0.75)  1485(0.46)  1529(0.03)  254(0.35)  
3217 268(0.39)  1310(0.64)  1299(0.20)  917(0.36)  921(1.00)  178(0.43)  434(0.94)  810(0.56)  
3218 1368(0.35)  1518(0.62)  1068(0.23)  858(0.88)  1075(0.08)  426(0.62)  1228(0.04)  
3219 1548(0.18)  
3220 959(0.92)  843(0.25)  1192(0.18)  1288(0.57)  173(0.51)  
3221 1382(0.60)  306(0.07)  417(0.01)  500(0.49)  250(0.13)  999(0.68)  1455(0.66)  
3222 747(0.56)  631(0.99)  980(0.44)  1490(0.15)  375(0.50)  
3223 123(0.14)  605(0.03)  
3224 495(0.13)  632(0.36)  1048(0.42)  944(0.56)  428(0.94)  832(0.39)  
3225 1229(0.78)  380(0.96)  224(0.93)  1106(0.47)  1163(0.90)  
3226 1319(0.99)  1256(0.94)  713(0.29)  
3227 4(0.25)  940(0.56)  104(0.82)  640(0.94)  1002(0.20)  
3228 378(0.82)  621(0.25)  305(0.69)  1253(0.93)  1110(0.89)  1127(0.24)  1077(0.62)  
3229 303(0.31)  825(0.67)  403(0.52)  525(0.93)  1301(0.49)  
3230 676(0.93)  
3231 1525(0.71)  1076(0.28)  866(0.94)  1082(0.32)  433(0.52)  822(0.29)  799(0.76)  
3232 1276(0.86)  1533(0.69)  1444(0.59)  568(0.70)  1224(0.93)  402(0.02)  165(0.70)  48(0.02)  
3233 1390(0.79)  1461(0.95)  518(0.33)  
3234 878(0.38)  1414(0.16)  
3235 638(0.50)  988(0.73)  1497(0.33)  382(0.43)  
3236 99(0.85)  316(0.13)  811(0.44)  56(0.80)  33(0.90)  516(0.13)  1479(0.17)  4(0.40)  
3237 840(0.06)  1189(0.69)  141(0.72)  170(0.72)  813(0.26)  
3238 401(0.12)  511(0.39)  594(0.05)  344(0.59)  1093(0.34)  405(0.94)  1326(0.18)  850(0.21)  
3239 1155(0.39)  1438(0.30)  176(0.11)  20(0.31)  902(0.30)  1372(0.43)  
3240 1195(0.86)  492(0.53)  629(0.15)  1045(0.43)  
3241 1153(0.44)  277(0.13)  932(0.05)  111(0.26)  1432(0.06)  1315(0.19)  106(0.06)  
3242 491(0.17)  
3243 928(0.77)  1344(0.65)  1240(0.65)  724(0.70)  1128(0.11)  
3244 915(0.73)  1358(0.70)  
3245 715(0.50)  399(0.15)  1348(0.97)  
3246 212(0.94)  1081(0.56)  445(0.82)  382(0.81)  1397(0.80)  1054(0.32)  
3247 374(0.54)  257(0.76)  
3248 1466(0.93)  97(0.04)  673(0.43)  
3249 1389(0.23)  1472(0.64)  1223(0.28)  414(0.77)  1283(0.13)  647(0.84)  170(0.93)  
3250 1197(0.56)  1293(0.85)  178(0.22)  821(0.97)  864(0.66)  
3251 130(0.58)  
3252 1484(0.63)  1555(0.48)  612(0.01)  
3253 1386(0.23)  1508(0.06)  
3254 732(0.92)  1082(0.30)  34(0.19)  477(0.82)  1119(0.12)  
3255 610(0.49)  720(0.79)  
3256 345(0.77)  761(0.87)  
3257 452(0.52)  1173(0.95)  152(0.17)  928(0.93)  158(0.55)  495(0.89)  
3258 588(0.77)  738(0.08)  289(0.18)  492(0.64)  
3259 1248(0.41)  732(0.60)  721(0.27)  339(0.22)  343(0.84)  
3260 1206(0.74)  1250(0.77)  1532(0.87)  684(0.97)  
3261 135(0.12)  618(0.63)  728(0.16)  811(0.27)  
3262 64(0.79)  493(0.48)  1495(0.09)  459(0.65)  37(0.57)  160(0.51)  936(0.22)  
3263 710(0.82)  500(0.63)  717(0.74)  68(0.72)  457(0.48)  434(0.72)  
3264 750(0.64)  1526(0.71)  756(0.88)  1093(0.53)  
3265 891(0.78)  1494(0.72)  99(0.29)  342(0.29)  26(0.19)  974(0.08)  1245(0.40)  1261(0.82)  
3266 1049(0.85)  266(0.14)  1055(0.72)  
3267 572(0.08)  1282(0.64)  
3268 1438(0.69)  1388(0.48)  1538(0.05)  1088(0.12)  1292(0.63)  1508(0.73)  446(0.32)  
3269 1257(0.21)  
3270 414(0.04)  
3271 491(0.81)  774(0.75)  1483(0.33)  
3272 1177(0.89)  1393(0.75)  744(0.04)  1547(0.88)  1110(0.54)  35(0.27)  145(0.50)  
3273 488(0.73)  879(0.46)  1535(0.15)  713(0.13)  
3274 363(0.87)  
3275 946(0.46)  
3276 929(0.35)  1385(0.41)  
3277 560(0.96)  178(0.40)  
3278 174(0.62)  511(0.49)  327(0.23)  877(0.61)  787(0.24)  
3279 970(0.24)  920(0.83)  1070(0.82)  207(0.49)  411(0.56)  
3280 1528(0.54)  785(0.92)  1041(0.78)  1417(0.73)  702(0.16)  1291(0.22)  669(0.36)  1390(0.90)  
3281 926(0.27)  1421(0.90)  666(0.62)  643(0.94)  
3282 560(0.15)  1375(0.07)  73(0.44)  
3283 1390(0.74)  8(0.13)  1450(0.74)  241(0.10)  751(0.55)  780(0.99)  
3284 857(0.20)  48(0.34)  917(0.65)  281(0.34)  1363(0.50)  1234(0.02)  
3285 422(0.49)  598(0.55)  482(0.88)  831(0.39)  927(0.78)  1370(0.90)  455(0.51)  
3286 1119(0.08)  
3287 1035(0.46)  1439(0.55)  1056(0.62)  
3288 107(0.68)  790(0.31)  
3289 1279(0.11)  1123(0.24)  447(0.63)  503(0.02)  
3290 438(0.35)  188(0.13)  937(0.38)  
3291 494(0.94)  750(0.98)  1126(0.97)  411(0.25)  999(0.32)  377(0.36)  1099(0.95)  
3292 126(0.06)  275(0.74)  
3293 725(0.26)  36(0.06)  958(0.02)  895(0.84)  352(0.80)  9(0.64)  625(0.97)  336(0.61)  
3294 922(0.24)  
3295 892(0.88)  749(0.68)  766(0.58)  716(0.07)  865(0.64)  416(0.62)  206(0.14)  422(0.61)  
3296 874(0.46)  784(0.02)  
3297 199(0.51)  494(0.22)  338(0.15)  1220(0.15)  132(0.69)  694(0.90)  1297(0.39)  315(0.09)  
3298 245(0.31)  1087(0.10)  
3299 207(0.53)  863(0.18)  41(0.86)  1362(0.36)  1245(0.79)  37(0.22)  
3300 1233(0.73)  1316(0.28)  1163(0.22)  354(0.16)  810(0.85)  587(0.42)  
3301 92(0.20)  1161(0.85)  1484(0.06)  103(0.73)  1544(0.22)  
3302 1222(0.57)  159(0.25)  962(0.82)  939(0.63)  1421(0.60)  1118(0.46)  
3303 1358(0.95)  1281(0.36)  
3304 1464(0.35)  549(0.21)  593(0.25)  876(0.32)  27(0.31)  1015(0.33)  339(0.03)  
3305 191(0.15)  501(0.36)  1543(0.22)  1533(0.16)  1150(0.87)  740(0.68)  1556(0.80)  
3306 1291(0.65)  1120(0.97)  804(0.90)  195(0.80)  
3307 245(0.77)  315(0.68)  931(0.96)  228(0.03)  365(0.29)  
3308 1016(0.62)  779(0.54)  
3309 896(0.85)  313(0.77)  916(0.04)  1079(0.80)  1322(0.09)  
3310 1230(0.97)  527(0.72)  664(0.70)  1080(0.50)  
3311 677(0.06)  1359(0.20)  870(0.00)  1193(0.38)  1369(0.28)  1253(0.46)  
3312 839(0.78)  535(0.69)  618(0.56)  
3313 1517(0.27)  1521(0.06)  779(0.87)  
3314 762(0.64)  1085(0.58)  1261(0.94)  1145(0.80)  1494(0.97)  446(0.81)  475(0.65)  
3315 766(0.89)  637(0.96)  294(0.69)  910(0.53)  621(0.13)  344(0.89)  760(0.45)  
3316 481(0.26)  325(0.93)  
3317 1001(0.12)  1150(0.27)  701(0.99)  491(0.95)  707(0.93)  58(0.90)  
3318 749(0.90)  327(0.82)  
3319 1348(0.07)  
3320 1531(0.87)  682(0.69)  526(0.48)  1408(0.44)  1465(0.14)  882(0.47)  1485(0.27)  
3321 1433(0.33)  636(0.52)  640(0.92)  1456(0.03)  153(0.12)  530(0.75)  
3322 1181(0.11)  1370(0.62)  
3323 1208(0.20)  145(0.33)  948(0.19)  925(0.11)  1408(0.69)  
3324 702(0.58)  80(0.78)  
3325 502(0.22)  679(0.10)  
3326 795(0.61)  213(0.31)  
3327 877(0.31)  1093(0.30)  444(0.32)  1247(0.86)  810(0.90)  1293(0.68)  
3328 344(0.19)  1546(0.11)  1469(0.21)  1286(0.39)  277(0.47)  188(0.48)  
3329 1467(0.34)  125(0.71)  
3330 774(0.74)  231(0.73)  302(0.59)  917(0.10)  214(0.06)  352(0.77)  768(0.38)  
3331 100(0.92)  1502(0.22)  826(0.70)  882(0.76)  300(0.61)  
3332 1073(0.89)  530(0.50)  600(0.58)  1216(0.15)  513(0.73)  650(0.47)  1066(0.84)  963(0.89)  
3333 1079(0.16)  97(0.58)  340(0.41)  24(0.69)  973(0.46)  
3334 438(0.92)  854(0.07)  1164(0.76)  648(0.95)  
3335 1155(0.40)  
3336 1511(0.19)  1555(0.51)  279(0.52)  989(0.03)  419(0.77)  
3337 136(0.15)  1005(0.66)  369(0.12)  1451(0.37)  1322(0.78)  
3338 1253(0.78)  1163(0.92)  288(0.41)  943(0.22)  
3339 1157(0.58)  1427(0.34)  
3340 1410(0.88)  1493(0.02)  1244(0.01)  435(0.72)  890(0.76)  668(0.44)  191(0.07)  
3341 416(0.62)  
3342 919(0.70)  243(0.54)  300(0.06)  1275(0.06)  320(0.37)  483(0.94)  
3343 387(0.08)  283(0.88)  1325(0.74)  170(0.27)  932(0.69)  936(0.14)  193(0.65)  449(0.76)  
3344 263(0.97)  214(0.83)  
3345 64(0.85)  813(0.90)  
3346 66(0.42)  55(0.78)  1231(0.29)  1235(0.62)  
3347 955(0.83)  1305(0.63)  256(0.41)  286(0.10)  928(0.57)  972(0.71)  
3348 423(0.94)  1344(0.66)  868(0.91)  739(0.59)  396(0.82)  1012(0.22)  
3349 1157(0.06)  1506(0.09)  44(0.28)  487(0.90)  1130(0.63)  1174(0.69)  1457(0.00)  
3350 1310(0.62)  607(0.01)  745(0.08)  1161(0.86)  
3351 1171(0.67)  295(0.41)  951(0.10)  129(0.56)  1450(0.65)  1333(0.04)  125(0.91)  
3352 509(0.47)  
3353 946(0.10)  1362(0.35)  1258(0.06)  742(0.28)  1146(0.91)  
3354 933(0.75)  1376(0.67)  47(0.81)  
3355 1189(0.46)  1339(0.32)  889(0.68)  1093(0.06)  1310(0.29)  247(0.82)  1050(0.95)  
3356 981(0.79)  798(0.98)  1347(0.18)  1258(0.73)  382(0.59)  1451(0.87)  
3357 448(0.85)  1251(0.94)  815(0.68)  1394(0.32)  1504(0.09)  30(0.28)  
3358 13(0.25)  
3359 982(0.84)  866(0.70)  1215(0.55)  1311(0.94)  196(0.04)  
3360 1113(0.11)  38(0.84)  148(0.04)  231(0.76)  1540(0.92)  731(0.90)  
3361 678(0.55)  588(0.43)  
3362 1050(0.58)  202(0.39)  45(0.59)  927(0.13)  
3363 738(0.87)  821(0.97)  572(0.98)  1321(0.87)  
3364 1092(0.07)  470(0.39)  1192(0.48)  
3365 599(0.84)  828(0.13)  
3366 925(0.38)  316(0.29)  173(0.39)  189(0.72)  139(0.74)  289(0.52)  1398(0.07)  
3367 1315(0.62)  293(0.68)  655(1.00)  299(0.04)  
3368 1405(0.34)  823(0.14)  1012(0.63)  30(0.73)  274(0.56)  
3369 937(0.45)  648(0.52)  
3370 511(0.55)  
3371 521(0.67)  338(0.46)  887(0.49)  798(0.47)  
3372 62(0.96)  1303(0.13)  
3373 452(0.50)  935(0.97)  1045(0.53)  
3374 1161(0.03)  778(0.09)  369(0.89)  1184(0.41)  
3375 342(0.57)  560(0.40)  1003(0.63)  88(0.86)  1276(0.95)  1559(0.95)  710(0.35)  554(0.43)  
3376 1363(0.43)  566(0.85)  570(0.41)  1386(0.84)  84(0.75)  
3377 591(0.49)  1300(0.78)  
3378 1456(0.47)  1406(0.06)  1556(0.93)  1106(0.14)  1310(0.56)  1527(0.19)  464(0.89)  
3379 1275(0.09)  
3380 432(0.44)  
3381 509(0.59)  792(0.34)  1502(0.87)  
3382 1195(0.01)  1412(0.85)  763(0.49)  7(0.22)  1129(0.40)  53(0.17)  163(0.97)  
3383 215(0.01)  898(0.30)  
3384 1387(0.87)  1230(0.37)  554(0.01)  1024(0.64)  28(0.68)  631(0.48)  
3385 282(0.71)  698(0.41)  
3386 485(0.01)  63(0.96)  186(0.28)  961(0.39)  192(0.42)  529(0.79)  346(0.11)  895(0.81)  
3387 747(0.86)  497(0.51)  1246(0.86)  144(0.90)  
3388 687(0.45)  1409(0.78)  387(0.13)  1163(0.87)  394(0.88)  730(0.96)  547(0.49)  
3389 1439(0.56)  684(0.70)  661(0.35)  1144(0.00)  840(0.83)  
3390 986(0.55)  
3391 982(0.53)  892(0.76)  16(0.34)  
3392 1119(0.99)  1308(0.79)  
3393 732(0.78)  83(0.68)  886(0.98)  
3394 1472(0.96)  224(0.62)  1266(0.74)  1255(0.55)  873(0.09)  463(0.44)  
3395 648(0.40)  1530(0.50)  442(0.31)  1004(0.98)  49(0.94)  
3396 1137(0.77)  1207(0.66)  
3397 689(0.35)  
3398 379(0.26)  1167(0.29)  1504(0.77)  1321(0.60)  312(0.02)  223(0.15)  
3399 1113(0.52)  1329(0.23)  680(0.12)  1069(0.99)  1047(0.86)  
3400 138(0.16)  726(0.20)  104(0.74)  826(0.94)  1363(0.79)  
3401 524(0.08)  1100(0.84)  
3402 857(0.84)  102(0.19)  79(0.67)  
3403 900(0.57)  384(0.22)  374(0.83)  1549(0.77)  
3404 1002(0.86)  886(0.46)  1235(0.47)  187(0.36)  216(0.83)  
3405 1424(0.88)  349(0.42)  
3406 750(0.21)  473(0.97)  889(0.18)  1199(0.74)  683(0.78)  673(0.74)  
3407 217(0.68)  513(0.27)  357(0.97)  1239(0.25)  151(0.60)  712(0.14)  1316(0.71)  334(0.49)  
3408 1530(1.00)  
3409 488(0.72)  825(0.11)  642(0.62)  1191(0.61)  1101(0.59)  225(0.36)  881(0.61)  
3410 1348(0.63)  1431(0.77)  1182(0.17)  373(0.65)  828(0.59)  605(0.93)  129(0.45)  
3411 354(0.64)  
3412 857(0.13)  181(0.05)  237(0.06)  1213(0.29)  1402(0.73)  420(0.73)  
3413 8(0.10)  318(0.06)  1360(0.05)  1350(0.78)  967(0.71)  971(0.81)  
3414 1033(0.10)  
3415 938(0.97)  328(0.63)  185(0.65)  201(0.76)  151(0.99)  301(0.84)  1410(0.06)  
3416 1035(0.23)  1158(0.00)  376(0.57)  20(0.03)  1501(0.80)  1318(0.67)  309(0.20)  220(0.01)  
3417 564(0.22)  1019(0.55)  797(0.62)  320(0.75)  1336(0.87)  1406(0.60)  464(0.06)  
3418 679(0.17)  
3419 1501(0.77)  546(0.57)  709(0.16)  
3420 280(0.36)  363(0.92)  
3421 710(0.82)  606(0.93)  
3422 1122(0.17)  101(0.48)  876(0.32)  
3423 899(0.71)  1182(0.39)  334(0.93)  177(0.36)  1059(0.70)  
3424 41(0.81)  962(0.35)  900(0.94)  357(0.39)  
3425 646(0.87)  290(0.42)  
3426 464(0.39)  494(0.67)  1136(0.29)  1180(0.48)  1463(0.35)  614(0.23)  44(0.19)  926(0.60)  
3427 179(0.03)  1328(0.30)  585(0.37)  1255(0.22)  
3428 252(0.25)  695(0.99)  
3429 52(0.16)  1294(0.94)  
3430 443(0.47)  925(0.42)  1036(0.75)  
3431 1152(0.38)  769(0.67)  360(0.73)  1175(0.72)  
3432 333(0.44)  842(0.10)  1285(0.43)  370(0.88)  1558(0.18)  283(0.15)  992(0.33)  836(0.59)  
3433 1354(0.77)  557(0.93)  561(0.64)  1377(0.98)  75(0.06)  
3434 581(0.67)  1291(0.74)  
3435 1447(0.82)  1397(0.35)  1547(0.26)  1097(0.77)  1301(0.02)  1517(0.59)  455(0.84)  
3436 1266(0.63)  
3437 423(0.06)  
3438 500(0.73)  783(0.64)  1492(0.36)  
3439 1186(0.94)  1402(0.10)  753(0.93)  1556(0.64)  1120(0.92)  44(0.07)  154(0.40)  
3440 497(0.41)  1180(0.25)  1544(0.63)  722(0.82)  
3441 373(0.56)  
3442 955(0.94)  
3443 938(0.47)  1394(0.39)  
3444 570(0.77)  187(0.98)  
3445 183(0.45)  520(0.95)  337(0.02)  886(0.78)  796(0.39)  
3446 688(0.66)  638(0.84)  788(0.47)  1483(0.29)  
3447 988(0.76)  884(0.55)  368(0.80)  771(0.62)  
3448 1197(0.19)  1374(0.75)  1257(0.51)  49(0.92)  558(0.30)  
3449 675(0.12)  652(0.21)  1135(0.36)  831(0.01)  914(0.12)  373(0.86)  1122(0.71)  
3450 1399(0.02)  18(0.50)  1459(0.26)  251(0.35)  760(0.24)  789(0.84)  
3451 963(0.07)  154(0.37)  1024(0.70)  387(0.94)  1469(0.30)  1340(0.27)  
3452 140(0.86)  316(0.78)  200(0.27)  549(0.12)  645(0.38)  
3453 762(0.28)  739(0.65)  1221(0.75)  
3454 1142(0.29)  1545(0.14)  1162(0.20)  
3455 214(0.70)  896(0.44)  
3456 1385(0.25)  1229(0.59)  553(0.67)  609(0.18)  
3457 155(0.89)  
3458 1497(0.73)  555(0.19)  1410(0.37)  1547(0.56)  405(0.87)  301(0.67)  1343(0.73)  
3459 852(0.65)  908(0.67)  325(0.51)  515(0.79)  1091(0.29)  1334(0.69)  1018(0.04)  409(0.73)  
3460 685(0.76)  1407(0.53)  94(0.03)  456(0.81)  101(0.40)  24(0.93)  1399(0.36)  
3461 1049(0.98)  294(0.56)  
3462 414(0.58)  1030(0.68)  741(0.78)  464(0.50)  
3463 980(0.99)  890(0.59)  15(0.75)  
3464 703(0.96)  1306(0.42)  
3465 439(0.49)  1348(0.99)  
3466 545(0.23)  616(0.79)  1232(0.54)  529(0.65)  666(0.00)  1082(0.78)  
3467 1096(0.47)  180(0.90)  1368(0.80)  93(0.63)  
3468 769(0.73)  746(0.73)  1229(0.90)  
3469 1052(0.41)  
3470 1395(0.20)  426(0.98)  1362(0.61)  
3471 854(0.85)  1297(0.33)  1526(0.02)  
3472 1110(0.70)  1260(0.16)  811(0.63)  1014(0.20)  1231(0.97)  168(0.69)  
3473 103(0.56)  825(0.66)  1361(0.70)  165(0.67)  
3474 348(0.85)  818(0.69)  236(0.33)  425(0.71)  1001(0.58)  1245(0.27)  
3475 1088(0.10)  1464(0.26)  335(0.99)  
3476 1295(0.31)  87(0.56)  182(0.65)  625(0.12)  1268(0.40)  1312(0.68)  37(0.98)  
3477 1060(0.27)  357(0.96)  494(0.25)  
3478 1077(0.62)  307(0.03)  
3479 481(0.02)  924(0.40)  9(0.77)  1197(0.11)  1480(0.88)  631(0.89)  475(0.95)  1357(0.68)  
3480 488(0.51)  492(0.12)  1307(0.35)  1272(0.71)  90(0.42)  933(0.57)  1521(0.18)  
3481 972(0.89)  989(0.60)  939(0.07)  1089(0.30)  639(0.38)  843(0.89)  
3482 1523(0.59)  553(0.95)  1489(0.71)  653(0.14)  
3483 1423(0.60)  853(0.21)  177(0.89)  647(0.48)  
3484 1337(0.85)  1088(0.75)  279(0.32)  1148(0.73)  512(0.29)  35(0.13)  1464(0.14)  
3485 1061(0.43)  1504(0.26)  589(0.89)  729(0.92)  1012(0.51)  
3486 369(0.65)  120(0.64)  
3487 929(0.34)  1557(0.93)  403(0.34)  20(0.07)  
3488 617(0.21)  501(0.81)  850(0.81)  1360(0.14)  245(0.29)  
3489 1453(0.34)  378(0.67)  488(0.36)  571(0.98)  322(0.28)  1070(0.01)  1526(0.30)  1303(0.45)  
3490 1064(0.80)  1107(0.15)  1390(0.63)  541(0.91)  385(0.68)  
3491 858(0.78)  
3492 178(0.75)  1459(0.97)  317(0.29)  
3493 128(0.95)  51(0.64)  1426(0.40)  
3494 1343(0.65)  667(0.12)  1137(0.40)  
3495 419(0.79)  1540(0.74)  464(0.73)  575(0.25)  658(0.33)  408(0.99)  
3496 458(0.04)  1007(0.07)  918(0.61)  1309(0.72)  
3497 1132(0.51)  523(0.64)  793(0.89)  810(0.31)  760(0.29)  909(0.23)  460(0.17)  250(0.73)  
3498 757(0.19)  1306(0.38)  1217(0.87)  341(0.01)  996(0.25)  
3499 1499(0.02)  636(0.18)  840(0.30)  1056(0.83)  407(0.72)  796(0.07)  774(0.08)  
3500 959(0.06)  1508(0.90)  1004(0.99)  129(0.30)  1198(0.86)  1520(0.59)  
3501 1095(0.80)  1072(0.11)  
3502 176(0.63)  1445(0.67)  1168(0.72)  26(0.16)  336(0.03)  1378(0.01)  
3503 338(0.59)  621(0.46)  
3504 1470(0.23)  
3505 494(0.55)  1297(0.32)  860(0.98)  1343(0.78)  1453(0.90)  1536(0.46)  
3506 59(0.57)  1434(0.47)  
3507 399(0.57)  443(0.06)  725(0.64)  1021(0.29)  865(0.71)  189(0.54)  659(0.79)  
3508 739(0.14)  1368(0.73)  213(0.20)  
3509 529(0.43)  440(0.38)  1122(0.14)  219(0.86)  956(0.21)  719(0.19)  602(0.29)  952(0.93)  
3510 165(0.89)  
3511 415(0.01)  
3512 943(0.86)  321(0.43)  1043(0.43)  
3513 645(0.61)  874(0.40)  
3514 1244(0.78)  
3515 362(0.69)  578(0.11)  
3516 1227(0.22)  685(0.17)  341(0.23)  957(0.31)  668(0.90)  391(0.14)  807(0.91)  
3517 535(0.95)  1523(0.10)  847(0.24)  1317(0.48)  735(0.03)  924(0.94)  1500(0.61)  
3518 489(0.06)  79(0.27)  895(0.55)  6(0.60)  383(0.92)  
3519 420(0.86)  264(0.78)  
3520 940(0.21)  1090(0.49)  641(0.93)  431(0.85)  647(0.22)  
3521 1096(0.50)  208(0.18)  
3522 1487(0.86)  1397(0.78)  521(0.26)  1177(0.73)  355(0.10)  
3523 331(0.07)  535(0.54)  751(0.72)  102(0.22)  492(0.06)  469(0.54)  
3524 882(0.66)  100(0.49)  888(0.73)  
3525 406(0.79)  1115(0.29)  
3526 980(0.51)  930(0.25)  1079(0.10)  630(0.90)  834(0.84)  
3527 684(0.41)  1500(0.13)  197(0.42)  574(0.47)  
3528 1293(0.14)  378(0.38)  421(0.06)  704(0.08)  1414(0.71)  844(0.72)  168(0.70)  
3529 311(0.47)  621(0.96)  105(0.41)  95(0.64)  1270(0.79)  860(0.30)  118(0.50)  788(0.87)  
3530 213(0.54)  163(0.65)  
3531 111(0.39)  860(0.72)  1315(0.92)  
3532 1086(0.36)  1049(0.60)  333(0.74)  
3533 783(0.99)  1132(0.18)  84(0.64)  527(0.30)  1169(0.31)  
3534 369(0.66)  479(0.02)  562(0.55)  312(0.43)  1061(0.14)  1517(0.58)  1294(0.84)  
3535 1081(0.69)  1431(0.33)  383(0.52)  826(0.37)  1054(0.03)  1098(0.63)  
3536 549(0.51)  1471(0.78)  1408(0.17)  865(0.91)  522(0.73)  1138(0.62)  848(0.10)  
3537 1300(0.26)  25(0.62)  734(0.33)  164(0.53)  1046(0.15)  1516(0.80)  934(0.89)  
3538 1081(0.43)  
3539 525(0.84)  
3540 535(0.45)  352(0.71)  901(0.76)  812(0.61)  
3541 172(0.21)  1414(0.47)  805(0.94)  
3542 83(0.90)  539(0.69)  316(0.43)  1398(0.58)  855(0.18)  
3543 1200(0.44)  1110(0.46)  235(0.64)  890(0.28)  
3544 1006(0.11)  
3545 950(0.63)  301(0.07)  690(0.93)  667(0.74)  
3546 681(0.24)  1497(0.91)  195(0.37)  571(0.85)  
3547 49(0.37)  278(0.49)  321(0.84)  604(0.11)  1314(0.73)  1157(0.56)  
3548 1355(0.72)  1012(0.59)  70(0.35)  
3549 746(0.92)  
3550 1488(0.60)  
3551 1463(0.26)  1492(0.73)  577(0.21)  620(0.11)  903(0.19)  
3552 260(0.63)  11(0.44)  
3553 820(0.29)  304(0.19)  294(0.20)  
3554 319(0.01)  229(0.37)  911(0.78)  9(0.18)  745(0.84)  922(0.64)  805(0.59)  
3555 200(0.32)  1055(0.64)  1192(0.38)  50(0.51)  360(0.31)  988(0.09)  
3556 1506(0.36)  231(0.30)  
3557 33(0.75)  49(0.21)  1558(0.25)  149(0.39)  844(0.49)  1048(0.21)  1264(0.51)  
3558 515(0.43)  1304(0.27)  83(0.41)  1458(0.44)  449(0.86)  1212(0.94)  337(0.03)  
3559 108(0.09)  1362(0.93)  1445(0.88)  1196(1.00)  387(0.35)  1256(0.15)  
3560 244(0.05)  927(0.16)  
3561 271(0.16)  1259(0.69)  583(0.99)  1053(0.73)  471(0.76)  660(0.48)  
3562 20(0.51)  436(0.17)  
3563 126(0.35)  1261(0.54)  1384(0.16)  602(0.98)  246(0.99)  169(0.64)  
3564 676(0.73)  826(0.62)  377(0.40)  167(0.57)  
3565 1336(0.76)  406(0.83)  809(0.73)  427(0.63)  17(0.93)  832(0.65)  
3566 1084(0.16)  1140(0.78)  
3567 165(0.29)  368(0.43)  585(0.96)  1494(0.27)  325(0.94)  302(0.15)  
3568 715(0.23)  1491(0.93)  
3569 289(0.36)  798(0.75)  1241(0.33)  1470(0.94)  1514(0.65)  239(0.71)  948(0.09)  792(0.11)  
3570 896(0.46)  513(0.17)  517(0.95)  1333(0.00)  31(0.52)  
3571 538(0.97)  1247(0.46)  
3572 1403(0.42)  1353(0.16)  1503(0.47)  1053(0.42)  843(0.51)  1060(0.81)  411(0.98)  
3573 1222(0.26)  
3574 379(0.63)  556(0.30)  440(0.12)  789(0.68)  885(0.12)  1328(0.27)  
3575 1405(0.70)  
3576 593(0.29)  1448(0.97)  27(0.19)  443(0.99)  753(0.88)  1381(0.54)  227(0.46)  1402(0.81)  
3577 959(0.58)  350(0.27)  620(0.12)  637(0.93)  587(0.32)  736(0.74)  1431(0.98)  
3578 1057(0.35)  35(0.19)  811(0.00)  
3579 931(0.55)  1214(0.66)  365(0.35)  209(0.84)  1091(0.33)  
3580 382(0.03)  1304(0.51)  1241(0.16)  698(0.76)  355(0.18)  971(0.61)  
3581 1116(0.45)  1466(0.11)  417(0.02)  447(0.74)  1089(0.92)  1133(0.89)  1416(0.38)  
3582 1173(0.99)  883(0.72)  607(0.72)  
3583 1286(0.72)  931(0.96)  854(0.44)  
3584 743(0.67)  587(0.71)  1469(0.32)  
3585 321(0.61)  419(0.92)  396(0.81)  879(0.81)  989(0.42)  
3586 1012(0.20)  589(0.15)  712(0.64)  
3587 420(0.84)  50(0.86)  333(0.42)  1042(0.92)  886(0.13)  210(0.66)  266(0.56)  
3588 1516(0.40)  
3589 501(0.83)  1344(0.33)  
3590 341(0.48)  1410(0.57)  175(0.08)  352(0.68)  235(0.51)  585(0.13)  
3591 1464(0.41)  1547(0.47)  
3592 239(0.33)  548(0.07)  33(0.58)  22(0.89)  1197(0.94)  1202(0.38)  459(0.08)  
3593 950(0.14)  1193(0.32)  877(0.98)  
3594 1499(0.75)  690(0.89)  
3595 234(0.26)  224(0.94)  1399(0.34)  989(0.73)  
3596 1124(0.96)  1473(0.14)  11(0.89)  454(0.47)  1097(0.87)  1140(0.58)  1423(0.99)  
3597 1180(0.04)  477(0.72)  614(0.09)  1030(0.15)  
3598 749(0.02)  1432(0.07)  529(0.99)  1265(0.81)  1028(0.49)  
3599 373(0.77)  589(0.35)  
3600 1238(0.90)  792(0.36)  
3601 1136(0.91)  1392(0.52)  
3602 1429(0.78)  926(0.96)  50(1.00)  1119(0.71)  1441(0.34)  
3603 468(0.47)  672(0.43)  888(0.87)  1383(0.74)  628(0.86)  
3604 412(0.30)  
3605 928(0.44)  851(0.19)  668(0.83)  1217(0.41)  1127(0.07)  252(0.36)  1321(0.23)  
3606 1374(0.93)  1457(0.03)  1208(0.46)  399(0.37)  1268(0.43)  632(0.08)  155(0.61)  
3607 794(0.04)  889(0.27)  1333(0.94)  
3608 1512(0.69)  1462(0.22)  54(0.97)  1163(0.98)  953(0.14)  1169(0.03)  520(0.52)  909(0.53)  
3609 637(0.21)  1292(0.69)  470(0.91)  233(0.77)  117(0.32)  466(0.59)  976(0.07)  1419(0.95)  
3610 1539(0.20)  118(0.36)  534(0.44)  430(0.95)  
3611 522(0.89)  33(0.69)  355(0.47)  532(0.83)  416(0.66)  765(0.07)  1275(0.47)  
3612 902(0.52)  839(0.31)  296(0.82)  1511(0.37)  569(0.09)  280(0.56)  3(0.15)  419(0.98)  
3613 656(0.17)  845(0.38)  1422(0.33)  107(0.87)  1349(0.92)  739(0.81)  596(0.29)  
3614 1473(0.78)  344(0.60)  1347(0.72)  311(0.78)  1447(0.06)  11(0.14)  
3615 624(0.78)  895(0.86)  911(0.79)  861(0.47)  1011(0.11)  562(0.20)  352(0.66)  
3616 310(0.22)  1086(0.49)  
3617 1442(0.55)  393(0.76)  836(0.21)  1479(0.86)  1109(0.21)  1392(0.25)  
3618 434(0.71)  1516(0.77)  973(0.64)  1044(0.92)  
3619 906(0.78)  1243(0.68)  
3620 1426(0.51)  97(0.26)  141(0.04)  424(0.98)  1133(0.29)  
3621 798(0.16)  1547(0.24)  858(0.67)  222(0.19)  160(0.75)  1175(0.61)  
3622 266(0.04)  442(0.66)  326(0.62)  772(0.36)  1282(0.44)  1311(0.90)  396(0.92)  440(0.97)  
3623 329(0.94)  639(0.82)  123(0.86)  113(0.07)  1288(0.53)  879(0.74)  136(0.43)  806(0.31)  
3624 232(0.96)  182(0.52)  
3625 129(0.87)  878(0.21)  1333(0.61)  
3626 1105(0.39)  1067(0.34)  352(0.58)  
3627 801(0.16)  1150(0.57)  102(0.69)  545(0.85)  1188(0.02)  
3628 387(0.06)  497(0.14)  580(0.05)  331(0.09)  1080(0.28)  1535(0.45)  1313(0.34)  836(0.77)  
3629 1116(0.00)  1399(0.01)  551(0.01)  394(0.55)  1276(0.11)  1333(0.94)  
3630 865(0.72)  575(0.06)  
3631 852(0.81)  
3632 449(0.59)  266(0.06)  815(0.99)  
3633 1161(0.71)  73(0.15)  
3634 656(0.18)  446(0.82)  662(0.79)  13(0.68)  816(1.00)  379(0.90)  
3635 695(0.72)  1471(0.31)  1116(0.66)  1039(0.97)  
3636 837(0.96)  1440(0.67)  
3637 864(0.46)  215(0.10)  604(0.26)  581(0.50)  
3638 595(0.87)  1410(0.26)  522(0.66)  485(0.69)  1327(0.70)  772(0.01)  
3639 634(0.85)  878(0.68)  562(0.24)  
3640 1306(0.99)  497(0.70)  953(0.77)  730(0.19)  254(0.15)  1269(0.18)  1339(0.74)  397(0.66)  
3641 1273(0.00)  597(0.52)  653(0.43)  71(0.95)  260(0.51)  836(0.06)  1079(0.20)  
3642 1387(0.91)  644(0.60)  900(0.92)  1276(0.56)  561(0.69)  1150(0.58)  528(0.36)  
3643 326(0.22)  276(0.21)  
3644 126(0.42)  875(0.19)  186(0.53)  
3645 1102(0.38)  1478(0.03)  446(0.86)  
3646 1309(0.32)  100(0.31)  196(0.35)  639(0.76)  1282(0.75)  1326(0.61)  50(0.53)  
3647 1074(0.30)  371(0.01)  508(0.01)  
3648 1090(0.04)  321(0.71)  
3649 398(0.31)  841(0.93)  1484(0.10)  1113(0.01)  1396(0.03)  548(0.05)  392(0.57)  
3650 1098(0.73)  1514(0.30)  1410(0.18)  894(0.87)  1298(0.90)  
3651 988(0.07)  1431(0.67)  102(0.39)  
3652 953(0.41)  1102(0.94)  653(0.21)  857(0.40)  1073(0.78)  
3653 1522(0.07)  220(0.51)  597(0.48)  1439(0.90)  
3654 401(0.67)  444(0.75)  727(0.71)  1436(0.27)  867(0.54)  191(0.38)  661(0.48)  
3655 353(0.33)  
3656 896(0.80)  1324(0.25)  769(0.75)  
3657 979(0.63)  1075(0.44)  1518(0.19)  602(0.19)  
3658 1451(0.61)  802(0.42)  1191(0.90)  1168(0.00)  93(0.41)  203(0.59)  286(0.16)  
3659 1325(0.53)  423(0.40)  1159(0.58)  922(0.18)  
3660 535(0.38)  485(0.80)  635(0.71)  
3661 271(0.94)  887(0.17)  
3662 903(0.34)  188(0.94)  777(0.71)  
3663 987(0.64)  1496(0.92)  381(0.40)  610(0.36)  
3664 412(0.21)  907(1.00)  
3665 518(0.59)  175(0.18)  790(0.01)  501(0.45)  225(0.79)  641(0.85)  
3666 266(0.59)  909(0.02)  
3667 1279(0.50)  
3668 1541(0.65)  200(0.64)  
3669 849(0.51)  720(0.71)  376(0.92)  992(0.23)  703(0.32)  426(0.85)  842(0.45)  
3670 563(0.23)  407(0.57)  
3671 1083(0.43)  1233(0.02)  783(0.06)  573(0.54)  790(0.38)  141(0.61)  
3672 831(0.81)  409(0.68)  
3673 1430(0.50)  
3674 55(0.86)  765(0.39)  609(1.00)  1491(0.30)  1547(0.41)  964(0.60)  9(0.54)  
3675 1515(0.14)  718(0.91)  722(0.30)  1538(0.74)  236(0.44)  612(0.53)  
3676 1263(0.45)  1452(0.05)  
3677 1290(0.24)  227(0.58)  1030(0.98)  1104(0.64)  29(0.80)  1283(0.91)  
3678 1427(0.12)  1350(0.42)  
3679 1533(0.95)  326(0.62)  370(0.24)  653(0.48)  1362(0.61)  792(0.22)  116(0.65)  586(0.92)  
3680 809(0.28)  66(0.32)  736(0.66)  1113(0.58)  1541(0.40)  986(0.71)  
3681 1359(0.40)  1189(0.85)  873(0.47)  263(0.79)  534(0.96)  
3682 559(0.30)  868(0.97)  
3683 1384(0.70)  1507(0.55)  
3684 731(0.49)  1081(0.75)  32(0.46)  475(0.65)  1118(0.53)  
3685 706(0.17)  816(0.95)  
3686 733(0.19)  1149(0.79)  1045(0.88)  529(0.36)  
3687 939(0.12)  1261(0.11)  1438(0.68)  1321(0.81)  113(0.20)  622(0.34)  1065(0.67)  
3688 1357(0.03)  814(0.53)  470(0.50)  1086(0.46)  797(0.87)  520(0.64)  936(0.76)  
3689 1071(0.19)  501(0.96)  1383(0.29)  
3690 235(0.50)  1038(0.46)  601(0.33)  1083(0.36)  1194(0.51)  
3691 925(0.55)  503(0.01)  626(0.11)  
3692 237(0.55)  280(0.71)  563(0.54)  859(0.89)  703(0.95)  27(0.36)  
3693 1359(0.22)  417(0.61)  1272(0.06)  1409(0.99)  267(0.29)  577(1.00)  1205(0.84)  
3694 325(0.20)  382(0.83)  1357(0.14)  402(0.83)  565(0.58)  
3695 3(0.87)  619(0.41)  1474(0.89)  53(0.84)  469(0.62)  365(0.44)  1407(0.31)  253(0.86)  
3696 1398(0.90)  1082(0.60)  472(0.95)  329(0.02)  346(0.67)  296(0.99)  
3697 574(0.51)  830(0.77)  1207(0.54)  491(0.62)  1080(0.92)  458(0.87)  1180(0.35)  
3698 497(0.41)  744(0.66)  295(0.39)  
3699 478(0.57)  1094(0.26)  805(0.46)  528(0.48)  944(1.00)  
3700 89(0.15)  1530(0.95)  322(0.08)  418(0.32)  861(0.34)  1503(0.20)  1547(0.14)  272(0.65)  
3701 1456(0.36)  526(0.97)  929(0.02)  547(0.64)  137(0.58)  952(0.88)  
3702 34(0.15)  90(0.85)  1066(0.76)  111(0.71)  
3703 427(0.15)  883(0.24)  660(0.49)  184(0.66)  1199(0.36)  1270(0.19)  327(0.71)  
3704 32(0.15)  76(0.61)  359(0.16)  1068(0.28)  912(0.67)  236(0.83)  292(0.39)  
3705 373(0.93)  
3706 915(0.89)  200(0.48)  789(0.16)  
3707 999(0.58)  1508(0.31)  1537(0.13)  622(0.88)  
3708 1180(0.68)  531(0.32)  1333(0.22)  897(0.32)  1379(0.72)  
3709 990(0.04)  1512(0.33)  1090(0.20)  1213(0.07)  431(0.28)  75(0.14)  1556(0.18)  1373(0.50)  
3710 522(0.58)  605(0.64)  355(0.79)  
3711 1112(0.03)  370(0.12)  1039(0.89)  1002(0.06)  286(0.06)  1289(0.87)  253(0.24)  1389(0.85)  
3712 413(0.03)  1322(0.82)  
3713 617(0.70)  687(0.53)  1303(0.06)  600(0.05)  737(0.76)  1153(0.48)  
3714 1070(0.60)  1299(0.43)  1342(0.88)  67(0.22)  
3715 452(0.35)  429(0.42)  912(0.43)  608(0.18)  691(0.28)  442(0.89)  
3716 492(0.89)  1041(0.20)  951(0.86)  76(0.15)  
3717 410(0.95)  1358(0.40)  1215(0.35)  1232(0.31)  
3718 1390(0.87)  1100(0.88)  824(0.26)  1240(0.13)  
3719 1250(0.51)  374(0.87)  1030(0.82)  208(0.90)  385(0.49)  268(0.04)  618(0.90)  
3720 977(0.28)  754(0.54)  278(0.73)  
3721 1553(0.23)  998(0.41)  1210(0.63)  788(0.35)  
3722 1144(0.75)  988(0.19)  312(0.05)  
3723 430(0.77)  819(0.27)  796(0.68)  1279(0.95)  1389(0.73)  1472(0.54)  
3724 1164(0.90)  981(0.83)  1531(0.30)  1027(0.51)  152(0.52)  
3725 1257(0.70)  1407(0.20)  958(0.34)  1162(0.24)  1378(0.70)  315(0.46)  1118(0.49)  
3726 1341(0.26)  1158(0.17)  149(0.11)  59(0.16)  742(0.00)  253(0.56)  575(0.95)  
3727 1(0.02)  1309(0.58)  500(0.52)  1370(0.00)  733(0.39)  257(0.81)  128(0.10)  1343(0.55)  
3728 1529(0.54)  1373(0.37)  697(0.12)  1167(0.38)  171(0.17)  774(0.60)  1350(0.24)  
3729 1508(0.90)  1099(0.79)  
3730 283(0.88)  100(0.51)  649(0.18)  560(0.94)  1242(0.93)  339(0.77)  1076(0.31)  839(0.17)  
3731 1146(0.34)  
3732 1036(0.56)  520(0.72)  923(0.80)  127(0.62)  131(0.75)  946(0.70)  
3733 1198(0.57)  1254(0.75)  
3734 278(0.62)  482(0.44)  698(0.52)  1194(0.43)  
3735 711(0.60)  328(0.94)  332(0.50)  1148(0.73)  
3736 402(0.55)  
3737 492(0.72)  1374(0.12)  286(0.72)  1261(0.92)  1451(0.06)  469(0.82)  
3738 1226(0.32)  1536(0.95)  1020(0.44)  1010(0.57)  627(0.41)  
3739 1143(0.53)  228(0.21)  271(0.42)  554(0.38)  
3740 913(0.18)  891(0.29)  1373(0.92)  
3741 1196(0.57)  42(0.32)  1217(0.29)  807(0.58)  
3742 140(0.88)  489(0.70)  
3743 393(0.92)  556(0.89)  799(0.48)  483(0.71)  1431(0.74)  144(0.03)  160(0.19)  
3744 183(0.01)  869(0.33)  247(0.83)  969(0.09)  1505(1.00)  
3745 569(0.70)  1146(0.72)  1389(0.27)  
3746 386(0.19)  137(0.17)  
3747 655(0.53)  139(0.09)  128(0.83)  
3748 445(0.66)  355(0.90)  1037(0.25)  549(0.73)  871(0.89)  1048(0.22)  931(0.10)  1281(0.51)  
3749 469(0.46)  1085(0.15)  795(0.89)  519(0.31)  935(0.92)  
3750 80(0.84)  1521(0.63)  313(0.03)  409(0.90)  852(0.31)  1494(0.81)  1538(0.54)  263(0.13)  
3751 1446(0.42)  517(0.90)  920(0.84)  537(0.60)  128(0.42)  943(0.68)  
3752 25(0.96)  81(0.51)  1057(1.00)  102(0.64)  
3753 418(0.92)  874(0.82)  651(0.30)  175(0.49)  1190(0.77)  1261(0.69)  318(0.69)  
3754 23(0.36)  67(0.61)  350(0.33)  1059(0.23)  903(0.79)  227(0.99)  283(0.64)  
3755 363(0.55)  
3756 906(0.84)  191(0.16)  779(0.54)  
3757 698(0.84)  1208(0.42)  1237(0.21)  
3758 1514(0.93)  1464(0.51)  56(0.85)  1164(0.18)  954(0.53)  1170(0.34)  521(0.20)  1324(0.02)  
3759 1045(0.17)  142(0.52)  879(0.20)  
3760 1355(0.19)  1184(0.60)  868(0.57)  1525(0.58)  
3761 17(0.67)  88(0.57)  704(0.62)  1559(0.72)  
3762 105(0.12)  654(0.63)  
3763 840(0.42)  1123(0.02)  275(0.84)  119(0.74)  1001(0.57)  1057(0.81)  
3764 1294(0.50)  591(0.25)  728(0.83)  1144(0.03)  
3765 449(0.26)  1132(0.20)  643(0.36)  965(0.62)  1142(0.46)  
3766 487(0.56)  703(0.25)  
3767 1449(0.72)  906(0.74)  563(0.27)  1179(0.63)  890(0.92)  613(0.05)  1029(0.12)  1339(0.28)  
3768 1455(0.46)  474(0.86)  717(0.13)  401(0.81)  1349(0.34)  1206(0.33)  1222(0.17)  
3769 954(0.93)  399(0.07)  921(0.27)  
3770 802(0.34)  1245(0.63)  329(0.59)  373(0.27)  
3771 529(0.56)  918(0.68)  895(0.49)  1378(0.39)  1488(0.19)  13(0.18)  
3772 1281(0.56)  1098(0.46)  90(0.67)  1558(0.38)  682(0.03)  
3773 133(0.05)  283(0.49)  
3774 732(0.74)  1188(0.69)  965(0.13)  489(0.30)  1504(0.38)  17(0.38)  632(0.23)  1487(0.83)  
3775 929(0.02)  
3776 486(0.00)  343(0.98)  359(0.54)  309(0.85)  459(0.29)  10(0.99)  
3777 1220(0.28)  505(0.63)  1094(0.44)  472(0.84)  1193(0.78)  
3778 702(0.87)  891(0.45)  1467(0.36)  153(0.17)  1394(0.72)  785(0.63)  641(0.14)  
3779 252(0.54)  681(0.80)  126(0.84)  648(0.53)  225(0.42)  348(0.31)  1124(0.20)  
3780 510(0.67)  300(0.82)  517(0.12)  1426(0.90)  257(0.84)  
3781 137(0.41)  980(0.73)  
3782 391(0.16)  1046(0.28)  225(0.07)  1546(0.67)  1429(0.06)  221(0.31)  730(0.56)  
3783 383(0.96)  1464(1.00)  922(0.27)  992(0.98)  
3784 855(0.97)  
3785 1279(0.44)  1456(0.80)  1340(0.04)  131(0.14)  641(0.61)  
3786 466(0.75)  443(0.69)  925(0.08)  622(0.99)  705(0.85)  455(0.18)  
3787 602(0.30)  1152(0.15)  1062(0.22)  186(0.21)  1256(0.23)  
3788 1345(0.19)  896(0.91)  686(0.59)  902(0.04)  253(0.27)  1056(0.12)  
3789 521(0.03)  644(0.98)  1420(0.07)  1064(0.65)  987(0.14)  
3790 308(0.02)  1257(0.65)  1527(0.09)  1544(0.26)  
3791 435(0.95)  1290(0.39)  1427(0.31)  286(0.10)  595(0.10)  1224(0.55)  69(0.22)  
3792 400(0.79)  1375(0.12)  421(0.96)  
3793 44(0.35)  154(0.31)  238(0.74)  1546(0.75)  737(0.58)  1192(0.30)  
3794 181(0.33)  863(0.54)  374(1.00)  697(0.03)  
3795 347(0.98)  73(0.37)  23(0.60)  
3796 792(0.14)  249(0.53)  1464(0.97)  522(0.28)  233(0.89)  
3797 576(0.98)  898(0.17)  1075(0.36)  959(0.32)  1308(0.79)  260(0.20)  
3798 713(0.76)  463(0.11)  1212(0.07)  523(0.43)  
3799 361(0.75)  1497(0.25)  62(0.31)  837(0.53)  482(0.01)  405(0.84)  222(0.71)  
3800 1430(0.55)  261(0.91)  238(0.83)  
3801 13(0.70)  641(0.21)  1045(0.46)  662(0.44)  252(0.91)  1068(0.90)  179(0.73)  
3802 244(0.21)  1486(0.43)  876(0.20)  1146(0.38)  1163(0.88)  1113(0.87)  1263(0.59)  400(0.99)  
3803 1293(0.20)  1110(0.27)  102(0.71)  1156(0.92)  281(0.61)  
3804 998(0.98)  1148(0.15)  699(0.64)  902(0.05)  1119(0.88)  56(0.82)  
3805 1452(0.51)  615(0.72)  1152(0.48)  
3806 446(0.37)  490(0.22)  773(0.38)  1482(0.12)  912(0.43)  236(0.15)  706(0.07)  
3807 690(0.26)  174(0.77)  163(0.40)  
3808 188(0.18)  99(0.70)  781(0.13)  1436(0.26)  615(0.82)  791(0.78)  
3809 1214(0.35)  138(0.24)  249(0.29)  332(0.01)  82(0.86)  831(0.22)  1287(0.48)  
3810 968(0.03)  851(0.69)  1201(0.45)  152(0.86)  595(0.53)  1238(0.51)  
3811 1130(0.69)  27(0.38)  1363(0.88)  
3812 1319(0.59)  604(1.00)  1192(0.50)  570(0.14)  1292(0.69)  
3813 800(0.38)  990(0.36)  8(0.51)  251(0.66)  1493(0.68)  884(0.25)  740(0.96)  
3814 60(0.34)  902(0.93)  1491(0.85)  869(0.47)  33(0.66)  569(0.57)  932(0.65)  
3815 609(0.80)  399(0.08)  615(0.89)  1524(0.71)  769(0.77)  332(0.61)  
3816 746(0.35)  1522(0.34)  1166(0.34)  1089(0.29)  
3817 869(0.14)  1472(0.65)  
3818 896(0.02)  247(0.69)  636(0.15)  613(0.12)  
3819 530(0.47)  1345(0.28)  457(0.11)  420(0.89)  1262(0.40)  
3820 1103(0.63)  427(0.24)  483(0.43)  1459(0.50)  504(0.30)  666(0.80)  910(0.49)  
3821 828(0.10)  86(0.17)  342(0.63)  718(0.49)  3(0.21)  
3822 1305(0.99)  629(0.27)  685(0.50)  103(0.49)  292(0.68)  868(0.71)  1111(0.71)  795(0.86)  
3823 1182(0.59)  559(0.12)  1281(0.83)  260(0.14)  
3824 1481(0.94)  805(0.19)  984(0.19)  
3825 168(0.68)  1290(0.11)  214(0.44)  324(0.54)  408(0.40)  
3826 1483(0.91)  48(0.10)  824(0.18)  
3827 1357(0.47)  82(0.18)  378(0.77)  222(0.93)  1104(0.30)  16(0.82)  578(0.62)  
3828 336(0.97)  740(0.31)  357(0.28)  1505(0.35)  763(0.54)  1432(0.79)  1395(0.85)  
3829 1472(0.96)  862(0.67)  
3830 1103(0.47)  1213(0.58)  1296(0.72)  1047(0.09)  
3831 1269(0.80)  300(0.48)  1236(0.62)  
3832 1020(0.59)  1463(0.14)  134(0.71)  
3833 984(0.26)  1134(0.95)  685(0.45)  889(0.01)  1105(0.64)  42(0.39)  
3834 1438(0.43)  602(0.96)  1138(0.44)  
3835 433(0.48)  476(0.40)  759(0.99)  1468(0.79)  899(0.23)  223(0.81)  693(0.89)  
3836 676(0.68)  160(0.56)  150(0.41)  
3837 175(0.49)  85(0.73)  767(0.40)  1423(0.08)  601(0.40)  778(0.19)  
3838 1200(0.08)  125(0.28)  235(0.53)  318(0.64)  68(0.26)  914(0.22)  
3839 765(0.55)  675(0.25)  
3840 1137(0.16)  288(0.88)  132(0.98)  1014(0.83)  1070(0.63)  
3841 1349(0.05)  
3842 866(0.78)  763(0.65)  247(0.34)  
3843 417(0.04)  966(0.86)  463(0.27)  1145(0.64)  
3844 1479(0.35)  870(0.45)  
3845 722(0.37)  419(0.16)  
3846 335(0.36)  751(0.76)  1061(0.19)  545(0.92)  
3847 340(0.91)  384(0.61)  667(0.64)  1376(0.81)  806(0.23)  130(0.91)  600(0.06)  
3848 377(0.64)  248(0.72)  1463(0.54)  520(0.05)  231(0.58)  
3849 1371(0.68)  1188(0.05)  179(0.68)  90(0.55)  772(0.17)  1427(0.55)  606(0.24)  782(0.58)  
3850 1302(0.87)  226(0.09)  336(0.09)  420(0.33)  170(0.05)  919(0.88)  1375(0.46)  
3851 403(0.86)  
3852 710(0.22)  473(0.37)  357(0.64)  706(0.72)  1216(0.69)  101(0.92)  743(0.91)  373(0.72)  
3853 1479(0.58)  1256(0.81)  780(0.47)  237(0.27)  308(0.54)  924(0.89)  
3854 309(0.73)  1363(0.14)  488(0.96)  1557(0.38)  321(0.02)  498(0.65)  381(1.00)  
3855 554(0.80)  
3856 1444(0.08)  635(0.40)  
3857 501(0.64)  1543(0.66)  
3858 3(0.49)  725(0.98)  1262(0.34)  66(0.40)  
3859 503(0.49)  786(0.37)  1495(0.78)  
3860 43(0.50)  
3861 1559(0.42)  1122(0.54)  47(0.00)  157(0.20)  
3862 273(0.71)  1449(0.12)  
3863 171(0.71)  1373(0.81)  1296(0.67)  1113(0.71)  104(0.65)  
3864 528(0.07)  1104(0.52)  933(0.76)  617(0.63)  8(0.19)  278(0.46)  295(0.20)  245(0.65)  
3865 110(0.78)  779(0.31)  742(0.60)  26(0.46)  1029(0.04)  
3866 862(0.50)  492(0.85)  
3867 1135(0.02)  819(0.58)  209(0.33)  480(0.20)  496(0.87)  
3868 427(0.99)  1043(0.99)  340(0.49)  
3869 1205(0.93)  583(0.68)  1305(1.00)  284(0.76)  
3870 553(0.85)  597(0.09)  
3871 1240(0.31)  923(0.71)  314(0.26)  170(0.16)  187(0.72)  
3872 118(0.97)  734(0.44)  444(0.08)  
3873 1310(0.64)  688(0.47)  1410(0.87)  388(0.83)  
3874 852(0.90)  896(0.34)  
3875 1538(0.33)  1222(0.53)  613(0.66)  469(0.00)  486(0.56)  436(0.88)  586(0.26)  
3876 283(0.42)  1432(0.41)  689(0.79)  1359(0.27)  
3877 612(0.37)  895(0.89)  1190(0.43)  1034(0.66)  
3878 156(0.69)  266(0.71)  349(0.99)  100(0.87)  848(0.58)  1304(0.25)  1081(0.35)  
3879 480(0.91)  830(0.91)  1339(0.14)  224(0.54)  
3880 1499(0.69)  158(0.20)  1067(0.06)  1456(0.93)  1433(0.36)  357(0.12)  468(0.93)  
3881 494(0.93)  1176(0.15)  687(0.91)  1010(0.70)  1187(0.19)  
3882 240(0.31)  
3883 436(0.75)  186(0.85)  935(0.68)  
3884 906(0.29)  
3885 490(0.28)  852(0.80)  496(0.09)  419(0.38)  236(0.43)  785(0.45)  696(0.75)  1378(0.79)  
3886 1525(0.85)  836(0.91)  200(0.78)  1282(0.43)  
3887 375(0.45)  1151(0.95)  
3888 362(0.85)  
3889 452(1.00)  1334(0.30)  246(0.50)  807(0.63)  
3890 978(0.80)  169(0.05)  624(0.64)  402(0.42)  1483(0.03)  941(0.14)  1011(0.22)  
3891 1242(0.86)  872(0.80)  1154(0.85)  306(0.66)  
3892 347(0.19)  829(0.04)  939(0.42)  
3893 1056(0.46)  1526(0.87)  1530(0.75)  788(0.29)  
3894 1503(0.75)  455(0.50)  898(0.92)  1127(0.17)  1170(0.78)  1453(0.51)  
3895 82(0.07)  19(0.67)  1034(0.34)  691(0.08)  
3896 968(0.17)  891(0.80)  708(0.88)  1257(0.08)  1168(0.19)  292(0.29)  1361(0.85)  
3897 1026(0.67)  1109(0.84)  860(0.47)  50(0.02)  920(0.78)  
3898 1267(0.22)  
3899 424(0.87)  601(0.25)  484(0.78)  834(0.57)  930(0.21)  1373(0.13)  457(0.73)  
3900 1121(0.72)  
3901 1038(0.00)  1441(0.32)  1059(0.57)  
3902 110(0.15)  792(0.47)  
3903 1281(0.94)  1125(0.86)  449(0.03)  505(0.49)  
3904 440(0.94)  190(0.48)  939(0.28)  
3905 496(0.09)  752(0.03)  1129(0.43)  413(0.85)  1002(0.86)  380(0.45)  1102(0.26)  
3906 128(0.34)  278(0.06)  
3907 727(0.45)  39(0.84)  960(0.27)  898(0.26)  355(0.03)  12(0.35)  627(0.34)  338(0.62)  
3908 439(0.45)  909(0.89)  326(0.21)  516(0.59)  1092(0.46)  1335(0.93)  
3909 989(0.38)  473(0.33)  463(0.41)  80(0.95)  
3910 1382(0.10)  1266(0.66)  57(0.76)  153(0.99)  596(0.35)  1239(0.35)  
3911 1131(0.92)  28(0.42)  1363(0.27)  
3912 1320(0.59)  604(0.65)  49(0.26)  571(0.60)  149(0.09)  271(0.84)  1047(0.56)  
3913 408(0.21)  612(0.84)  828(0.77)  179(0.86)  568(0.85)  545(0.75)  1028(0.55)  
3914 1280(0.57)  776(0.99)  1459(0.50)  970(0.03)  
3915 1086(1.00)  943(0.68)  
3916 1023(0.66)  1106(0.80)  857(0.47)  48(0.16)  917(0.89)  281(0.72)  218(0.10)  
3917 734(0.08)  1243(0.31)  981(0.93)  
3918 1258(0.23)  1208(0.04)  1358(0.37)  909(0.01)  699(0.19)  915(0.27)  266(0.43)  
3919 1465(0.35)  1388(0.05)  
3920 13(0.44)  656(0.07)  700(0.17)  983(0.34)  1278(0.53)  1122(0.66)  
3921 53(0.43)  124(0.92)  739(0.85)  1303(0.95)  
3922 1407(0.59)  
3923 471(0.64)  821(0.69)  1330(0.59)  215(0.31)  
3924 29(0.72)  246(0.83)  1155(0.30)  1544(0.29)  1521(0.91)  445(0.86)  556(0.15)  
3925 682(0.35)  193(0.56)  515(0.23)  692(0.65)  576(0.68)  925(0.07)  1435(0.17)  320(0.73)  
3926 440(0.01)  163(0.16)  579(0.32)  889(0.65)  
3927 999(0.74)  510(0.04)  
3928 1332(0.76)  656(0.48)  1126(0.57)  
3929 310(0.32)  1432(0.96)  356(0.56)  466(0.80)  550(0.42)  300(0.32)  
3930 447(0.61)  996(0.88)  907(0.93)  31(0.46)  
3931 1121(0.12)  511(0.51)  782(0.45)  798(0.96)  748(0.76)  898(0.08)  449(0.04)  
3932 463(0.80)  586(0.17)  1361(0.98)  592(0.89)  929(0.04)  
3933 153(0.68)  1101(0.04)  1372(0.85)  
3934 544(0.24)  
3935 981(0.31)  1397(0.87)  1293(0.91)  777(0.32)  1180(0.71)  
3936 870(0.85)  1313(0.76)  1542(0.54)  
3937 1223(0.19)  1373(0.07)  924(0.12)  1128(0.67)  1344(0.97)  281(0.66)  1084(0.74)  
3938 1015(0.33)  832(0.56)  1381(0.22)  1292(0.24)  416(0.05)  1485(0.19)  
3939 580(0.71)  1383(0.76)  946(0.43)  1429(0.98)  1539(0.16)  64(0.15)  1372(0.61)  
3940 104(0.53)  840(0.41)  1017(0.92)  900(0.97)  1250(0.84)  1345(0.19)  
3941 266(0.26)  16(0.96)  
3942 825(0.86)  1454(0.61)  299(0.67)  
3943 712(0.73)  623(0.13)  
3944 599(0.50)  1309(0.47)  
3945 320(0.17)  270(0.35)  
3946 218(0.64)  967(0.08)  1422(0.10)  
3947 780(0.08)  1156(0.49)  440(0.14)  
3948 890(0.93)  948(0.33)  1458(0.72)  343(0.18)  571(0.53)  615(0.66)  
3949 66(0.46)  988(0.83)  925(0.89)  382(0.85)  
3950 768(0.65)  413(0.90)  336(0.23)  
3951 639(0.42)  69(0.13)  951(0.75)  1421(0.28)  839(0.25)  1028(0.08)  47(0.82)  290(0.75)  
3952 527(0.37)  
3953 537(0.01)  354(0.20)  904(0.06)  814(0.74)  
3954 78(0.67)  1417(0.10)  
3955 468(0.51)  951(0.75)  1061(0.34)  
3956 1177(0.40)  795(0.49)  385(0.94)  1200(0.99)  
3957 67(0.22)  576(0.46)  1019(0.81)  104(0.32)  1292(0.47)  17(0.74)  726(0.58)  
3958 1042(0.94)  1179(0.19)  
3959 447(0.52)  1383(0.18)  546(0.82)  1083(0.55)  301(0.79)  1089(0.07)  1426(0.98)  
3960 1543(0.59)  480(0.28)  1283(0.32)  1260(0.75)  184(0.27)  1439(0.00)  1522(0.60)  
3961 615(0.57)  126(0.57)  449(0.33)  625(0.94)  509(0.76)  858(0.97)  1368(0.00)  1397(0.78)  
3962 373(0.55)  96(0.59)  512(0.13)  822(0.81)  
3963 416(0.01)  1058(0.57)  1102(0.64)  1385(0.28)  122(0.39)  1524(0.51)  848(0.20)  1318(0.01)  
3964 1250(0.15)  
3965 1526(0.81)  91(0.35)  867(0.80)  
3966 987(0.42)  1270(0.43)  421(0.10)  265(0.58)  1147(0.76)  1203(0.38)  621(0.06)  
3967 671(0.23)  1074(0.63)  278(0.34)  1548(0.58)  806(0.29)  1062(0.87)  
3968 1405(0.12)  822(0.53)  1012(0.14)  30(0.60)  273(0.41)  1515(0.68)  906(0.80)  
3969 94(0.33)  470(0.22)  1313(0.75)  343(0.70)  1279(0.62)  443(0.55)  980(0.80)  
3970 1177(0.56)  728(0.10)  518(0.33)  734(0.70)  85(0.71)  888(0.99)  
3971 742(0.60)  865(0.00)  83(0.14)  1285(0.88)  1208(0.74)  1025(0.82)  
3972 209(0.48)  
3973 1233(0.25)  1343(0.16)  1426(0.98)  1177(0.85)  
3974 1399(0.44)  844(0.18)  1366(0.74)  
3975 1150(0.51)  35(0.74)  677(0.06)  307(0.56)  
3976 974(0.95)  
3977 958(0.69)  1413(0.01)  
3978 492(0.20)  
3979 1020(0.48)  107(0.56)  829(0.90)  
3980 333(0.65)  562(0.64)  606(0.39)  889(0.54)  40(0.39)  1442(0.76)  766(0.16)  822(0.13)  
3981 1556(0.89)  813(0.69)  1069(0.91)  1446(0.07)  730(0.86)  1319(0.58)  697(0.93)  1419(0.73)  
3982 152(0.63)  1061(0.53)  306(0.58)  1427(0.72)  352(0.82)  462(0.58)  545(0.46)  295(0.28)  
3983 270(0.75)  365(0.90)  808(0.39)  1451(0.11)  1495(0.67)  220(0.24)  515(0.54)  359(0.17)  
3984 877(0.63)  494(0.69)  84(0.27)  
3985 228(0.68)  883(0.85)  62(0.64)  1383(0.91)  1266(0.06)  58(0.22)  
3986 1351(0.30)  1434(0.01)  1184(0.87)  375(0.38)  831(0.34)  608(0.40)  132(0.96)  
3987 356(0.01)  
3988 860(0.77)  184(0.69)  240(0.75)  1215(0.76)  1405(0.39)  423(0.93)  
3989 10(0.54)  320(0.33)  1362(0.56)  1352(0.11)  969(0.71)  973(0.13)  
3990 1036(0.83)  
3991 940(0.58)  331(0.47)  187(0.33)  204(0.63)  154(0.62)  304(0.22)  1412(0.74)  
3992 1038(0.15)  1161(0.59)  378(0.91)  23(0.61)  1504(0.21)  1321(0.36)  312(0.91)  222(0.15)  
3993 303(0.53)  1052(0.10)  1507(0.54)  
3994 1278(0.13)  1241(0.48)  234(0.74)  1237(0.40)  
3995 700(0.83)  983(0.86)  134(0.98)  1536(0.60)  860(0.18)  916(0.07)  
3996 1251(0.75)  548(0.62)  685(0.95)  1101(0.84)  
3997 697(0.96)  1380(0.02)  891(0.34)  1213(0.90)  1390(0.34)  1274(0.62)  
3998 859(0.60)  556(0.74)  639(0.05)  
3999 1459(0.44)  1463(0.74)  
4000 234(1.00)  51(0.07)  
4001 1060(0.01)  1103(0.70)  1386(0.53)  
4002 441(0.85)  231(0.72)  448(0.04)  1357(0.22)  601(0.70)  
4003 385(0.66)  
4004 901(0.29)  824(0.47)  368(0.33)  917(0.43)  828(0.06)  1510(0.05)  607(0.42)  
4005 977(0.16)  1061(0.15)  811(0.42)  2(0.03)  458(0.11)  
4006 804(0.82)  
4007 376(0.79)  139(0.89)  22(0.19)  372(0.68)  881(0.40)  1324(0.03)  
4008 1110(0.56)  301(0.48)  756(0.96)  534(0.32)  57(0.04)  1073(0.68)  1143(0.23)  
4009 65(0.82)  294(0.35)  338(0.48)  620(0.63)  1330(0.24)  1174(0.52)  
4010 105(0.41)  1319(0.22)  377(0.12)  88(0.22)  
4011 1045(0.83)  36(0.10)  1504(0.74)  629(0.29)  140(0.96)  462(0.24)  639(0.30)  
4012 27(0.21)  776(0.35)  
4013 320(0.96)  310(0.17)  1485(0.39)  1075(0.07)  333(0.69)  
4014 1129(0.76)  1412(0.62)  150(0.33)  1552(0.68)  876(0.79)  1346(0.15)  
4015 878(0.63)  175(0.17)  
4016 451(0.66)  1454(0.16)  418(0.89)  1554(0.11)  118(0.76)  894(0.21)  
4017 1002(0.68)  1018(0.84)  968(0.66)  1118(0.83)  
4018 611(0.99)  1027(0.52)  923(0.37)  
4019 760(0.03)  577(0.65)  1126(0.82)  
4020 1376(0.70)  1529(0.44)  947(0.99)  
4021 691(0.27)  1174(0.61)  870(0.17)  953(0.03)  
4022 498(0.14)  1340(0.87)  
4023 46(0.86)  1115(0.99)  1438(0.94)  57(0.33)  1498(0.35)  
4024 762(0.78)  113(0.97)  916(0.99)  
4025 1502(0.32)  253(0.54)  1296(0.72)  1285(0.54)  902(0.85)  493(0.30)  
4026 969(0.26)  293(0.43)  763(0.33)  1325(0.46)  370(0.34)  946(0.78)  
4027 145(0.03)  455(0.54)  1083(0.02)  1487(0.19)  1104(0.22)  694(0.64)  1510(0.82)  
4028 831(0.50)  1074(0.75)  758(0.64)  149(0.77)  
4029 1465(0.48)  1536(0.15)  594(0.32)  
4030 856(0.83)  1393(0.82)  
4031 617(0.18)  966(0.36)  1476(0.93)  361(0.06)  
4032 175(0.19)  391(0.08)  887(0.44)  131(0.28)  108(0.24)  591(0.94)  287(0.33)  371(0.29)  
4033 915(0.86)  1265(0.54)  217(0.55)  246(0.33)  889(0.50)  932(0.30)  
4034 383(0.84)  1305(0.57)  828(0.15)  699(0.58)  356(0.27)  972(0.58)  
4035 1020(0.51)  1370(0.63)  1465(0.97)  350(0.61)  993(0.95)  1037(0.42)  
4036 171(0.09)  1506(0.35)  1030(0.80)  487(0.89)  558(0.99)  1173(0.72)  470(0.43)  
4037 922(0.16)  1205(0.51)  356(0.76)  200(0.91)  1082(0.68)  1138(0.76)  556(0.04)  
4038 703(0.77)  1106(0.26)  310(0.56)  314(0.46)  1129(0.34)  1385(0.51)  
4039 170(0.42)  1146(0.51)  
4040 665(0.22)  881(0.32)  1377(0.40)  
4041 694(0.93)  1110(0.24)  1420(0.51)  904(0.59)  894(0.77)  
4042 1095(0.55)  1124(0.09)  209(0.76)  253(0.66)  
4043 409(0.20)  1211(0.95)  775(0.83)  1257(0.56)  1367(0.22)  1451(0.41)  
4044 1143(0.17)  960(0.84)  1509(0.48)  1419(0.28)  544(0.36)  1199(0.16)  
4045 610(0.92)  999(0.82)  976(0.00)  1459(0.33)  11(0.50)  94(0.47)  1403(0.33)  
4046 231(0.89)  967(0.21)  730(0.69)  614(0.88)  963(0.01)  1473(0.51)  
4047 393(0.92)  144(0.25)  
4048 539(0.86)  23(0.55)  426(0.39)  1188(0.04)  
4049 1029(0.74)  913(0.71)  1262(0.07)  214(0.29)  657(0.38)  
4050 307(0.84)  790(0.68)  
4051 388(0.57)  112(0.67)  528(0.20)  838(0.65)  
4052 1220(0.46)  731(0.76)  1054(0.31)  
4053 1530(0.39)  216(0.66)  1457(0.52)  848(0.65)  705(0.23)  
4054 1118(0.09)  1428(0.37)  912(0.34)  901(0.16)  
4055 86(0.37)  263(0.02)  1395(0.46)  186(0.23)  282(0.95)  
4056 399(0.31)  
4057 448(0.57)  226(0.61)  1308(0.39)  765(0.77)  835(0.78)  1451(0.88)  748(0.01)  885(0.90)  
4058 246(0.45)  1222(0.44)  
4059 1032(0.94)  1249(0.17)  599(0.79)  989(0.61)  966(0.68)  
4060 1323(0.89)  354(0.95)  1290(0.14)  
4061 1074(0.78)  1517(0.10)  188(0.03)  231(0.87)  
4062 484(0.95)  1287(0.18)  1264(0.21)  189(0.38)  1443(0.80)  1527(0.52)  1277(0.67)  468(0.43)  
4063 1373(0.89)  1402(0.42)  486(0.26)  530(0.36)  813(0.92)  
4064 170(0.29)  
4065 51(0.98)  667(0.58)  378(0.34)  
4066 1466(0.65)  683(0.11)  328(0.53)  251(0.05)  68(0.75)  617(0.50)  527(0.84)  
4067 1351(0.83)  276(0.02)  386(0.92)  469(0.48)  219(0.49)  968(0.91)  1424(0.59)  
4068 1008(0.10)  891(0.90)  1241(0.21)  192(0.94)  635(0.09)  1278(0.95)  908(0.25)  
4069 843(0.38)  1458(0.21)  755(0.56)  893(0.99)  
4070 1117(0.49)  614(0.99)  1296(0.00)  807(0.56)  
4071 633(0.25)  489(0.56)  506(0.50)  456(0.18)  606(0.11)  156(0.06)  360(0.88)  
4072 318(0.25)  680(0.43)  325(0.13)  248(0.17)  65(0.78)  614(0.75)  524(0.60)  
4073 178(0.62)  661(0.07)  771(0.40)  854(1.00)  
4074 108(0.96)  536(0.30)  1539(0.61)  503(0.12)  81(0.20)  203(0.23)  979(0.96)  
4075 657(0.33)  447(0.09)  663(0.25)  14(0.86)  403(0.19)  477(0.14)  
4076 793(0.27)  11(0.43)  800(0.37)  1137(0.94)  
4077 935(0.50)  1538(0.48)  142(0.69)  386(0.51)  69(0.20)  1018(0.14)  1288(0.88)  1305(0.84)  
4078 1092(0.98)  310(0.04)  1098(0.20)  
4079 616(0.62)  1325(0.80)  
4080 1481(0.24)  1431(0.11)  23(0.69)  1132(0.80)  1336(0.91)  1552(0.77)  489(0.67)  1292(0.12)  
4081 624(0.58)  135(0.25)  458(0.83)  635(0.90)  518(0.39)  867(0.96)  1377(0.07)  1406(0.42)  
4082 382(0.99)  106(0.86)  522(0.02)  831(0.79)  
4083 923(0.80)  20(1.00)  
4084 1256(0.36)  580(0.27)  1050(0.40)  54(0.80)  657(0.60)  1233(0.85)  1062(0.25)  
4085 1369(0.57)  627(0.86)  
4086 371(0.42)  920(0.54)  831(0.71)  
4087 1226(0.99)  644(0.41)  1247(0.04)  1409(0.37)  94(0.43)  1336(0.77)  
4088 402(0.16)  806(0.97)  9(0.18)  13(0.56)  829(0.56)  
4089 1308(0.67)  33(0.16)  743(0.48)  587(0.07)  1469(0.62)  1525(0.92)  942(0.29)  
4090 992(0.20)  982(0.26)  599(0.61)  603(0.99)  1419(0.32)  117(0.95)  493(0.78)  1044(0.54)  
4091 1200(0.89)  751(0.77)  541(0.10)  757(0.65)  108(0.45)  911(0.38)  
4092 765(0.10)  888(0.24)  105(0.92)  1308(0.11)  1231(0.15)  1048(0.13)  
4093 1499(0.57)  1050(0.12)  840(0.68)  1056(0.36)  407(0.46)  796(0.48)  773(1.00)  
4094 1249(0.79)  338(0.70)  248(0.66)  930(0.76)  28(0.52)  764(0.72)  527(0.36)  
4095 231(0.84)  980(0.72)  1436(0.65)  
4096 502(0.90)  878(0.46)  
4097 36(0.87)  718(0.78)  229(0.24)  
4098 452(0.23)  1028(0.13)  
4099 882(0.27)  127(0.76)  104(0.86)  
4100 926(0.10)  410(0.56)  399(0.11)  17(0.84)  
4101 1319(0.29)  1202(0.08)  1552(0.38)  503(0.35)  533(0.81)  1175(0.32)  
4102 1085(0.01)  397(0.28)  1318(0.24)  
4103 130(0.36)  656(0.30)  101(0.01)  623(0.72)  201(0.78)  323(1.00)  1099(0.99)  
4104 485(0.88)  275(0.34)  492(0.31)  1401(0.99)  232(0.34)  
4105 15(0.73)  
4106 531(0.48)  868(0.29)  685(0.20)  1234(0.08)  1145(0.66)  269(0.28)  924(0.06)  
4107 712(0.75)  795(0.78)  546(0.92)  1294(0.84)  
4108 1357(0.04)  735(0.02)  1457(0.29)  435(0.96)  
4109 609(0.22)  1491(0.19)  1548(0.91)  965(0.15)  
4110 722(0.68)  1471(0.38)  782(0.15)  146(0.54)  1350(0.99)  
4111 480(0.16)  1030(0.56)  940(0.40)  64(0.40)  
4112 399(0.57)  1347(0.67)  1204(0.37)  1220(0.35)  
4113 112(0.15)  1380(0.66)  1104(0.96)  1520(0.59)  272(0.30)  1314(0.29)  
4114 274(0.32)  557(0.96)  
4115 1405(0.35)  1422(0.54)  1372(0.49)  1522(0.85)  1072(0.83)  862(0.47)  
4116 1542(0.73)  987(0.07)  1509(0.44)  1086(0.41)  
4117 1442(0.44)  1286(0.51)  319(0.66)  375(0.55)  
4118 213(0.95)  1521(0.24)  
4119 358(0.82)  1401(0.99)  246(0.45)  
4120 659(0.92)  
4121 1082(0.85)  33(0.71)  476(0.82)  705(0.17)  
4122 410(0.26)  905(0.60)  
4123 516(0.52)  173(0.32)  788(0.89)  499(0.74)  222(0.19)  639(0.52)  
4124 264(0.76)  907(0.13)  
4125 1277(0.89)  
4126 78(0.15)  295(0.17)  
4127 944(0.90)  815(0.60)  471(0.86)  1087(0.01)  798(0.47)  521(0.05)  937(0.12)  
4128 270(0.49)  114(0.64)  996(0.47)  1466(0.91)  469(0.86)  1072(0.38)  91(0.43)  1478(0.42)  
4129 862(0.32)  
4130 970(0.43)  787(0.71)  1336(0.96)  1246(0.74)  
4131 510(0.99)  194(0.55)  
4132 803(0.95)  1286(0.43)  1396(0.74)  1479(0.49)  1230(0.03)  
4133 828(0.69)  46(0.21)  
4134 402(0.71)  
4135 905(0.25)  229(0.36)  285(0.86)  1261(0.40)  1450(0.08)  468(0.67)  
4136 56(0.88)  366(0.57)  1408(0.75)  1398(0.77)  1015(0.29)  1019(0.56)  
4137 790(0.47)  114(0.34)  584(0.43)  2(0.15)  191(0.44)  767(0.60)  1011(0.76)  
4138 904(0.26)  161(0.39)  831(0.17)  1208(0.29)  78(0.04)  1081(0.96)  45(0.74)  
4139 548(0.10)  498(0.03)  648(0.01)  
4140 20(0.89)  90(0.41)  706(0.02)  3(0.83)  
4141 107(0.29)  656(0.58)  
