1 1(0.26)  2(0.57)  3(0.07)  4(0.87)  5(0.51)  6(0.79)  7(0.45)  8(0.24)  9(0.58)  10(0.03)  11(0.37)  12(0.99)  13(0.95)  14(0.65)  15(0.71)  16(0.69)  17(0.67)  18(0.48)  19(0.17)  20(0.18)  21(0.18)  22(0.22)  23(0.53)  24(0.55)  25(0.7)  26(0.3)  27(0.08)  28(0.03)  29(0.33)  
2 30(0.7)  31(0.26)  32(0.83)  
3 33(0.64)  34(0.31)  35(0.76)  
4 36(0.81)  37(0.87)  38(0.46)  39(0.66)  40(0.56)  41(0.19)  42(0.74)  43(0.56)  44(0.98)  45(0.28)  46(0.89)  
5 38(0.91)  39(0.48)  47(0.43)  48(0.87)  
6 38(0.97)  39(0.49)  48(0.42)  49(0.38)  50(0.04)  51(0.23)  52(0.68)  53(0.73)  54(0.79)  55(0.49)  56(0.97)  57(0.63)  58(0.28)  
7 32(0.87)  41(0.94)  59(0.55)  60(0.76)  61(0.84)  62(0.53)  
8 3(0.3)  39(0.0)  48(0.33)  
9 63(0.71)  64(0.16)  65(0.61)  66(0.65)  67(0.24)  68(0.79)  
10 32(0.34)  69(1.0)  
11 48(0.28)  70(0.45)  71(0.23)  72(0.52)  
12 39(0.94)  73(0.14)  74(0.75)  75(0.69)  76(0.0)  77(0.42)  78(0.4)  79(0.83)  
13 36(0.43)  38(0.43)  39(0.19)  41(0.7)  48(0.63)  79(0.52)  80(0.13)  81(0.09)  
14 82(0.39)  83(0.22)  84(0.7)  
15 41(0.56)  85(0.07)  86(0.76)  87(0.42)  88(0.62)  
16 39(0.33)  48(1.0)  89(0.11)  90(0.49)  91(0.65)  92(0.92)  93(0.53)  94(0.32)  95(0.37)  96(0.82)  97(0.46)  98(0.82)  99(0.45)  100(0.79)  101(0.91)  
17 36(0.76)  38(0.87)  39(0.77)  48(0.33)  89(0.55)  
18 39(0.71)  41(0.35)  102(0.39)  103(0.28)  104(0.93)  105(0.96)  106(0.8)  107(0.58)  108(0.05)  
19 38(0.33)  39(0.19)  41(0.4)  109(0.12)  110(0.87)  
20 39(0.88)  111(0.16)  112(0.87)  113(0.81)  114(0.51)  115(0.61)  116(0.19)  117(0.81)  118(0.77)  
21 119(0.23)  120(0.68)  121(0.37)  122(0.74)  123(0.11)  124(0.43)  125(0.19)  126(0.8)  127(0.85)  128(0.54)  129(0.07)  130(0.83)  131(0.81)  132(0.35)  133(0.88)  
22 48(0.65)  134(0.04)  135(0.87)  136(0.6)  
23 39(0.41)  48(0.18)  137(0.73)  138(0.46)  139(0.95)  140(0.74)  141(0.45)  142(0.84)  143(0.75)  144(0.87)  145(0.8)  146(0.84)  147(0.68)  148(0.42)  149(0.61)  
24 39(0.3)  150(0.16)  151(0.48)  152(0.46)  
25 38(0.69)  39(0.29)  56(0.3)  153(0.69)  154(0.53)  155(0.23)  
26 48(0.87)  156(0.81)  157(0.72)  158(1.0)  159(0.71)  160(0.38)  
27 39(0.4)  41(0.73)  48(0.25)  
28 161(0.93)  162(0.24)  163(0.67)  164(0.85)  165(0.3)  166(0.3)  167(0.7)  
29 38(0.19)  39(0.87)  48(0.23)  168(0.04)  169(0.28)  170(0.55)  171(0.61)  172(0.19)  173(0.32)  
30 32(0.51)  39(0.73)  41(0.64)  48(0.53)  174(0.67)  175(0.33)  176(0.12)  177(0.32)  178(0.16)  
31 32(0.73)  38(0.86)  39(0.59)  47(0.28)  48(0.31)  179(0.85)  180(0.83)  181(0.64)  182(0.09)  183(0.32)  
32 39(0.79)  184(0.33)  185(0.27)  186(0.39)  
33 36(0.83)  38(0.62)  41(0.6)  48(0.76)  140(0.56)  187(0.48)  188(0.91)  
34 39(0.89)  48(0.12)  186(0.31)  189(0.34)  190(0.02)  191(0.28)  192(0.76)  193(0.75)  194(0.24)  195(0.99)  196(0.33)  197(0.75)  198(0.02)  199(0.81)  200(0.26)  
35 39(0.81)  201(0.35)  202(0.2)  203(0.86)  204(0.71)  205(0.62)  206(0.74)  207(0.59)  208(0.78)  209(0.82)  
36 39(0.25)  65(0.6)  193(0.51)  210(0.38)  211(0.12)  212(0.61)  213(0.67)  214(0.01)  215(0.84)  
37 179(0.25)  216(0.35)  217(0.68)  218(0.11)  219(0.41)  220(0.38)  221(0.49)  222(0.27)  223(0.76)  224(0.47)  
38 225(0.07)  226(0.09)  227(0.33)  
39 39(0.14)  41(0.51)  48(0.54)  228(0.3)  229(0.45)  230(0.43)  231(0.16)  
40 36(0.26)  38(0.31)  39(0.8)  232(0.23)  233(0.48)  234(0.12)  235(0.35)  236(0.94)  237(0.31)  238(0.79)  239(0.12)  240(0.17)  241(0.03)  242(0.11)  
41 39(0.43)  243(0.26)  244(0.77)  245(0.29)  
42 39(0.43)  41(0.22)  48(0.18)  246(0.34)  247(0.15)  248(0.25)  249(0.74)  250(0.31)  
43 39(0.7)  48(0.43)  65(0.25)  251(0.91)  252(0.4)  253(0.81)  
44 48(0.23)  230(0.85)  254(0.46)  
45 39(0.66)  48(0.23)  66(0.58)  78(0.18)  242(0.21)  255(0.0)  256(0.48)  257(0.25)  258(0.37)  259(0.75)  260(0.34)  261(0.25)  
46 39(0.74)  48(0.32)  262(0.85)  
47 36(0.34)  38(0.1)  39(0.56)  225(0.39)  263(0.06)  264(0.39)  265(0.03)  266(0.77)  267(0.23)  
48 39(0.32)  242(0.37)  268(0.61)  269(0.32)  270(0.45)  271(0.5)  
49 39(0.17)  48(0.64)  79(0.33)  146(0.91)  237(0.49)  256(0.44)  272(0.85)  273(0.09)  
50 274(0.08)  
51 32(0.58)  38(0.03)  39(0.77)  48(0.59)  275(0.77)  276(0.11)  277(0.82)  278(0.92)  279(0.51)  280(0.75)  281(0.52)  282(0.69)  283(0.52)  
52 39(0.21)  48(0.75)  68(0.4)  
53 38(0.95)  39(0.79)  48(0.52)  95(0.14)  96(0.87)  105(0.08)  284(0.18)  285(0.2)  286(0.57)  287(0.22)  
54 39(0.8)  41(0.0)  48(0.4)  212(0.74)  288(0.91)  289(0.72)  290(0.02)  291(0.05)  292(0.26)  293(0.86)  294(0.24)  295(0.91)  296(0.34)  297(0.18)  298(0.6)  299(0.46)  
55 300(0.26)  301(0.26)  302(0.51)  
56 36(0.91)  38(0.49)  39(0.29)  105(0.05)  303(0.03)  304(0.25)  305(0.8)  306(0.49)  307(0.98)  308(0.98)  309(0.91)  310(0.43)  311(0.59)  312(0.41)  313(0.31)  314(0.15)  315(0.78)  316(0.23)  317(0.05)  318(0.59)  319(0.56)  320(0.79)  321(0.2)  
57 10(0.07)  322(0.78)  323(0.59)  324(0.3)  325(0.19)  326(0.71)  327(0.47)  
58 39(0.41)  48(0.4)  152(0.43)  161(0.14)  328(0.8)  
59 39(0.01)  329(0.35)  330(0.98)  
60 48(0.21)  331(0.22)  332(0.36)  333(0.83)  334(0.5)  335(0.56)  336(0.47)  337(0.17)  338(0.51)  339(0.15)  
61 18(0.7)  37(0.72)  38(0.89)  41(0.21)  48(0.31)  147(0.72)  340(0.83)  341(0.65)  342(0.94)  343(0.51)  344(0.28)  345(0.2)  346(0.22)  347(0.33)  
62 32(0.51)  39(0.73)  41(0.83)  48(0.44)  348(0.01)  349(0.57)  350(0.78)  
63 48(0.72)  351(0.65)  352(0.63)  353(0.04)  354(0.72)  355(0.77)  356(0.49)  357(0.69)  358(0.36)  359(0.71)  360(0.62)  361(0.03)  362(0.88)  363(0.79)  364(0.81)  
64 365(0.55)  366(0.06)  
65 38(0.28)  39(0.98)  41(0.42)  48(0.26)  60(0.33)  367(0.59)  368(0.64)  369(0.18)  370(0.58)  371(0.59)  372(0.61)  373(0.45)  374(0.95)  375(0.56)  
66 1(0.12)  11(0.87)  39(0.97)  41(0.01)  48(0.71)  65(0.34)  89(0.37)  376(0.08)  377(0.85)  378(0.16)  379(0.57)  380(0.0)  381(0.5)  382(0.43)  383(0.7)  384(0.52)  385(0.2)  
67 386(0.64)  387(0.46)  388(0.39)  389(0.09)  
68 38(0.58)  41(0.27)  390(0.08)  
69 38(0.72)  55(0.56)  391(0.76)  
70 32(0.98)  43(0.01)  151(0.79)  152(0.01)  201(0.69)  258(0.78)  340(0.21)  392(0.5)  393(0.76)  394(0.01)  395(0.54)  396(0.01)  397(0.57)  398(0.87)  399(0.39)  
71 338(0.21)  400(0.05)  401(0.24)  402(0.39)  403(0.21)  404(0.41)  
72 39(0.44)  405(0.02)  406(0.71)  407(0.33)  
73 48(0.36)  89(0.41)  101(0.33)  179(0.44)  186(0.31)  258(0.62)  340(0.39)  408(0.13)  409(0.91)  410(0.62)  411(0.74)  412(0.42)  413(0.26)  414(0.97)  415(0.74)  416(0.87)  417(0.52)  418(0.84)  419(0.56)  420(0.59)  421(0.67)  422(0.19)  
74 39(0.67)  45(0.56)  48(0.67)  248(0.36)  423(0.13)  424(0.64)  425(0.77)  426(0.11)  
75 141(0.91)  344(0.5)  427(0.6)  428(0.13)  429(0.52)  430(0.79)  431(0.66)  
76 39(0.88)  432(0.8)  433(0.94)  434(0.59)  
77 39(0.12)  48(0.55)  65(0.86)  435(0.67)  436(0.01)  437(0.08)  438(0.29)  
78 15(0.91)  23(0.94)  36(0.33)  38(0.6)  48(0.03)  123(0.35)  229(0.83)  291(0.75)  331(0.8)  337(0.46)  390(0.87)  439(0.1)  440(0.43)  441(0.19)  442(0.05)  443(0.76)  444(0.84)  445(0.59)  446(0.25)  447(0.36)  448(0.45)  449(0.68)  450(0.57)  
79 48(0.33)  451(0.64)  452(0.34)  453(0.99)  454(0.27)  455(0.16)  456(0.22)  457(0.65)  458(0.48)  459(0.76)  460(0.27)  
80 37(0.79)  38(0.87)  48(0.02)  147(0.4)  174(0.68)  461(0.83)  462(0.02)  463(0.24)  464(0.03)  465(0.85)  466(0.79)  467(0.2)  468(0.8)  469(0.87)  470(0.78)  471(0.29)  
81 39(0.23)  48(0.16)  472(0.94)  473(0.13)  474(0.8)  475(0.7)  
82 39(0.19)  41(0.13)  476(0.87)  
83 477(0.3)  478(0.73)  479(0.28)  
84 39(0.64)  161(0.72)  480(0.26)  481(0.41)  482(0.94)  483(0.32)  484(0.07)  485(0.28)  486(0.3)  
85 32(0.31)  39(0.56)  41(0.02)  48(0.46)  152(0.0)  237(0.81)  396(0.32)  
86 38(0.88)  39(0.83)  41(0.92)  105(0.41)  110(0.2)  487(0.03)  
87 60(0.27)  381(0.57)  
88 11(0.37)  39(0.09)  48(0.2)  255(0.07)  488(0.03)  489(0.2)  490(0.86)  491(0.31)  492(0.98)  493(0.03)  494(0.62)  495(0.26)  496(0.19)  497(0.16)  498(0.86)  499(0.78)  500(0.82)  
89 39(0.64)  
90 41(0.04)  110(0.55)  501(0.29)  
91 32(0.51)  38(0.17)  39(0.27)  48(0.99)  170(0.05)  178(0.8)  502(0.71)  503(0.32)  
92 38(0.86)  41(0.47)  504(0.23)  
93 225(0.61)  232(0.99)  347(0.65)  505(0.56)  506(0.02)  507(0.75)  508(0.83)  509(0.86)  510(0.04)  511(0.72)  512(0.64)  513(0.69)  514(0.4)  515(0.3)  
94 38(0.46)  39(0.46)  41(0.61)  48(0.37)  170(0.61)  189(0.35)  225(0.83)  270(0.32)  516(0.97)  
95 39(0.4)  48(0.04)  
96 38(0.4)  39(0.36)  281(0.59)  517(0.14)  
97 2(0.58)  518(0.49)  519(0.31)  520(0.34)  
98 310(0.54)  521(0.47)  522(0.31)  
99 41(0.22)  523(0.36)  524(0.28)  
100 48(0.34)  310(0.09)  416(0.6)  521(0.0)  522(0.98)  525(0.74)  526(0.65)  527(0.46)  528(0.43)  529(0.95)  530(0.51)  531(0.48)  
101 38(0.42)  39(0.38)  110(0.28)  532(0.57)  
102 18(0.75)  38(0.25)  47(0.47)  48(0.84)  89(0.54)  258(0.6)  293(0.91)  338(0.55)  365(0.38)  533(0.27)  534(0.05)  535(0.11)  536(0.43)  537(0.18)  538(0.17)  539(0.45)  540(0.41)  541(0.66)  542(0.48)  543(0.18)  544(0.82)  
103 39(0.19)  48(0.2)  106(0.96)  107(0.34)  264(0.25)  308(0.32)  384(0.07)  498(0.31)  545(0.54)  546(0.7)  547(0.47)  548(0.64)  549(0.43)  
104 39(0.39)  48(0.47)  312(0.7)  550(0.19)  551(0.7)  552(0.64)  553(0.18)  554(0.72)  555(0.3)  556(0.48)  557(0.1)  558(0.36)  
105 32(0.58)  39(0.7)  41(0.75)  48(0.42)  89(0.1)  129(0.08)  255(0.73)  357(0.62)  367(0.1)  368(0.73)  408(0.27)  491(0.36)  552(0.33)  559(0.25)  560(0.64)  561(0.45)  562(0.1)  563(0.16)  564(0.72)  565(0.85)  566(0.03)  567(0.72)  568(0.74)  569(0.77)  570(0.56)  
106 38(0.19)  170(0.82)  201(0.52)  571(0.99)  
107 39(0.56)  41(0.18)  48(0.66)  572(0.48)  573(0.82)  574(0.16)  575(0.69)  
108 38(0.04)  39(0.62)  161(0.12)  281(0.04)  
109 36(0.52)  38(0.9)  48(0.96)  78(0.66)  155(0.77)  576(0.05)  577(0.18)  578(0.65)  579(0.5)  580(0.93)  581(0.18)  582(0.78)  583(0.01)  584(0.14)  585(0.95)  586(0.11)  587(0.68)  588(0.47)  589(0.28)  590(0.42)  591(0.03)  
110 39(0.67)  48(0.47)  592(0.03)  593(0.04)  594(0.5)  595(0.91)  596(0.47)  597(0.33)  598(0.01)  599(0.55)  600(0.51)  
111 39(0.36)  178(0.6)  601(0.27)  602(0.89)  
112 38(0.36)  39(0.73)  170(0.28)  207(0.12)  603(0.58)  604(0.52)  605(0.08)  606(0.29)  
113 126(0.79)  290(0.61)  292(0.67)  548(0.16)  607(0.38)  608(0.5)  609(0.38)  610(0.19)  611(0.74)  612(1.0)  613(0.5)  614(0.74)  615(0.82)  616(0.83)  617(0.6)  618(0.68)  619(0.11)  620(0.46)  621(0.27)  622(0.51)  623(0.26)  624(0.26)  
114 625(0.35)  626(0.46)  
115 39(0.53)  48(0.56)  627(0.75)  
116 39(0.35)  41(0.28)  48(0.13)  134(0.54)  272(0.76)  475(0.1)  628(0.09)  629(0.97)  630(0.75)  631(0.04)  632(0.4)  633(0.89)  634(0.93)  635(0.1)  636(0.65)  
117 39(0.66)  48(0.16)  
118 38(0.16)  39(1.0)  41(0.45)  48(0.63)  89(0.91)  110(0.36)  637(0.65)  638(0.07)  639(0.69)  
119 38(0.01)  48(0.39)  170(0.9)  242(0.15)  255(0.48)  389(0.19)  604(0.52)  640(0.26)  641(0.69)  642(0.9)  643(0.06)  644(0.64)  645(0.85)  646(0.89)  647(0.14)  
120 36(0.63)  38(0.85)  39(0.59)  271(0.14)  
121 39(0.77)  
122 39(0.17)  89(0.78)  186(0.13)  543(0.17)  648(0.43)  649(0.12)  650(0.38)  651(0.23)  652(0.56)  653(0.03)  654(0.7)  
123 41(0.28)  511(0.56)  655(0.97)  656(0.63)  657(0.31)  
124 39(0.86)  48(0.85)  658(0.94)  
125 39(0.14)  48(0.08)  201(0.23)  659(0.14)  660(0.85)  661(0.67)  662(0.63)  663(0.83)  664(0.56)  665(0.97)  666(0.11)  667(0.39)  668(0.55)  669(0.73)  670(0.17)  671(0.84)  672(0.48)  673(0.95)  674(0.85)  675(0.62)  
126 39(0.61)  41(0.33)  676(0.67)  677(0.9)  678(0.74)  679(0.84)  
127 39(0.65)  72(0.55)  365(0.52)  
128 39(0.59)  680(0.25)  681(0.77)  
129 23(0.58)  39(0.86)  41(0.94)  48(0.63)  260(0.48)  357(0.37)  470(0.83)  682(0.34)  683(0.84)  684(0.74)  685(0.14)  686(0.73)  687(0.81)  688(0.31)  689(0.13)  690(0.84)  691(0.58)  692(0.62)  693(0.94)  
130 37(0.05)  38(0.57)  39(0.76)  48(0.57)  694(0.38)  
131 32(0.13)  39(0.97)  166(0.92)  346(0.48)  533(0.57)  695(0.99)  696(0.84)  697(0.14)  698(0.72)  699(0.52)  700(0.48)  701(0.98)  702(0.26)  703(0.5)  704(0.93)  
132 12(0.4)  39(0.61)  578(0.81)  597(0.95)  705(0.92)  706(0.59)  707(0.14)  708(0.32)  709(0.51)  710(0.39)  711(0.68)  712(0.08)  
133 39(0.37)  155(0.89)  338(0.54)  713(0.01)  714(0.11)  
134 37(0.04)  38(0.49)  39(0.07)  41(0.76)  48(0.37)  170(0.52)  433(0.4)  715(0.45)  716(0.63)  717(0.59)  
135 718(0.46)  719(0.13)  
136 39(0.2)  48(0.5)  150(0.99)  160(0.36)  720(0.79)  
137 19(0.21)  36(0.94)  38(0.56)  39(0.17)  41(0.13)  48(0.07)  248(0.86)  543(0.55)  721(0.83)  722(0.28)  723(0.14)  724(0.19)  725(0.38)  726(0.74)  727(0.76)  728(0.49)  729(0.47)  730(0.03)  731(0.4)  732(0.55)  733(0.66)  734(0.67)  735(0.95)  736(0.06)  737(0.49)  738(0.51)  739(0.25)  740(0.53)  
138 41(0.39)  48(0.33)  741(0.23)  742(0.85)  743(0.35)  744(0.06)  745(0.36)  
139 10(0.69)  746(0.81)  
140 9(0.49)  39(0.42)  41(0.14)  
141 747(0.33)  
142 359(0.68)  748(0.03)  
143 9(0.16)  227(0.75)  715(0.57)  749(0.11)  750(0.33)  751(0.81)  752(0.93)  753(0.69)  754(0.72)  755(0.56)  
144 39(0.6)  48(0.32)  68(0.45)  649(0.54)  756(0.71)  757(0.07)  758(0.09)  759(0.65)  760(0.19)  761(0.09)  762(0.78)  763(0.13)  
145 209(0.2)  211(0.9)  242(0.61)  618(0.49)  637(0.79)  651(0.77)  764(0.15)  765(0.38)  766(0.95)  
146 647(0.43)  767(0.75)  768(0.25)  769(0.75)  
147 39(0.75)  41(0.07)  770(0.51)  
148 38(0.66)  286(0.61)  359(0.78)  
149 38(0.48)  110(0.12)  
150 19(0.48)  39(0.76)  284(0.21)  420(0.76)  771(0.08)  772(0.6)  
151 39(0.99)  48(0.5)  773(0.04)  774(0.89)  
152 37(0.28)  38(0.93)  110(0.71)  334(0.61)  775(0.53)  776(0.47)  777(0.5)  778(0.87)  779(0.71)  
153 11(0.89)  39(0.4)  41(0.61)  48(0.93)  67(0.37)  102(0.07)  225(0.34)  228(0.19)  278(0.89)  564(0.35)  780(0.13)  781(0.02)  782(0.14)  783(0.97)  784(0.58)  785(0.28)  786(0.37)  787(0.69)  788(0.97)  789(0.04)  
154 38(0.25)  39(0.28)  41(0.2)  790(0.83)  791(0.59)  
155 38(0.24)  39(0.23)  48(0.78)  286(0.97)  
156 38(0.33)  39(0.56)  41(0.22)  47(0.37)  48(0.44)  61(0.28)  150(0.14)  312(0.63)  441(0.95)  561(0.78)  622(0.28)  649(0.83)  792(0.02)  793(0.27)  794(0.53)  795(0.29)  796(0.08)  797(0.48)  798(0.13)  799(0.75)  800(0.11)  801(0.43)  802(0.77)  803(0.9)  804(0.01)  805(0.17)  
157 48(0.27)  768(0.44)  806(0.3)  
158 38(0.27)  41(0.69)  170(0.64)  420(0.62)  
159 38(0.55)  286(0.95)  
160 39(0.39)  41(0.87)  48(0.34)  807(0.47)  808(0.86)  809(0.48)  
161 32(0.64)  41(0.77)  420(0.19)  810(0.81)  
162 39(0.75)  48(0.04)  89(0.25)  811(0.89)  812(0.95)  
163 0(0.73)  39(0.55)  48(0.91)  65(0.12)  120(0.05)  181(0.34)  730(0.34)  813(0.08)  814(0.36)  815(0.83)  816(0.06)  817(0.44)  
164 22(0.56)  32(0.1)  39(0.46)  818(0.53)  819(0.39)  
165 39(0.16)  41(0.34)  806(0.98)  820(0.96)  821(0.51)  822(0.27)  823(0.62)  
166 39(0.92)  48(0.15)  179(0.97)  490(0.32)  570(0.2)  572(0.25)  649(0.14)  723(0.72)  824(0.71)  825(0.76)  826(0.56)  827(0.53)  828(0.38)  829(0.28)  830(0.6)  831(0.14)  832(0.22)  833(0.63)  834(0.52)  
167 36(0.86)  38(0.74)  483(0.29)  492(0.75)  740(0.55)  835(0.99)  836(0.74)  837(0.19)  
168 38(0.91)  838(0.46)  839(0.96)  840(0.99)  841(0.15)  842(0.16)  
169 48(0.03)  798(0.88)  843(0.0)  844(0.58)  845(0.05)  846(0.64)  
170 9(0.27)  39(0.56)  48(0.67)  704(0.28)  767(0.63)  809(0.85)  847(0.14)  848(0.33)  849(0.76)  
171 9(0.99)  38(0.75)  39(0.25)  170(0.81)  330(0.16)  714(0.8)  850(0.37)  851(0.56)  852(0.09)  853(0.82)  
172 39(0.4)  41(0.51)  48(0.7)  854(0.99)  
173 237(0.21)  855(0.68)  856(0.05)  
174 39(0.91)  45(0.92)  48(0.25)  522(0.1)  535(0.26)  681(0.46)  857(0.35)  858(0.58)  859(0.16)  860(0.09)  
175 39(0.75)  48(0.13)  861(0.77)  862(0.87)  
176 39(0.54)  48(0.43)  359(0.16)  
177 38(0.08)  39(0.34)  48(0.28)  110(0.41)  161(0.31)  863(0.15)  864(0.56)  865(0.5)  866(0.97)  
178 441(0.71)  645(0.3)  867(0.39)  868(0.62)  869(0.69)  870(0.81)  871(0.07)  872(1.0)  873(0.01)  874(0.64)  875(0.67)  876(0.33)  877(0.19)  878(0.05)  879(0.17)  880(0.54)  881(0.31)  882(0.22)  883(0.58)  884(0.36)  885(0.68)  
179 39(0.47)  41(0.95)  161(0.37)  259(0.58)  260(0.03)  886(0.35)  887(0.03)  888(0.79)  
180 39(0.84)  48(0.27)  798(0.7)  859(0.03)  889(0.89)  890(0.92)  
181 39(0.9)  48(0.63)  101(0.16)  249(0.68)  255(0.77)  278(0.26)  441(0.41)  479(0.83)  495(0.73)  585(0.91)  678(0.54)  809(0.04)  891(0.4)  892(0.11)  893(0.99)  894(0.37)  895(0.03)  896(0.39)  897(0.63)  898(0.61)  899(0.02)  900(0.77)  901(0.99)  902(0.35)  903(0.91)  904(0.59)  905(0.32)  906(0.16)  
182 39(0.31)  907(0.43)  
183 48(0.36)  65(0.43)  908(0.28)  909(0.02)  910(0.21)  911(1.0)  912(0.68)  913(0.58)  
184 38(0.4)  39(0.88)  48(0.17)  170(0.64)  303(0.68)  494(0.6)  914(0.09)  915(0.96)  
185 31(0.86)  39(0.71)  41(0.58)  93(0.31)  916(0.68)  
186 209(0.24)  917(0.71)  918(0.34)  919(0.48)  920(0.74)  921(0.38)  
187 32(0.34)  38(0.67)  39(0.26)  41(0.03)  47(0.21)  191(0.87)  209(0.87)  348(0.98)  390(0.71)  422(0.71)  441(0.43)  547(0.99)  645(0.24)  877(0.84)  922(0.83)  923(0.6)  924(0.33)  925(0.77)  926(0.14)  927(0.31)  928(0.66)  
188 32(0.66)  48(0.71)  270(0.17)  511(0.67)  750(0.66)  929(0.79)  930(0.29)  931(0.6)  932(0.75)  
189 32(0.9)  38(0.21)  39(0.32)  41(0.6)  42(0.81)  170(0.36)  178(0.49)  213(0.14)  272(0.45)  511(0.08)  589(0.05)  933(0.02)  934(0.67)  935(0.39)  936(0.86)  937(0.53)  938(0.82)  939(0.87)  940(0.96)  941(0.19)  
190 39(0.17)  48(0.39)  942(0.28)  943(0.87)  944(0.62)  945(0.62)  946(0.66)  947(0.32)  948(0.1)  
191 38(0.78)  39(0.27)  48(0.82)  286(0.09)  949(0.78)  950(0.67)  951(0.66)  952(0.15)  
192 39(0.92)  41(0.76)  349(0.26)  606(0.04)  665(0.84)  953(0.51)  954(0.28)  955(0.17)  956(0.78)  957(0.01)  958(0.78)  
193 10(0.84)  39(0.37)  41(0.53)  48(0.18)  959(0.69)  960(0.24)  
194 9(0.86)  48(0.65)  96(0.68)  107(0.17)  529(0.1)  549(0.66)  606(0.05)  789(0.15)  961(0.54)  962(0.37)  963(0.6)  964(0.87)  965(0.69)  
195 39(0.38)  269(0.86)  384(0.08)  966(0.85)  967(0.96)  
196 25(0.1)  32(0.69)  41(0.15)  117(0.53)  185(0.4)  232(0.52)  248(0.33)  340(0.62)  503(0.14)  530(0.72)  533(0.02)  762(0.71)  927(0.28)  968(0.74)  969(0.37)  970(0.92)  971(0.35)  972(0.72)  973(0.1)  974(0.5)  975(0.86)  976(0.13)  977(0.13)  978(0.17)  979(0.26)  980(0.76)  981(0.91)  982(0.76)  
197 65(0.37)  76(0.83)  128(0.35)  136(0.88)  185(0.93)  535(0.13)  558(0.65)  612(0.29)  615(0.14)  730(0.31)  913(0.2)  916(0.34)  983(0.99)  984(0.84)  985(0.7)  986(0.23)  987(0.77)  988(0.7)  989(0.68)  990(0.84)  991(0.96)  992(0.95)  993(0.47)  994(0.52)  995(0.84)  996(0.41)  997(0.57)  998(0.84)  999(0.09)  1000(0.69)  1001(0.18)  1002(0.76)  1003(0.39)  1004(0.5)  1005(0.71)  
198 1006(0.07)  1007(0.19)  1008(0.47)  
199 39(0.05)  389(0.38)  989(0.36)  1009(0.72)  1010(0.25)  
200 39(0.9)  41(0.2)  48(0.01)  715(0.46)  755(0.04)  1011(0.48)  1012(0.86)  1013(0.76)  1014(0.96)  1015(0.31)  1016(0.09)  1017(0.98)  
201 65(0.0)  101(0.03)  175(0.01)  176(0.06)  178(0.96)  197(0.31)  282(0.84)  301(0.32)  623(0.75)  803(0.31)  806(0.27)  1018(0.06)  1019(0.55)  1020(0.69)  1021(0.97)  1022(0.71)  1023(0.43)  1024(0.91)  1025(0.84)  1026(0.41)  
202 39(0.98)  48(0.53)  237(0.81)  1027(0.65)  
203 38(0.06)  84(0.9)  107(0.49)  108(0.29)  110(0.14)  133(0.28)  237(0.16)  249(0.51)  493(0.28)  589(0.88)  604(0.91)  675(0.86)  1028(0.78)  1029(0.86)  1030(0.93)  1031(0.39)  1032(0.38)  1033(0.37)  1034(0.32)  1035(0.49)  1036(0.84)  1037(0.02)  1038(0.58)  1039(0.37)  1040(0.07)  1041(0.39)  1042(0.28)  1043(0.57)  
204 32(0.18)  1044(0.28)  1045(0.34)  1046(0.43)  
205 39(0.89)  45(0.68)  48(0.53)  200(0.42)  259(0.5)  282(0.45)  359(0.4)  365(0.1)  396(0.17)  577(0.73)  589(0.44)  593(0.92)  751(0.89)  1047(0.02)  1048(0.59)  1049(0.68)  1050(1.0)  1051(0.77)  
206 32(0.37)  868(0.67)  1052(0.1)  1053(0.13)  1054(0.83)  
207 39(0.54)  41(0.74)  48(0.54)  348(0.2)  352(0.75)  454(0.63)  533(0.28)  693(0.52)  754(0.98)  1055(0.73)  1056(0.71)  1057(0.85)  
208 38(0.44)  39(0.55)  249(0.79)  371(0.39)  740(0.13)  
209 48(0.31)  571(0.04)  681(0.8)  803(0.95)  967(0.38)  970(0.37)  1031(0.17)  1058(0.56)  1059(0.96)  1060(0.07)  1061(0.33)  1062(0.09)  
210 359(0.32)  1063(0.36)  
211 32(0.14)  38(0.54)  48(0.85)  170(0.4)  186(0.33)  365(0.32)  413(0.14)  475(0.75)  548(0.12)  636(0.23)  1064(0.31)  1065(0.45)  1066(0.23)  1067(0.43)  1068(0.75)  1069(0.68)  1070(0.86)  
212 39(0.88)  1071(0.28)  1072(0.9)  1073(0.83)  1074(0.93)  1075(0.22)  
213 48(0.61)  77(0.6)  101(0.07)  242(0.3)  571(0.17)  616(0.38)  822(0.18)  1076(0.6)  1077(0.4)  1078(0.98)  1079(0.28)  1080(0.26)  1081(0.34)  1082(0.53)  1083(0.98)  1084(0.48)  1085(0.56)  1086(0.68)  1087(0.67)  1088(0.48)  1089(0.05)  
214 39(0.77)  48(0.08)  255(0.03)  493(0.33)  1090(0.47)  
215 38(0.76)  39(0.9)  48(0.48)  328(0.72)  504(0.02)  984(0.38)  1091(0.68)  
216 48(0.54)  260(0.66)  665(0.34)  
217 39(0.77)  41(0.11)  48(0.32)  956(0.25)  1031(0.45)  1092(0.03)  1093(0.38)  1094(0.23)  
218 32(0.64)  
219 38(0.91)  170(0.55)  885(0.46)  1095(0.19)  
220 433(0.78)  1096(0.17)  
221 31(0.49)  846(0.56)  1097(0.49)  1098(0.15)  1099(0.42)  1100(0.99)  1101(0.79)  1102(0.08)  1103(0.09)  
222 39(0.23)  48(0.22)  828(0.85)  1104(0.24)  1105(0.92)  1106(0.11)  1107(0.26)  1108(0.48)  1109(0.92)  1110(0.93)  1111(0.59)  
223 38(0.4)  39(0.15)  48(0.92)  170(0.6)  
224 38(0.8)  39(0.05)  41(0.89)  390(0.27)  1112(0.65)  1113(0.6)  1114(0.75)  1115(0.51)  
225 38(0.89)  39(0.66)  41(0.47)  72(0.67)  105(0.98)  208(0.46)  346(0.23)  535(0.72)  1116(0.51)  1117(0.39)  1118(0.39)  1119(0.18)  1120(0.11)  1121(0.67)  1122(0.54)  1123(0.46)  1124(0.42)  1125(0.77)  1126(0.03)  1127(0.47)  1128(0.05)  
226 39(0.45)  41(0.46)  48(0.2)  75(0.61)  1000(0.58)  1129(0.17)  1130(0.13)  
227 32(0.97)  612(0.25)  976(0.09)  1013(0.6)  1131(0.66)  1132(0.32)  1133(0.89)  1134(0.41)  1135(0.31)  1136(0.64)  1137(0.14)  1138(0.89)  
228 39(0.68)  249(0.64)  1139(0.96)  1140(0.2)  1141(0.76)  1142(0.93)  1143(0.82)  1144(0.52)  
229 0(0.39)  39(0.84)  48(0.5)  
230 38(0.2)  370(0.53)  
231 39(0.14)  48(0.52)  155(0.03)  721(0.25)  766(0.94)  1062(0.84)  1145(0.3)  
232 32(0.53)  38(0.37)  39(0.81)  41(0.96)  48(0.17)  63(0.59)  110(0.1)  548(0.55)  1146(0.25)  1147(0.22)  
233 36(0.2)  38(0.1)  39(0.51)  41(0.19)  48(0.18)  55(0.54)  332(0.42)  441(0.6)  561(0.98)  740(0.11)  796(0.44)  797(0.46)  809(0.19)  885(0.97)  910(0.98)  956(0.67)  1148(0.43)  1149(0.86)  1150(0.68)  1151(0.25)  1152(0.54)  1153(0.46)  1154(0.29)  1155(0.29)  1156(0.94)  1157(0.29)  1158(0.73)  
234 36(0.1)  38(0.79)  48(0.4)  255(0.16)  859(0.32)  1159(0.18)  1160(0.96)  1161(0.55)  
235 39(0.37)  48(0.97)  1003(0.26)  1162(0.54)  1163(0.93)  1164(0.97)  
236 39(0.85)  48(0.87)  1165(0.09)  1166(0.1)  1167(0.06)  
237 20(0.95)  1168(0.49)  1169(0.59)  1170(0.04)  1171(0.45)  
238 38(0.41)  39(0.62)  41(0.16)  48(0.53)  105(0.45)  1172(0.39)  1173(0.39)  
239 32(0.26)  39(0.28)  
240 48(0.46)  251(0.83)  694(0.96)  809(0.53)  1144(0.29)  1174(0.15)  1175(0.34)  1176(0.67)  1177(0.38)  1178(0.02)  1179(0.46)  1180(0.59)  
241 48(0.45)  766(0.53)  781(0.01)  996(0.25)  1181(0.05)  1182(0.2)  1183(0.77)  
242 39(0.04)  48(0.76)  237(0.05)  493(0.97)  676(0.77)  952(0.89)  1145(0.72)  1184(0.08)  1185(0.53)  
243 39(0.65)  48(0.98)  192(0.62)  1186(0.71)  
244 28(0.23)  38(0.56)  39(0.31)  41(0.14)  161(0.29)  978(0.54)  1187(0.94)  1188(0.65)  1189(0.21)  1190(0.79)  
245 39(0.03)  48(0.66)  123(0.9)  220(0.77)  475(0.01)  677(0.51)  1191(0.68)  1192(0.93)  1193(0.32)  1194(0.51)  
246 1190(0.12)  
247 39(0.14)  48(0.25)  730(0.79)  987(0.11)  1195(0.55)  1196(0.8)  
248 39(0.07)  1197(0.47)  
249 65(0.46)  201(0.61)  266(0.54)  341(0.57)  433(0.79)  522(0.53)  694(0.66)  866(0.03)  1198(0.29)  1199(0.48)  1200(0.5)  1201(0.85)  1202(0.13)  1203(0.82)  1204(0.03)  1205(0.65)  1206(0.51)  1207(0.1)  
250 68(0.25)  261(0.73)  628(0.26)  1208(0.74)  1209(0.23)  1210(1.0)  
251 32(1.0)  38(0.52)  41(0.75)  110(0.83)  597(0.01)  1211(0.59)  1212(0.44)  1213(0.95)  1214(0.85)  
252 23(0.83)  39(0.93)  48(0.7)  101(0.45)  255(0.17)  604(0.92)  814(0.93)  1031(0.57)  1215(0.76)  1216(0.54)  1217(0.47)  1218(0.91)  1219(0.63)  
253 1220(0.36)  1221(0.0)  
254 187(0.57)  208(0.12)  270(0.6)  1051(0.78)  1206(0.29)  1222(0.72)  1223(0.29)  1224(0.29)  1225(0.67)  1226(0.61)  1227(0.39)  1228(0.35)  
255 38(0.38)  39(0.15)  41(0.72)  48(0.05)  357(0.05)  397(0.04)  533(0.24)  661(0.19)  674(0.37)  790(0.18)  993(0.97)  1067(0.39)  1082(0.88)  1155(0.4)  1229(0.12)  1230(0.65)  1231(0.85)  1232(0.6)  1233(0.18)  1234(0.94)  1235(0.58)  1236(0.06)  1237(0.75)  1238(0.04)  1239(0.12)  1240(0.31)  1241(0.34)  1242(0.38)  1243(0.57)  1244(0.48)  1245(0.24)  1246(0.35)  1247(0.18)  
256 32(0.94)  39(0.18)  43(0.26)  48(0.24)  67(0.13)  117(0.24)  132(0.73)  441(0.95)  475(0.34)  550(0.38)  665(0.4)  789(0.17)  1248(0.77)  1249(0.88)  1250(0.81)  1251(0.77)  
257 38(0.76)  170(0.79)  
258 39(0.7)  48(0.6)  677(0.82)  775(0.96)  834(0.4)  1160(0.64)  1180(0.33)  1252(0.83)  1253(0.76)  1254(0.47)  1255(0.59)  1256(0.01)  1257(0.58)  1258(0.47)  1259(0.22)  1260(0.15)  
259 649(0.65)  825(0.22)  1261(0.22)  1262(0.14)  1263(0.26)  1264(0.78)  1265(0.78)  
260 39(0.23)  1266(0.55)  1267(0.55)  
261 39(0.61)  41(0.3)  48(0.53)  1268(0.58)  1269(0.38)  1270(0.04)  1271(0.57)  1272(0.54)  1273(0.86)  
262 39(0.27)  48(0.44)  60(0.84)  200(0.4)  208(0.41)  676(0.23)  713(0.06)  952(0.5)  1274(0.38)  1275(0.66)  1276(0.63)  
263 36(0.93)  38(0.44)  41(0.8)  338(0.61)  340(0.84)  565(0.71)  668(0.2)  1277(0.84)  1278(0.1)  1279(0.66)  1280(0.48)  1281(0.02)  1282(0.99)  1283(0.08)  1284(0.02)  
264 39(0.12)  48(0.01)  1153(0.6)  1154(0.4)  1285(0.11)  
265 48(0.43)  151(0.85)  152(0.12)  189(0.42)  255(0.65)  525(0.3)  938(0.98)  1012(0.48)  1286(0.06)  1287(0.43)  1288(0.51)  1289(0.12)  1290(0.04)  1291(0.11)  
266 39(0.74)  41(0.33)  48(0.12)  
267 38(0.68)  39(0.17)  41(0.65)  48(0.18)  110(0.82)  271(0.01)  1146(0.44)  1292(0.17)  
268 48(0.22)  1293(0.27)  1294(0.01)  
269 737(0.42)  1295(0.51)  1296(0.25)  
270 39(0.84)  48(0.28)  393(0.58)  824(0.86)  1297(0.89)  1298(0.69)  1299(0.46)  1300(0.41)  1301(0.55)  1302(0.16)  1303(0.65)  1304(0.47)  1305(0.98)  1306(0.01)  1307(0.81)  
271 475(0.81)  830(0.76)  1274(0.67)  1308(0.24)  
272 37(0.08)  38(0.37)  39(0.69)  41(0.61)  48(0.01)  76(0.99)  445(0.31)  558(0.5)  587(0.75)  739(0.33)  973(0.74)  1309(0.97)  1310(0.65)  1311(0.3)  1312(0.65)  1313(0.69)  1314(0.73)  1315(0.31)  
273 39(0.99)  48(0.83)  49(0.16)  98(0.02)  123(0.64)  237(0.71)  285(0.92)  475(0.06)  875(0.81)  1018(0.68)  1135(0.7)  1316(0.38)  1317(0.35)  1318(0.83)  1319(0.72)  1320(0.17)  1321(0.95)  1322(0.48)  1323(0.66)  1324(0.46)  1325(0.26)  1326(0.27)  1327(0.74)  1328(0.84)  
274 1329(0.37)  1330(0.13)  
275 32(0.55)  185(0.55)  691(0.1)  890(0.42)  1331(0.45)  1332(0.35)  1333(0.36)  
276 41(0.46)  48(0.4)  123(0.91)  222(0.5)  255(0.86)  1334(0.36)  1335(0.12)  1336(0.95)  1337(0.58)  1338(0.29)  1339(0.15)  1340(0.63)  1341(0.5)  1342(0.01)  1343(0.83)  
277 39(0.46)  48(0.13)  479(0.31)  1344(0.99)  1345(0.27)  
278 41(0.14)  48(0.83)  123(0.25)  255(0.45)  413(0.62)  425(0.22)  586(0.55)  622(0.89)  727(0.97)  789(0.56)  1049(0.67)  1343(0.52)  1346(0.75)  1347(0.96)  1348(0.99)  1349(0.41)  1350(0.82)  1351(0.54)  1352(0.18)  
279 39(0.98)  48(0.8)  1173(0.52)  1353(0.5)  
280 38(0.97)  110(0.15)  1180(0.81)  1354(0.87)  1355(0.05)  
281 39(0.75)  41(0.34)  95(0.37)  101(0.19)  308(0.76)  309(0.95)  374(0.74)  433(0.66)  685(0.61)  741(0.1)  743(0.01)  753(0.66)  860(0.07)  898(0.77)  979(0.38)  998(0.95)  1079(0.8)  1080(0.6)  1153(0.68)  1154(0.65)  1269(0.12)  1356(0.72)  1357(0.99)  1358(0.34)  1359(0.89)  1360(0.09)  1361(0.86)  1362(0.36)  1363(0.57)  1364(0.16)  1365(0.29)  1366(0.5)  1367(0.4)  1368(0.51)  1369(0.46)  1370(0.14)  1371(0.34)  1372(0.13)  1373(0.91)  1374(0.73)  1375(0.06)  1376(0.69)  1377(0.05)  1378(0.71)  1379(0.42)  1380(0.23)  1381(0.38)  1382(0.14)  1383(0.39)  1384(0.6)  1385(0.24)  1386(0.98)  
282 39(0.27)  48(1.0)  334(0.75)  740(0.28)  987(0.02)  1042(0.22)  1387(0.05)  1388(0.81)  1389(0.55)  1390(0.97)  1391(0.17)  
283 38(0.43)  39(0.63)  170(0.39)  842(0.49)  
284 38(0.03)  39(0.44)  48(0.96)  286(0.43)  1063(0.41)  1392(0.01)  
285 39(0.82)  1368(0.83)  1393(0.38)  1394(0.78)  
286 38(0.87)  48(0.61)  170(0.52)  1395(0.76)  
287 39(0.8)  751(0.68)  
288 39(0.52)  48(0.23)  729(0.09)  759(0.73)  880(0.48)  1236(0.38)  1396(0.18)  1397(0.09)  1398(0.53)  1399(0.35)  1400(0.3)  1401(0.79)  1402(0.97)  
289 20(0.09)  58(0.98)  101(0.55)  364(0.48)  399(0.2)  522(0.65)  549(0.27)  824(0.6)  837(0.13)  846(0.86)  1004(0.46)  1403(0.66)  1404(0.64)  1405(0.95)  1406(0.54)  1407(0.22)  1408(0.38)  
290 749(0.19)  1409(0.57)  
291 36(0.32)  38(0.41)  41(0.8)  255(0.12)  264(0.82)  1410(0.59)  1411(0.78)  
292 39(0.74)  48(0.09)  1412(0.74)  1413(0.64)  1414(0.79)  
293 39(0.43)  521(0.15)  622(0.08)  
294 67(0.8)  68(0.6)  69(0.35)  604(0.42)  720(0.94)  1415(0.49)  1416(0.38)  1417(0.18)  1418(0.08)  1419(0.55)  1420(0.54)  
295 38(0.23)  39(0.62)  41(0.32)  48(0.18)  101(0.17)  170(0.93)  475(0.93)  714(0.47)  856(0.66)  1318(0.01)  1421(0.78)  1422(0.47)  1423(0.25)  1424(0.91)  1425(0.7)  1426(0.42)  
296 39(0.29)  248(0.51)  584(0.12)  1043(0.14)  1281(0.24)  1427(0.64)  1428(0.64)  1429(0.76)  1430(0.21)  1431(0.67)  1432(0.46)  
297 39(0.92)  48(0.74)  95(0.43)  195(0.04)  208(0.25)  213(0.38)  809(0.28)  1216(0.33)  1433(0.06)  1434(0.77)  1435(0.7)  
298 1436(0.29)  1437(0.66)  1438(0.65)  
299 39(0.74)  264(0.24)  464(0.66)  616(0.3)  750(0.37)  973(0.94)  1439(0.56)  1440(0.28)  
300 62(0.64)  300(0.86)  1441(0.1)  
301 39(0.95)  41(0.56)  48(0.72)  739(0.29)  824(0.03)  1442(0.42)  1443(0.3)  
302 39(0.08)  48(0.5)  188(0.86)  1444(0.74)  1445(0.22)  1446(0.72)  
303 39(0.71)  45(0.19)  48(0.44)  89(0.36)  334(0.16)  
304 301(0.45)  883(0.95)  1447(0.42)  1448(0.46)  1449(0.49)  1450(0.13)  1451(0.15)  1452(0.11)  
305 39(0.81)  334(0.25)  1279(0.12)  
306 5(0.86)  200(0.11)  432(0.19)  535(0.82)  581(0.07)  861(0.16)  1387(0.51)  1453(0.37)  1454(0.8)  1455(0.68)  1456(0.49)  1457(0.05)  1458(0.66)  1459(0.97)  1460(0.41)  1461(0.38)  1462(0.6)  
307 38(0.58)  39(0.14)  290(0.19)  840(0.58)  859(0.63)  1463(0.07)  1464(0.52)  
308 10(0.99)  39(0.34)  48(0.8)  49(0.8)  1004(0.67)  1142(0.44)  1258(0.16)  1465(0.16)  1466(0.52)  1467(0.19)  1468(0.2)  1469(1.0)  1470(0.65)  
309 32(0.87)  39(0.77)  41(0.63)  48(0.17)  301(0.62)  310(0.09)  604(0.12)  719(0.44)  1082(0.84)  1277(0.54)  1471(0.99)  1472(0.36)  1473(0.32)  1474(0.39)  1475(0.62)  1476(0.49)  1477(0.41)  1478(0.42)  1479(0.51)  1480(0.69)  1481(0.12)  
310 36(0.56)  38(0.01)  39(0.92)  270(0.74)  1129(0.15)  
311 39(0.4)  41(0.52)  184(0.53)  204(0.08)  1387(0.45)  1465(0.13)  1482(0.53)  1483(0.76)  1484(0.14)  1485(0.15)  1486(0.46)  
312 1487(0.16)  
313 38(0.8)  39(0.68)  60(0.18)  371(0.21)  1488(0.17)  
314 36(0.46)  38(0.73)  48(0.05)  381(0.86)  1489(0.85)  1490(0.8)  
315 39(0.29)  41(0.33)  48(0.58)  381(0.07)  1491(0.02)  
316 39(0.28)  48(0.55)  269(0.97)  1163(0.86)  1446(0.04)  1492(0.27)  1493(0.93)  1494(0.54)  1495(0.5)  1496(0.13)  1497(0.89)  1498(0.79)  
317 39(0.14)  332(0.39)  1499(0.24)  1500(0.94)  1501(0.89)  
318 48(0.89)  
319 39(0.42)  41(0.21)  248(0.28)  673(0.77)  1191(0.77)  1502(0.4)  
320 32(0.33)  136(0.39)  548(0.04)  549(0.96)  1503(0.74)  
321 39(0.61)  302(0.68)  1166(0.02)  1191(0.75)  1330(0.05)  1504(0.2)  
322 39(0.67)  48(0.21)  49(0.22)  1505(0.39)  1506(0.15)  1507(0.09)  1508(0.17)  
323 30(0.41)  39(0.88)  41(0.67)  48(0.47)  593(0.09)  1235(0.13)  1509(0.17)  1510(0.78)  1511(0.91)  1512(0.66)  1513(0.93)  1514(0.28)  1515(0.06)  1516(0.34)  1517(0.72)  
324 38(0.99)  39(0.39)  48(0.69)  49(0.66)  56(0.72)  334(0.92)  740(0.67)  1402(0.14)  1518(0.04)  1519(0.04)  1520(0.42)  
325 1521(0.62)  
326 48(0.97)  1522(0.98)  1523(0.88)  1524(0.98)  
327 38(0.83)  48(0.04)  67(0.2)  68(0.81)  76(0.47)  504(0.32)  612(0.9)  789(0.46)  1525(0.84)  1526(0.64)  
328 39(0.91)  195(0.88)  1140(0.71)  1527(0.35)  
329 38(0.38)  170(0.37)  1528(0.43)  1529(0.4)  
330 39(0.14)  48(0.13)  264(0.95)  423(0.78)  1004(0.82)  1104(0.05)  1530(0.08)  
331 32(0.1)  39(0.58)  1531(0.03)  1532(0.79)  
332 717(0.69)  
333 39(0.58)  48(0.74)  174(0.06)  441(0.68)  801(0.41)  1533(0.79)  1534(0.11)  1535(0.95)  1536(0.88)  
334 156(0.98)  161(0.25)  310(0.81)  932(0.56)  1537(0.65)  1538(0.05)  
335 39(0.63)  48(0.43)  714(0.28)  1307(0.1)  1436(0.44)  1530(0.92)  1539(0.38)  1540(0.36)  1541(0.26)  1542(0.08)  1543(0.64)  
336 9(0.33)  38(0.5)  39(0.28)  48(0.42)  65(0.16)  155(0.32)  170(0.93)  408(0.78)  420(0.52)  479(0.48)  589(0.94)  778(0.24)  824(0.84)  1062(0.34)  1267(0.54)  1342(0.41)  1433(0.61)  1544(0.58)  1545(0.3)  1546(0.91)  1547(0.86)  1548(0.48)  1549(0.49)  1550(0.92)  1551(0.2)  
337 1552(0.15)  
338 39(0.63)  
339 39(0.21)  48(0.72)  49(0.61)  1553(0.74)  
340 39(0.71)  41(0.35)  331(0.95)  1554(1.0)  1555(0.47)  1556(0.87)  1557(0.68)  
341 39(0.44)  48(0.11)  242(0.1)  
342 101(0.53)  289(0.46)  522(0.76)  525(0.8)  758(0.23)  778(0.61)  824(0.07)  1558(0.64)  1559(0.76)  1560(0.88)  
343 101(0.42)  378(0.07)  669(0.03)  794(0.75)  824(0.08)  1561(0.05)  1562(0.95)  
344 32(0.63)  39(0.47)  48(0.82)  141(0.49)  381(0.25)  910(0.96)  1135(0.36)  1174(0.4)  1344(0.62)  1563(0.73)  1564(0.06)  1565(0.04)  1566(0.84)  1567(0.61)  
345 39(0.13)  793(0.74)  915(0.73)  1568(0.72)  
346 39(0.9)  41(0.28)  94(0.88)  198(0.52)  340(0.13)  548(0.51)  677(0.2)  1347(0.54)  1569(0.83)  1570(0.48)  1571(0.14)  1572(0.75)  1573(0.75)  1574(0.37)  1575(0.55)  1576(0.6)  1577(0.56)  
347 39(0.51)  185(0.65)  261(0.91)  1291(0.49)  1578(0.08)  
348 32(0.09)  39(0.8)  41(0.42)  48(0.08)  425(0.05)  533(0.45)  592(0.82)  723(0.22)  749(0.54)  1313(0.9)  1322(0.53)  1579(0.32)  1580(0.41)  1581(0.81)  1582(0.27)  1583(0.72)  1584(0.42)  1585(0.14)  1586(0.01)  1587(0.39)  1588(0.55)  1589(0.03)  
349 36(0.61)  38(0.07)  39(0.09)  41(0.34)  89(0.05)  288(0.73)  384(0.89)  479(0.07)  535(0.71)  611(0.33)  966(0.92)  1590(0.66)  1591(0.37)  1592(0.36)  1593(0.99)  1594(0.92)  1595(0.97)  1596(0.11)  1597(0.22)  1598(0.68)  1599(0.95)  
350 38(0.43)  41(0.4)  48(0.05)  170(0.16)  825(0.76)  904(0.59)  1264(0.88)  1600(0.14)  1601(0.97)  1602(0.34)  1603(0.47)  1604(0.53)  1605(0.26)  1606(0.26)  1607(0.42)  1608(0.03)  
351 38(0.6)  39(0.51)  41(0.52)  110(0.55)  170(0.92)  1609(0.74)  1610(0.13)  
352 48(0.73)  1611(0.37)  1612(0.87)  
353 38(0.47)  39(0.42)  371(0.58)  1609(0.61)  1613(0.42)  1614(0.09)  
354 38(0.74)  48(0.6)  170(0.17)  
355 39(0.6)  48(0.29)  246(0.6)  550(0.05)  734(0.31)  930(0.79)  1146(0.48)  1615(0.17)  1616(0.4)  
356 39(0.25)  41(0.57)  255(0.62)  259(0.25)  340(0.39)  396(0.57)  535(0.86)  974(0.95)  986(0.27)  1014(0.37)  1135(0.27)  1353(0.87)  1617(0.39)  1618(0.48)  1619(0.36)  1620(0.27)  1621(0.02)  1622(0.7)  1623(0.91)  1624(0.08)  1625(0.51)  1626(0.69)  1627(0.99)  
357 39(0.56)  41(0.04)  48(0.3)  60(0.92)  155(0.27)  182(0.08)  246(0.69)  535(0.42)  589(0.49)  1274(0.37)  1319(0.7)  1628(0.19)  1629(0.62)  
358 36(0.64)  38(0.07)  39(0.65)  48(0.72)  1630(0.79)  1631(0.73)  
359 39(0.75)  48(0.03)  49(0.61)  96(0.95)  543(0.18)  639(0.37)  677(0.95)  812(0.23)  924(0.46)  1004(0.38)  1144(0.68)  1414(0.58)  1593(0.93)  1629(0.53)  1632(0.7)  1633(0.02)  1634(0.32)  1635(0.51)  1636(0.15)  1637(0.8)  1638(0.47)  1639(0.24)  1640(0.69)  
360 1(0.78)  
361 39(0.72)  326(0.99)  361(0.01)  665(0.58)  1484(0.39)  1641(0.22)  1642(0.03)  1643(0.49)  1644(0.49)  1645(0.12)  1646(0.28)  1647(0.58)  
362 39(0.37)  48(0.91)  237(0.33)  1278(0.04)  1648(0.02)  
363 39(0.99)  41(0.92)  1649(0.57)  
364 727(0.87)  1650(0.68)  1651(0.12)  1652(0.13)  1653(0.77)  1654(0.39)  
365 38(0.31)  39(0.06)  41(0.41)  48(0.73)  89(0.51)  110(0.67)  495(0.73)  592(0.82)  1291(0.09)  1655(0.95)  1656(0.01)  
366 59(0.56)  100(0.54)  161(0.55)  232(0.24)  282(1.0)  314(0.68)  378(0.78)  490(0.37)  492(0.05)  598(0.48)  604(0.05)  1024(0.18)  1198(0.28)  1211(0.66)  1657(0.79)  1658(0.49)  1659(0.48)  1660(0.74)  1661(0.24)  1662(0.03)  1663(0.73)  1664(0.27)  1665(0.87)  1666(0.68)  1667(0.81)  1668(0.19)  1669(0.29)  
367 39(0.83)  48(0.87)  61(0.17)  550(0.98)  598(0.29)  866(0.33)  1670(0.59)  1671(0.68)  
368 32(0.65)  38(0.59)  39(0.63)  105(0.8)  413(0.91)  824(0.52)  1363(0.81)  1672(0.16)  1673(0.68)  1674(0.79)  1675(0.36)  1676(0.4)  1677(0.44)  1678(0.73)  1679(0.68)  
369 39(1.0)  48(0.78)  648(0.05)  1680(0.67)  1681(0.62)  1682(0.93)  1683(0.92)  1684(0.84)  1685(0.33)  1686(0.24)  
370 39(0.93)  41(0.83)  185(0.82)  234(0.19)  1474(0.81)  1687(0.11)  1688(0.54)  1689(0.81)  1690(0.03)  1691(0.89)  1692(0.55)  
371 39(0.64)  297(0.69)  522(0.64)  544(0.35)  1693(0.52)  1694(0.67)  1695(0.07)  1696(0.46)  1697(0.12)  1698(0.14)  1699(0.3)  
372 32(0.71)  36(0.4)  38(0.43)  39(0.68)  740(0.17)  
373 38(0.16)  39(0.68)  41(0.83)  48(0.75)  89(0.38)  155(0.37)  161(0.51)  604(0.51)  767(0.82)  790(0.6)  821(0.68)  968(0.75)  1198(0.18)  1233(0.35)  1433(0.04)  1700(0.54)  
374 60(0.22)  101(0.47)  260(0.68)  345(0.51)  418(0.41)  423(0.3)  544(0.32)  640(0.65)  1113(0.6)  1121(0.85)  1616(0.51)  1701(0.2)  1702(0.19)  1703(0.54)  1704(0.86)  
375 39(0.24)  549(0.54)  961(0.9)  1232(0.76)  1313(0.75)  1705(0.87)  1706(0.86)  
376 38(0.87)  41(0.84)  48(0.23)  110(0.96)  501(0.65)  533(0.71)  616(0.34)  653(0.87)  1105(0.52)  1251(0.49)  1557(0.48)  1707(1.0)  1708(0.16)  1709(0.2)  1710(0.25)  1711(0.91)  1712(0.23)  1713(0.19)  1714(0.93)  1715(0.55)  1716(0.42)  1717(0.06)  
377 39(0.33)  41(0.65)  48(0.24)  276(0.13)  336(0.46)  344(0.45)  570(0.96)  1130(0.44)  1207(0.84)  1465(0.16)  1601(0.73)  1718(0.46)  1719(0.12)  1720(0.15)  1721(0.18)  1722(0.44)  
378 32(0.61)  39(0.01)  48(0.03)  299(0.38)  1011(0.55)  1723(0.02)  1724(0.56)  
379 117(0.43)  950(0.79)  1725(0.94)  1726(0.87)  
380 38(0.3)  49(0.93)  681(0.19)  1232(0.74)  1343(0.25)  1727(0.44)  1728(0.78)  
381 39(0.75)  846(0.23)  944(0.98)  1198(0.2)  
382 32(0.69)  48(0.11)  862(0.42)  
383 103(0.86)  1729(0.68)  1730(0.11)  1731(0.77)  
384 32(0.3)  38(0.15)  1590(0.39)  
385 32(0.71)  38(0.54)  39(0.31)  41(0.94)  170(0.92)  271(0.58)  740(0.9)  1138(0.1)  1696(0.42)  1732(0.67)  
386 32(0.75)  41(0.92)  48(0.67)  485(0.05)  542(0.15)  677(0.69)  1274(0.69)  1352(0.14)  1733(1.0)  1734(0.81)  1735(0.35)  1736(0.65)  1737(0.47)  1738(0.78)  1739(0.38)  
387 38(0.57)  39(0.86)  41(0.72)  110(0.21)  903(0.49)  978(0.69)  1740(0.75)  1741(0.99)  1742(0.44)  
388 36(0.6)  38(0.66)  39(0.96)  41(0.34)  48(0.42)  150(0.95)  248(0.38)  379(0.4)  548(0.28)  570(0.38)  1214(0.79)  1642(0.26)  1743(0.73)  1744(0.24)  1745(0.55)  1746(0.28)  1747(0.79)  
389 161(0.62)  384(0.15)  670(0.19)  
390 39(0.56)  41(0.61)  48(0.8)  677(0.87)  1748(1.0)  1749(0.93)  1750(0.31)  
391 15(0.1)  99(0.57)  101(0.34)  117(0.12)  180(0.87)  196(0.39)  237(0.66)  310(0.64)  363(0.25)  441(0.42)  550(0.44)  731(0.77)  805(0.2)  976(0.81)  978(0.34)  1070(0.18)  1082(0.07)  1112(0.12)  1160(0.16)  1233(0.05)  1390(0.09)  1456(0.79)  1528(0.66)  1657(0.8)  1751(0.45)  1752(0.84)  1753(0.74)  1754(0.72)  1755(0.42)  1756(0.37)  1757(0.15)  1758(0.4)  1759(0.84)  1760(0.0)  1761(0.67)  1762(0.51)  1763(0.81)  1764(0.03)  1765(0.88)  1766(0.85)  1767(0.43)  1768(0.91)  1769(0.93)  
392 26(0.98)  38(0.08)  39(0.87)  56(0.61)  123(0.8)  276(0.26)  587(0.08)  772(0.71)  947(0.54)  1517(0.06)  1770(0.66)  1771(0.16)  1772(0.2)  1773(0.74)  1774(0.88)  1775(0.94)  
393 39(0.39)  48(0.42)  220(0.82)  592(0.92)  677(0.19)  1015(0.42)  1776(0.19)  1777(0.78)  1778(0.55)  1779(0.96)  1780(0.93)  1781(0.2)  1782(1.0)  1783(0.87)  
394 39(0.32)  48(0.62)  179(0.52)  475(0.64)  703(0.94)  727(0.99)  1631(0.86)  1699(0.35)  1770(0.21)  1775(0.15)  1784(0.4)  1785(0.7)  1786(0.82)  1787(0.15)  1788(0.52)  1789(0.03)  
395 38(0.13)  39(0.43)  170(0.43)  1790(0.69)  1791(0.66)  1792(0.97)  1793(0.63)  
396 39(0.09)  48(0.13)  155(0.72)  206(0.68)  535(0.31)  1764(0.79)  1794(0.67)  1795(0.55)  
397 39(0.15)  48(0.69)  1796(0.89)  1797(0.43)  
398 38(0.9)  105(0.67)  1798(0.79)  
399 38(0.91)  371(0.03)  1799(0.6)  1800(0.58)  
400 39(0.12)  195(0.32)  255(0.15)  789(0.42)  1002(0.34)  1528(0.11)  1690(0.66)  1758(0.92)  1801(0.62)  1802(0.65)  1803(0.73)  1804(0.97)  1805(0.67)  1806(0.41)  1807(0.28)  
401 39(0.57)  41(0.39)  48(0.58)  251(0.7)  958(0.41)  1808(0.53)  1809(0.78)  1810(0.79)  1811(0.54)  
402 41(0.08)  48(0.01)  361(0.1)  458(0.14)  689(0.92)  1105(0.02)  1812(0.3)  1813(0.35)  1814(0.68)  1815(0.08)  
403 39(0.57)  123(1.0)  397(0.7)  414(0.36)  930(0.99)  1361(0.47)  1816(0.38)  1817(0.24)  1818(0.38)  1819(0.97)  1820(0.14)  1821(0.2)  1822(0.77)  1823(0.21)  1824(0.96)  
404 38(0.77)  48(0.27)  110(0.01)  201(0.84)  1688(0.5)  
405 38(0.66)  48(0.98)  371(0.47)  414(0.57)  835(0.45)  878(1.0)  1825(0.73)  1826(0.83)  1827(0.85)  1828(0.42)  1829(0.05)  
406 48(0.86)  896(0.0)  1830(0.55)  1831(0.48)  1832(0.27)  
407 39(0.5)  
408 48(0.12)  249(1.0)  1435(0.22)  1833(0.56)  1834(0.0)  1835(0.56)  
409 38(0.94)  39(0.45)  41(0.1)  48(0.27)  170(0.31)  266(0.92)  357(0.83)  438(0.69)  915(0.68)  1280(0.34)  1836(0.24)  1837(0.66)  1838(0.73)  1839(0.48)  1840(0.51)  1841(0.86)  1842(0.74)  1843(0.84)  1844(0.07)  
410 39(0.02)  89(0.01)  201(0.92)  359(0.99)  572(0.83)  978(0.3)  1393(0.84)  1435(0.66)  1845(0.61)  1846(0.27)  1847(0.24)  
411 32(0.36)  39(0.57)  41(0.5)  208(0.7)  503(0.86)  587(0.99)  835(0.67)  1411(0.48)  1541(0.14)  1657(0.89)  1848(0.48)  1849(0.75)  1850(0.69)  1851(0.2)  1852(0.88)  1853(0.97)  
412 25(0.43)  39(0.56)  48(0.98)  91(0.4)  150(0.32)  237(0.23)  359(0.58)  549(0.94)  571(0.38)  616(0.14)  807(0.09)  831(0.37)  878(0.3)  885(0.67)  961(0.61)  1090(0.44)  1291(0.01)  1598(0.17)  1854(0.48)  1855(0.09)  1856(0.22)  1857(0.62)  1858(0.19)  1859(0.42)  
413 39(0.65)  740(0.61)  1010(0.62)  1860(0.12)  1861(0.26)  
414 1862(0.12)  1863(0.61)  
415 39(0.32)  48(0.68)  89(0.57)  430(0.39)  824(0.34)  1864(0.7)  1865(0.17)  1866(0.73)  1867(0.43)  
416 32(0.23)  41(0.51)  48(0.24)  65(0.13)  66(0.53)  313(0.49)  338(0.69)  475(0.61)  661(0.64)  1336(0.73)  1344(0.1)  1868(0.93)  1869(0.17)  1870(0.79)  1871(0.98)  1872(0.96)  
417 237(0.58)  794(0.7)  892(0.27)  1475(0.57)  1700(0.9)  1873(0.9)  1874(0.34)  1875(0.68)  1876(0.28)  1877(0.29)  
418 39(0.88)  41(0.52)  65(0.84)  612(0.04)  808(0.04)  956(0.12)  1878(0.88)  1879(0.42)  1880(0.22)  1881(0.89)  1882(0.11)  
419 38(0.9)  55(0.47)  979(0.17)  1883(0.58)  1884(0.1)  1885(0.18)  1886(0.76)  1887(0.71)  
420 39(0.51)  249(0.04)  1360(0.32)  1888(0.11)  1889(0.17)  1890(0.78)  
421 39(0.23)  48(0.05)  303(0.59)  
422 352(0.71)  1108(0.21)  
423 1891(0.93)  
424 38(0.33)  39(0.22)  41(0.71)  396(0.15)  548(0.54)  1590(0.99)  1872(0.45)  
425 39(0.91)  939(0.02)  
426 38(0.1)  39(0.46)  41(0.69)  45(0.2)  48(0.98)  89(0.74)  101(0.1)  170(0.35)  237(0.96)  384(0.36)  592(0.18)  809(0.31)  1000(0.79)  1239(0.9)  1327(0.09)  1436(0.62)  1552(0.24)  
427 32(0.85)  38(0.03)  39(0.48)  41(0.37)  809(0.99)  885(0.44)  1727(0.92)  
428 32(0.38)  39(0.86)  48(0.59)  750(0.33)  909(0.92)  1672(0.22)  1892(0.78)  1893(0.19)  1894(0.1)  
429 39(0.36)  48(0.57)  54(0.16)  78(0.22)  89(0.51)  101(0.17)  544(0.58)  586(0.73)  785(0.14)  1068(0.66)  1880(0.02)  1895(0.11)  
430 350(0.13)  599(0.0)  1896(0.25)  
431 89(0.72)  1897(0.65)  1898(0.6)  
432 39(0.16)  96(0.61)  284(0.59)  1372(0.69)  1899(0.87)  1900(0.01)  1901(0.86)  1902(0.83)  1903(0.56)  
433 39(0.7)  48(0.28)  1814(0.71)  1904(0.15)  
434 38(0.09)  39(0.81)  41(0.96)  48(0.59)  65(0.8)  71(0.37)  89(0.88)  249(0.03)  359(0.49)  365(0.21)  489(0.57)  571(0.85)  741(0.45)  805(0.82)  1103(0.86)  1428(0.38)  1481(0.02)  1513(0.46)  1576(0.88)  1578(0.85)  1831(0.08)  1905(0.39)  1906(0.31)  1907(0.4)  1908(0.1)  1909(0.61)  1910(0.25)  1911(0.51)  1912(0.84)  1913(0.38)  1914(0.84)  1915(0.62)  1916(0.06)  
435 216(0.22)  1917(0.95)  
436 32(0.36)  39(0.58)  41(0.74)  48(0.55)  107(0.3)  136(0.32)  340(0.21)  436(0.79)  447(0.12)  576(0.11)  833(0.42)  1105(0.79)  1135(0.34)  1481(0.91)  1498(0.8)  1918(0.41)  1919(0.03)  1920(0.31)  1921(0.85)  1922(0.03)  1923(0.3)  
437 48(0.59)  1924(0.09)  1925(0.28)  1926(0.91)  1927(0.27)  
438 38(0.59)  39(0.74)  41(0.11)  48(0.13)  110(0.14)  800(0.46)  941(0.88)  
439 1(0.64)  48(0.61)  864(0.66)  1194(0.4)  1432(0.44)  1928(0.32)  
440 805(0.94)  991(0.74)  1000(0.89)  1417(0.74)  1600(0.98)  1929(0.26)  1930(0.09)  1931(0.4)  1932(0.54)  1933(0.35)  
441 27(0.31)  41(0.64)  269(0.24)  379(0.97)  1591(0.24)  1934(0.3)  
442 39(0.14)  48(0.37)  255(0.84)  310(0.75)  581(0.96)  639(0.31)  713(0.07)  1935(0.56)  1936(0.99)  1937(0.29)  1938(0.22)  
443 39(0.71)  41(0.69)  48(0.85)  
444 39(0.51)  48(0.7)  116(0.91)  439(0.85)  989(0.45)  1939(0.56)  
445 1940(0.3)  1941(0.2)  
446 38(0.06)  371(0.9)  498(0.92)  518(0.15)  950(0.52)  1011(0.5)  1714(0.45)  1792(0.93)  1922(0.1)  1942(0.99)  1943(0.68)  1944(0.89)  1945(0.73)  1946(0.14)  
447 39(0.52)  89(0.32)  703(0.74)  903(0.61)  968(0.73)  1233(0.42)  1435(0.74)  1947(0.54)  
448 310(0.97)  1666(0.62)  1736(0.12)  1948(0.07)  1949(0.31)  1950(0.7)  
449 39(0.53)  41(0.62)  1951(0.7)  
450 33(0.45)  39(0.14)  48(0.08)  65(0.35)  78(0.25)  255(0.51)  574(0.26)  1952(0.22)  1953(0.86)  1954(0.58)  1955(0.22)  1956(0.55)  
451 1227(0.83)  1611(0.45)  1957(0.92)  1958(0.9)  1959(0.6)  
452 32(0.36)  39(0.97)  1745(0.67)  1960(0.06)  1961(0.54)  
453 32(0.95)  39(0.45)  152(0.85)  
454 39(0.61)  1962(0.79)  
455 38(0.36)  39(0.65)  48(0.61)  323(0.93)  371(0.68)  1963(0.26)  1964(0.62)  
456 39(0.4)  734(0.95)  1965(0.8)  
457 39(0.47)  48(0.63)  761(0.86)  1591(0.3)  1966(0.66)  
458 32(0.21)  48(0.29)  62(0.24)  1135(0.16)  1272(0.87)  1967(0.39)  1968(0.94)  1969(0.34)  1970(0.74)  1971(0.24)  1972(0.31)  
459 32(0.22)  39(0.46)  41(0.55)  271(0.33)  421(0.58)  1973(0.92)  
460 37(0.27)  38(0.06)  41(0.0)  89(0.15)  184(0.48)  341(0.33)  669(0.51)  1974(0.76)  1975(0.42)  
461 237(0.37)  1476(1.0)  1612(0.88)  1976(0.26)  1977(0.36)  1978(0.96)  
462 824(0.94)  1192(0.18)  1642(0.29)  1979(0.23)  1980(0.29)  
463 39(0.12)  107(0.36)  108(0.66)  340(0.3)  464(0.15)  570(0.85)  612(0.59)  856(0.96)  1979(0.09)  1980(0.8)  1981(0.59)  1982(0.29)  1983(0.2)  
464 32(0.1)  1984(0.78)  1985(0.94)  
465 39(0.9)  48(1.0)  612(0.37)  1578(0.59)  
466 39(0.46)  41(0.72)  
467 48(0.65)  78(0.13)  438(0.82)  
468 39(0.73)  499(0.17)  
469 38(0.57)  170(0.08)  200(0.13)  963(0.36)  1986(0.81)  1987(0.63)  
470 255(0.28)  
471 242(0.61)  1988(0.42)  1989(0.55)  
472 39(0.41)  48(0.78)  431(0.47)  549(0.66)  993(0.36)  1488(0.94)  
473 39(0.03)  89(0.6)  979(0.96)  1140(0.54)  1547(0.48)  1990(0.21)  1991(0.18)  
474 39(0.64)  488(0.67)  548(0.08)  1196(0.76)  1440(0.71)  1992(0.28)  1993(0.97)  1994(0.56)  1995(0.85)  1996(0.04)  1997(0.84)  1998(0.94)  
475 32(0.67)  39(0.01)  48(0.61)  334(0.79)  363(0.62)  589(0.63)  604(0.62)  637(0.87)  1051(0.3)  1999(0.56)  2000(0.76)  2001(0.78)  2002(0.94)  
476 39(0.24)  48(0.08)  
477 1198(0.43)  
478 381(0.96)  846(0.69)  2003(0.3)  2004(0.84)  2005(0.17)  
479 48(0.91)  865(0.92)  1809(0.93)  2006(0.04)  
480 39(0.3)  41(0.7)  48(0.88)  259(0.72)  269(0.35)  564(0.54)  611(0.36)  1135(0.16)  1347(0.19)  1710(0.42)  1853(0.28)  1969(0.19)  2007(0.58)  2008(0.79)  2009(0.33)  2010(0.15)  2011(0.08)  2012(0.73)  
481 32(0.62)  205(0.32)  570(0.41)  968(0.53)  2013(0.76)  
482 39(0.57)  48(0.3)  184(0.95)  572(0.08)  1094(0.54)  1265(0.67)  1585(0.26)  2014(0.15)  2015(0.17)  2016(0.36)  2017(0.62)  
483 38(0.26)  39(0.16)  110(0.99)  
484 32(0.8)  37(0.49)  38(0.2)  39(0.39)  41(0.47)  89(0.88)  903(0.99)  1459(0.61)  2018(0.34)  2019(0.23)  2020(0.56)  2021(0.01)  2022(0.17)  
485 36(0.89)  38(0.04)  117(0.89)  450(0.08)  550(0.15)  1249(0.27)  
486 265(0.64)  321(0.77)  2023(0.84)  
487 38(0.11)  39(0.43)  170(0.69)  740(0.38)  866(0.51)  898(0.79)  1176(0.34)  1185(0.29)  2024(0.92)  2025(0.45)  
488 38(0.66)  117(0.46)  123(0.06)  170(0.97)  340(0.44)  550(0.48)  976(0.65)  1309(0.33)  1876(0.62)  2026(0.48)  2027(0.87)  2028(0.6)  2029(0.57)  2030(0.56)  2031(0.03)  2032(0.14)  2033(0.79)  2034(0.58)  
489 32(0.19)  41(0.16)  178(0.96)  441(0.28)  511(0.57)  
490 37(0.92)  38(0.57)  39(0.36)  766(0.73)  1178(0.48)  1438(0.36)  1588(0.17)  1696(0.15)  2035(0.27)  2036(0.98)  2037(0.08)  2038(0.16)  2039(0.22)  2040(0.51)  2041(0.8)  2042(0.8)  
491 48(0.31)  136(0.87)  441(0.89)  2043(0.64)  2044(0.11)  
492 359(0.76)  2045(0.42)  
493 2046(0.88)  
494 142(0.39)  1568(0.1)  
495 2047(0.59)  
496 32(0.69)  2048(0.65)  
497 18(0.85)  39(0.05)  947(0.67)  
498 38(0.47)  39(0.15)  170(0.02)  
499 36(0.92)  38(0.64)  39(0.53)  48(0.06)  274(0.51)  976(0.6)  1327(0.46)  1654(0.65)  1779(0.86)  2049(0.9)  2050(0.8)  2051(0.57)  2052(0.17)  2053(0.87)  2054(0.2)  2055(0.66)  2056(0.84)  2057(0.69)  
500 38(0.07)  39(0.95)  41(0.69)  48(0.3)  475(0.07)  1590(0.14)  
501 39(0.57)  1334(0.65)  1556(0.57)  2058(0.94)  2059(0.73)  2060(0.55)  2061(0.37)  
502 922(0.99)  2062(0.38)  
503 39(0.18)  249(0.16)  278(0.77)  2063(0.95)  
504 39(0.09)  413(0.54)  889(0.27)  979(0.59)  1198(0.51)  1867(0.81)  2064(0.86)  2065(0.68)  
505 9(0.21)  31(0.94)  39(0.81)  208(0.96)  302(0.2)  310(0.88)  664(0.61)  950(0.77)  1198(0.12)  1913(0.46)  2006(0.67)  2066(0.31)  2067(0.41)  2068(0.66)  
506 39(0.16)  48(0.91)  
507 38(0.55)  41(0.3)  286(0.69)  1425(0.8)  
508 39(0.62)  41(0.15)  48(0.97)  1990(0.84)  
509 94(0.68)  164(0.81)  166(0.16)  208(0.7)  247(0.3)  269(0.05)  365(0.55)  570(0.01)  623(0.19)  683(0.63)  684(0.23)  692(0.53)  715(0.21)  851(0.34)  1065(0.76)  1198(0.22)  1233(0.83)  1294(0.11)  1404(0.06)  1484(0.72)  1569(0.41)  2069(0.49)  2070(0.54)  2071(0.76)  2072(0.3)  2073(0.25)  2074(0.15)  2075(0.33)  2076(0.38)  2077(0.57)  2078(0.17)  2079(0.61)  2080(0.59)  2081(0.41)  2082(0.2)  2083(0.3)  2084(0.25)  
510 39(0.98)  
511 32(0.93)  39(0.01)  131(0.57)  223(0.8)  1435(0.84)  1530(0.66)  2085(0.78)  
512 41(0.73)  1600(0.29)  2086(0.15)  2087(0.42)  2088(0.46)  
513 9(0.67)  39(0.73)  41(0.62)  48(0.84)  249(0.58)  273(0.12)  297(0.3)  641(0.41)  1210(0.95)  1349(0.3)  1532(0.58)  1827(0.87)  2064(0.55)  2089(0.04)  2090(0.95)  2091(0.59)  2092(0.89)  2093(0.53)  2094(0.43)  2095(0.12)  2096(0.48)  
514 39(0.56)  48(0.22)  504(0.8)  809(0.11)  
515 39(0.1)  41(0.38)  48(0.08)  65(0.19)  80(0.36)  464(0.27)  984(0.52)  2097(0.04)  2098(0.68)  2099(0.94)  2100(0.25)  
516 39(0.84)  41(0.2)  48(0.09)  352(0.33)  547(0.33)  676(0.13)  952(0.51)  1859(0.44)  2101(0.07)  2102(0.72)  2103(0.62)  
517 39(0.61)  41(0.39)  95(0.47)  96(0.57)  341(0.34)  384(0.6)  960(0.52)  1091(0.17)  1899(0.29)  2104(0.7)  
518 11(0.06)  31(0.96)  48(0.43)  117(0.16)  640(0.52)  922(0.88)  976(0.59)  1463(0.32)  1637(0.9)  1792(0.1)  2105(0.05)  2106(0.98)  
519 32(0.84)  48(0.89)  636(0.53)  749(0.74)  1320(0.73)  1350(0.94)  2107(0.84)  
520 39(0.49)  48(0.9)  475(0.23)  1345(0.74)  2108(0.39)  
521 39(0.12)  41(0.38)  740(0.67)  1791(0.78)  1829(0.03)  2109(0.09)  2110(0.35)  
522 32(0.54)  980(0.79)  1658(0.57)  2111(0.61)  2112(0.16)  2113(0.02)  
523 38(0.35)  39(0.58)  95(0.37)  170(0.69)  2114(0.05)  
524 22(0.89)  123(0.48)  692(0.74)  982(0.02)  1410(0.11)  2115(0.2)  2116(0.7)  2117(0.45)  2118(0.06)  2119(0.87)  2120(0.77)  2121(0.21)  2122(0.63)  2123(0.71)  2124(0.61)  2125(0.09)  2126(0.82)  
525 19(0.59)  43(0.74)  48(1.0)  349(0.89)  550(0.47)  615(0.07)  813(0.98)  861(0.32)  959(0.03)  976(0.95)  1274(0.28)  1369(0.7)  1494(0.69)  1503(0.34)  1538(0.32)  1624(0.89)  1750(0.87)  1815(0.66)  2002(0.33)  2060(0.03)  2127(0.46)  2128(0.76)  2129(0.81)  2130(0.43)  2131(0.03)  2132(0.27)  2133(0.26)  2134(0.14)  2135(0.44)  2136(0.65)  2137(0.0)  2138(0.45)  2139(0.28)  2140(0.3)  2141(0.04)  2142(0.99)  2143(0.45)  2144(0.41)  2145(0.61)  2146(0.24)  2147(0.29)  2148(0.7)  2149(0.94)  2150(0.62)  
526 41(0.15)  48(0.32)  147(0.22)  150(0.51)  185(0.58)  200(0.1)  311(0.64)  313(0.89)  439(0.56)  451(0.95)  543(0.93)  739(0.98)  763(0.14)  817(0.35)  851(0.74)  904(0.63)  926(0.41)  1082(0.94)  1159(0.08)  1233(0.63)  1393(0.29)  1399(0.65)  1663(0.98)  2011(0.63)  2074(0.61)  2151(0.62)  2152(0.71)  2153(0.69)  2154(0.73)  2155(0.03)  2156(0.82)  2157(0.84)  2158(0.81)  2159(0.59)  2160(0.7)  2161(0.69)  2162(0.75)  
527 39(0.37)  269(0.54)  657(0.38)  1361(0.42)  1742(0.75)  2163(0.92)  2164(0.18)  
528 38(0.95)  39(0.71)  41(0.47)  48(0.62)  286(0.74)  
529 38(0.63)  39(0.52)  41(0.26)  48(0.96)  110(0.01)  123(0.65)  237(0.76)  478(0.11)  2165(0.92)  
530 38(0.72)  39(0.42)  185(0.92)  956(0.74)  1415(0.98)  1529(0.62)  2166(0.7)  2167(0.52)  
531 39(0.53)  48(0.13)  246(0.59)  
532 39(0.93)  41(0.94)  749(0.23)  1578(0.88)  1598(0.71)  2168(0.65)  2169(0.85)  2170(0.01)  
533 38(0.31)  68(0.09)  281(0.86)  535(0.09)  1013(0.37)  1864(0.85)  1877(0.21)  2171(0.05)  2172(0.51)  
534 441(0.73)  1415(0.27)  2173(0.29)  
535 23(0.18)  39(0.13)  78(0.93)  101(0.16)  167(0.81)  682(0.14)  1184(0.24)  2174(0.35)  2175(0.95)  2176(0.94)  
536 104(0.92)  156(0.66)  173(0.14)  264(0.49)  643(0.95)  1899(0.47)  2177(0.55)  2178(0.26)  2179(0.4)  2180(0.09)  
537 17(0.14)  32(0.15)  39(0.26)  60(0.46)  604(0.11)  916(0.5)  2181(0.36)  2182(0.08)  2183(0.76)  
538 39(0.21)  48(0.77)  200(0.28)  237(0.92)  256(0.26)  673(0.53)  783(0.22)  1953(0.06)  2154(0.9)  2184(0.51)  2185(0.05)  2186(0.84)  2187(0.57)  2188(0.46)  2189(0.91)  2190(0.66)  2191(0.85)  
539 38(0.94)  47(0.16)  48(0.34)  381(0.8)  1349(0.09)  1713(0.63)  2192(0.3)  
540 39(0.73)  740(0.03)  1659(0.76)  
541 48(0.14)  772(0.3)  2193(0.68)  
542 39(0.41)  475(0.66)  522(0.13)  2194(0.14)  
543 41(0.43)  48(0.81)  65(0.79)  95(0.8)  852(0.41)  1011(0.14)  1668(0.6)  2195(0.92)  2196(0.38)  2197(0.58)  
544 32(0.03)  39(0.14)  41(0.71)  48(0.56)  101(0.23)  127(0.21)  2043(0.23)  
545 36(0.98)  38(0.33)  41(0.13)  2198(0.46)  2199(0.61)  
546 39(0.96)  89(0.67)  522(0.09)  750(0.88)  1221(0.36)  1951(0.07)  2200(0.76)  2201(0.61)  2202(0.89)  2203(0.73)  2204(0.58)  
547 38(0.78)  39(0.28)  41(0.12)  48(0.34)  390(0.22)  824(0.7)  855(0.45)  992(0.89)  2205(0.9)  2206(0.49)  
548 39(0.97)  246(0.04)  499(0.14)  1876(0.37)  2207(0.99)  2208(0.2)  
549 38(0.15)  39(0.83)  504(0.75)  993(0.04)  1435(0.5)  2098(0.33)  
550 39(0.96)  41(0.27)  48(0.35)  89(0.8)  310(0.67)  
551 89(0.54)  660(0.24)  1192(0.45)  2209(0.6)  2210(0.53)  2211(0.67)  
552 37(0.02)  38(0.12)  39(0.31)  41(0.89)  48(0.36)  255(0.45)  449(0.52)  591(0.72)  1072(0.94)  1329(0.6)  1696(0.82)  
553 38(0.83)  170(0.58)  220(0.91)  232(0.49)  1469(0.12)  2212(0.93)  
554 39(0.71)  341(0.09)  
555 48(0.07)  2213(0.36)  
556 36(0.53)  38(0.64)  39(0.38)  40(0.57)  41(0.16)  42(0.72)  44(0.46)  45(0.31)  76(0.51)  104(0.14)  249(0.77)  340(0.69)  346(0.79)  1417(0.98)  1804(0.23)  2122(0.01)  2214(0.2)  2215(0.89)  2216(0.79)  2217(0.0)  2218(0.67)  2219(0.48)  
557 273(0.68)  522(0.1)  1659(0.29)  1688(0.84)  1930(0.66)  2169(0.4)  2220(0.98)  2221(0.41)  2222(0.9)  2223(0.31)  2224(0.48)  
558 32(0.46)  38(0.25)  41(0.22)  48(0.84)  88(0.34)  128(0.08)  152(0.95)  259(0.83)  271(0.17)  371(0.31)  664(0.35)  749(0.98)  855(0.51)  956(0.8)  2204(0.67)  2225(1.0)  2226(0.54)  2227(0.14)  2228(0.04)  2229(0.27)  2230(0.74)  2231(0.32)  2232(0.71)  2233(0.94)  2234(0.45)  2235(0.58)  2236(0.01)  2237(0.28)  2238(0.74)  
559 32(0.64)  246(0.2)  1744(0.72)  2239(0.69)  2240(0.88)  2241(0.58)  2242(0.1)  2243(0.06)  
560 39(0.69)  189(0.6)  549(0.87)  675(0.65)  899(0.77)  978(0.26)  1472(0.65)  2244(0.63)  2245(0.77)  2246(0.01)  2247(0.15)  2248(0.6)  2249(0.29)  2250(0.03)  2251(0.86)  2252(0.59)  2253(0.95)  2254(0.89)  2255(0.51)  2256(0.09)  2257(0.84)  2258(0.61)  2259(0.24)  2260(0.34)  
561 38(0.83)  39(0.41)  41(0.8)  48(0.17)  1188(0.05)  1424(0.61)  1936(0.55)  2261(0.43)  2262(0.93)  2263(0.57)  2264(0.47)  2265(0.01)  2266(0.48)  
562 38(0.6)  39(0.11)  48(0.43)  110(0.89)  1327(0.23)  1552(0.3)  1659(0.84)  2267(0.59)  2268(0.78)  2269(0.98)  
563 39(0.94)  522(0.22)  1242(0.23)  
564 32(0.57)  39(0.89)  48(0.35)  264(0.29)  282(0.91)  2270(0.32)  
565 39(0.15)  48(0.09)  2271(0.35)  2272(0.2)  2273(0.18)  
566 491(0.72)  706(0.99)  1838(0.74)  1877(0.38)  2274(0.56)  2275(0.42)  
567 2199(0.68)  2276(0.29)  
568 38(0.1)  39(0.42)  48(0.81)  68(0.43)  170(0.54)  178(0.53)  310(0.49)  643(0.35)  723(0.63)  1327(0.1)  1683(0.11)  2277(0.15)  
569 39(0.62)  479(0.11)  570(0.35)  606(0.87)  720(0.58)  1393(0.26)  2278(0.75)  2279(0.4)  2280(0.96)  2281(0.16)  2282(0.85)  2283(0.43)  2284(0.26)  
570 39(0.22)  845(0.94)  2285(0.16)  2286(0.05)  
571 38(0.5)  41(0.44)  48(0.64)  248(0.33)  488(0.74)  705(0.86)  790(0.9)  1591(0.07)  2287(0.86)  
572 38(0.43)  104(0.26)  110(0.54)  237(0.49)  570(0.33)  719(0.01)  1473(0.96)  1709(0.36)  
573 32(0.27)  39(0.24)  41(0.11)  475(0.37)  627(0.51)  1484(0.13)  2288(0.21)  2289(0.46)  2290(0.32)  2291(0.72)  2292(0.78)  
574 32(0.28)  39(0.56)  349(0.58)  1103(0.67)  1207(0.22)  1456(0.74)  1762(0.73)  2293(0.11)  2294(0.83)  2295(0.4)  2296(0.93)  
575 39(0.86)  156(0.38)  384(0.76)  711(0.06)  1508(0.63)  1911(0.6)  2297(0.38)  2298(0.71)  
576 38(0.33)  41(0.99)  56(0.92)  110(0.16)  2299(0.77)  
577 184(0.31)  187(0.62)  339(0.39)  2087(0.65)  2300(0.8)  2301(0.11)  2302(0.58)  2303(0.12)  2304(0.72)  2305(0.62)  2306(0.72)  2307(0.61)  2308(0.08)  2309(0.64)  
578 38(0.77)  110(0.35)  2310(0.98)  
579 39(0.14)  513(0.66)  
580 38(0.32)  48(0.82)  170(0.11)  350(0.59)  
581 38(0.56)  39(0.25)  41(0.71)  48(0.19)  110(0.54)  1327(0.96)  
582 39(0.87)  48(0.92)  312(0.97)  795(0.69)  796(0.36)  1818(0.03)  2311(0.27)  2312(0.59)  
583 39(0.7)  71(0.89)  604(0.44)  2313(0.33)  
584 39(0.52)  113(0.82)  408(0.67)  413(0.28)  654(0.8)  944(0.35)  1735(0.8)  2212(0.14)  2314(0.27)  2315(0.62)  2316(0.24)  2317(0.58)  2318(0.45)  2319(0.42)  
585 2320(0.26)  2321(0.35)  
586 38(0.96)  39(0.08)  65(0.66)  72(0.86)  80(0.99)  95(0.66)  150(0.06)  170(0.11)  586(0.95)  723(0.64)  970(0.42)  1124(0.89)  1342(0.55)  2322(0.26)  2323(0.94)  2324(0.19)  2325(0.07)  2326(0.74)  2327(0.66)  
587 37(0.63)  38(0.21)  2328(0.79)  2329(0.37)  
588 60(0.94)  
589 39(0.64)  1121(0.58)  1146(0.58)  1232(0.14)  1956(0.01)  2330(0.36)  
590 36(0.57)  38(0.83)  39(0.65)  41(0.09)  721(0.14)  952(0.46)  976(0.39)  1249(0.12)  1436(0.56)  2106(0.05)  2331(0.02)  
591 32(0.59)  38(0.78)  156(0.22)  266(0.63)  286(0.82)  803(0.66)  1365(0.98)  2332(0.24)  
592 163(0.8)  1144(0.43)  2333(0.41)  
593 38(0.87)  110(0.06)  1699(0.71)  2334(0.77)  
594 38(0.62)  48(0.77)  69(0.94)  170(0.36)  212(0.39)  463(0.1)  546(0.44)  703(0.72)  979(0.61)  1161(0.11)  1393(0.69)  1438(0.99)  1611(0.74)  2259(0.35)  2335(0.98)  2336(0.38)  2337(0.62)  2338(0.63)  2339(0.69)  2340(0.37)  2341(0.19)  
595 48(0.0)  434(0.15)  1327(0.66)  2342(0.97)  2343(0.01)  
596 39(0.37)  41(0.69)  48(0.78)  526(0.15)  533(0.69)  681(0.43)  1425(0.89)  2015(0.66)  2344(0.44)  
597 11(0.66)  39(0.89)  48(0.89)  60(0.25)  133(0.54)  310(0.17)  330(0.84)  967(0.87)  1060(0.07)  1081(0.24)  1137(0.71)  2345(0.46)  2346(0.33)  2347(0.71)  2348(0.97)  2349(0.46)  2350(0.86)  
598 38(0.55)  170(0.33)  
599 36(0.89)  38(1.0)  39(0.77)  41(0.81)  48(0.12)  65(0.16)  255(0.13)  310(0.71)  338(0.03)  491(0.7)  589(0.55)  694(0.71)  1198(0.11)  1929(0.89)  2166(0.84)  2186(0.89)  2351(0.45)  2352(0.21)  2353(0.04)  
600 39(0.52)  48(0.55)  104(0.54)  147(0.69)  179(0.31)  1179(0.97)  2351(0.47)  2354(0.31)  2355(0.03)  2356(0.44)  
601 39(0.18)  225(0.98)  242(0.7)  
602 38(0.84)  39(0.08)  41(0.75)  48(0.61)  62(0.43)  79(0.59)  250(0.71)  259(0.15)  269(0.47)  345(0.1)  639(0.36)  677(0.01)  790(0.01)  1589(0.32)  2357(0.82)  
603 32(0.41)  1736(0.5)  1916(0.02)  2358(0.59)  
604 39(0.04)  2359(0.29)  2360(0.06)  
605 36(0.09)  39(0.56)  173(0.18)  408(0.94)  525(0.61)  1198(0.55)  2361(0.12)  2362(0.99)  
606 48(0.13)  1060(0.91)  2363(0.96)  2364(0.54)  
607 2365(0.2)  
608 585(0.01)  740(0.35)  2112(0.27)  2366(0.22)  2367(0.18)  2368(0.09)  
609 39(0.63)  48(0.57)  424(0.72)  522(0.76)  753(0.21)  778(0.68)  1415(0.73)  2369(0.31)  2370(0.11)  2371(0.84)  
610 39(0.28)  749(0.36)  976(0.84)  1249(0.96)  1349(0.05)  1409(0.23)  1867(0.54)  2354(0.65)  2372(0.89)  2373(0.38)  2374(0.2)  2375(0.9)  
611 1126(0.13)  2376(0.52)  
612 38(0.66)  110(0.7)  
613 41(0.49)  79(0.47)  475(0.18)  855(0.59)  1090(0.79)  1280(0.75)  1629(0.72)  2377(0.27)  2378(0.31)  2379(0.3)  
614 2380(0.21)  2381(0.74)  2382(0.65)  2383(0.39)  
615 39(0.44)  48(0.14)  51(0.95)  1973(0.71)  
616 2384(0.64)  
617 76(0.1)  832(0.76)  916(0.83)  1198(0.52)  1411(0.21)  1593(0.83)  1596(0.96)  1659(0.79)  1814(0.61)  2385(0.06)  2386(0.27)  2387(0.97)  2388(0.97)  2389(0.24)  2390(0.75)  
618 39(0.65)  48(0.85)  751(0.86)  
619 39(0.24)  48(0.09)  246(0.91)  515(0.96)  565(0.92)  702(0.2)  970(0.31)  1814(0.96)  1972(0.85)  2391(0.46)  2392(0.12)  2393(0.01)  
620 38(0.0)  41(0.7)  504(0.5)  1588(0.81)  
621 38(0.21)  39(0.56)  170(0.88)  570(0.82)  1463(0.9)  1464(0.64)  2394(0.41)  
622 501(0.91)  
623 606(0.93)  
624 39(0.97)  1526(0.7)  2263(0.06)  2395(0.52)  2396(0.3)  2397(0.16)  
625 39(0.34)  338(0.74)  993(0.7)  1585(0.0)  2238(0.87)  2398(0.51)  2399(0.39)  
626 39(0.7)  48(0.48)  369(0.84)  696(1.0)  697(0.33)  742(0.63)  743(0.54)  1044(0.62)  1930(0.64)  2400(0.65)  2401(0.84)  2402(0.46)  
627 39(0.27)  48(0.24)  1052(0.19)  1104(0.61)  1187(0.9)  2403(0.96)  2404(0.26)  
628 41(0.68)  48(0.29)  79(0.36)  749(0.87)  2405(0.59)  2406(0.8)  
629 39(0.35)  41(0.14)  270(0.85)  797(0.82)  1112(0.56)  1153(0.15)  1154(0.2)  1282(0.94)  1384(0.74)  1385(0.76)  2238(0.59)  2407(0.04)  
630 19(0.36)  39(0.55)  45(0.04)  65(0.56)  68(0.47)  175(0.86)  349(0.95)  418(0.52)  640(0.3)  831(0.98)  842(0.18)  1198(0.46)  1230(0.2)  1291(0.73)  1314(0.77)  1704(0.2)  2065(0.34)  2408(0.06)  2409(0.92)  2410(0.47)  
631 39(0.08)  1011(0.14)  2024(0.91)  2411(0.76)  2412(0.11)  
632 39(0.56)  292(0.2)  690(0.32)  789(0.32)  1535(0.22)  2364(0.08)  2413(0.01)  2414(0.26)  2415(0.95)  
633 39(0.11)  
634 32(0.96)  39(0.97)  48(0.26)  75(0.62)  491(0.98)  855(0.16)  887(0.4)  1477(0.95)  2416(0.46)  2417(0.0)  
635 39(0.71)  48(0.19)  1930(0.29)  
636 39(0.43)  48(0.29)  483(0.86)  2418(0.79)  2419(0.28)  2420(0.74)  
637 37(0.54)  38(0.99)  39(0.61)  41(0.13)  48(0.13)  1138(0.51)  2390(0.8)  
638 32(0.39)  65(0.03)  445(0.05)  1147(0.97)  1264(0.88)  2421(0.01)  
639 39(0.56)  41(0.96)  265(0.74)  302(0.18)  505(0.65)  1255(0.78)  2290(0.67)  
640 1(0.6)  39(0.11)  41(0.79)  60(0.69)  271(0.2)  413(0.06)  789(0.67)  839(0.83)  1012(0.74)  1233(0.2)  1291(0.48)  2422(0.81)  2423(0.51)  2424(0.31)  2425(0.85)  2426(0.0)  2427(0.95)  2428(0.12)  2429(0.12)  
641 32(0.24)  39(0.48)  48(0.32)  1469(0.84)  2430(0.31)  2431(0.69)  
642 505(0.17)  2432(0.15)  
643 36(0.97)  38(0.73)  39(0.94)  41(0.4)  48(0.48)  783(0.5)  1327(0.94)  1456(0.77)  2433(0.69)  2434(0.84)  
644 36(0.84)  38(0.54)  170(0.86)  1102(0.15)  1915(0.03)  1916(0.73)  2435(0.92)  2436(0.2)  
645 32(0.1)  39(0.72)  41(0.59)  48(0.9)  279(0.92)  855(0.16)  1524(0.77)  2437(0.42)  
646 39(0.45)  389(0.62)  
647 30(0.69)  39(0.72)  41(0.31)  95(0.73)  441(0.86)  1198(0.18)  1206(0.61)  2310(0.55)  2438(0.79)  2439(0.97)  2440(0.74)  2441(0.31)  2442(0.59)  
648 179(0.82)  259(0.57)  381(0.72)  463(0.79)  677(0.93)  877(0.44)  943(0.43)  1327(0.05)  2443(0.27)  2444(0.68)  2445(0.25)  2446(0.09)  2447(0.85)  
649 36(0.81)  39(1.0)  79(0.9)  351(0.73)  511(0.01)  1659(0.65)  2448(0.14)  2449(0.24)  
650 39(0.24)  225(0.52)  271(0.51)  2225(0.49)  2450(0.1)  
651 327(0.39)  438(0.96)  716(0.7)  
652 8(0.62)  39(0.92)  48(0.46)  49(0.28)  117(0.39)  124(0.31)  212(0.25)  550(0.99)  606(0.19)  772(0.23)  855(0.95)  976(0.44)  1140(0.22)  1230(0.01)  1468(0.79)  1485(0.08)  1789(0.71)  1872(0.45)  2072(0.46)  2096(0.73)  2265(0.27)  2358(0.72)  2420(0.43)  2451(0.18)  2452(0.93)  2453(0.97)  2454(0.18)  2455(0.11)  2456(0.18)  2457(0.14)  2458(0.73)  2459(0.27)  
653 438(0.38)  473(0.34)  601(0.05)  958(0.59)  2225(0.64)  
654 22(0.96)  38(0.93)  48(0.84)  110(0.29)  164(0.59)  166(0.8)  208(0.62)  270(0.84)  475(0.77)  515(0.88)  921(0.88)  1095(0.88)  1318(0.96)  1779(0.53)  2049(0.64)  2084(0.77)  2223(0.83)  2460(0.87)  2461(0.74)  2462(0.92)  2463(0.63)  2464(0.73)  2465(0.81)  2466(0.03)  
655 236(0.57)  1327(0.63)  2467(0.3)  2468(0.18)  
656 38(0.81)  39(0.96)  348(0.67)  371(0.1)  772(0.34)  1709(0.81)  1783(0.26)  2117(0.16)  2469(0.99)  2470(0.74)  2471(0.62)  2472(0.01)  2473(0.84)  
657 141(0.1)  
658 39(0.56)  48(0.01)  1630(0.29)  2290(0.07)  
659 39(0.76)  41(0.81)  597(0.17)  2474(0.84)  
660 39(0.92)  592(0.03)  989(0.16)  
661 570(0.54)  2039(0.96)  2475(0.19)  2476(0.9)  
662 47(0.21)  664(0.17)  2477(0.73)  
663 39(0.44)  664(0.12)  1327(0.11)  
664 37(0.95)  38(0.03)  39(0.85)  48(0.48)  170(0.59)  183(0.2)  2478(0.11)  2479(0.54)  
665 36(0.96)  38(0.37)  39(0.01)  
666 39(0.01)  41(0.7)  48(0.54)  
667 38(1.0)  39(0.52)  48(0.48)  110(0.99)  855(0.79)  1239(0.98)  2480(0.95)  2481(0.32)  
668 39(0.7)  48(0.41)  1293(0.71)  
669 39(0.25)  48(0.34)  1146(0.16)  
670 39(0.77)  41(0.59)  48(0.74)  155(0.75)  179(0.9)  222(0.59)  249(0.43)  269(0.61)  279(0.3)  289(0.78)  324(0.64)  548(0.75)  772(0.11)  793(0.93)  899(0.48)  958(0.05)  1004(0.74)  1260(0.33)  1327(0.56)  1433(0.69)  1736(0.08)  1936(0.57)  2046(0.65)  2329(0.59)  2482(0.76)  2483(0.29)  2484(0.88)  2485(0.48)  2486(0.83)  2487(0.19)  2488(0.82)  2489(0.84)  2490(0.86)  2491(0.35)  2492(0.12)  2493(0.48)  
671 48(0.9)  2478(0.11)  2494(0.03)  
672 38(0.92)  105(0.64)  281(0.33)  
673 39(0.08)  1327(0.02)  2495(0.08)  
674 32(0.76)  39(0.85)  41(0.19)  124(0.71)  147(0.14)  855(0.48)  1976(0.03)  2254(0.14)  2496(0.72)  2497(0.41)  2498(0.39)  2499(0.11)  
675 21(0.77)  31(0.44)  32(0.95)  38(0.98)  286(0.58)  381(0.02)  636(0.84)  677(0.02)  1070(0.16)  1262(0.96)  2500(0.9)  2501(0.63)  2502(0.87)  2503(0.75)  2504(0.58)  
676 36(0.04)  38(0.2)  39(0.72)  555(0.38)  757(0.73)  2170(0.86)  2225(0.17)  2310(0.57)  2505(0.39)  2506(0.18)  2507(0.06)  
677 38(0.36)  39(0.81)  41(0.82)  48(0.81)  49(0.68)  56(0.96)  186(0.42)  281(0.73)  357(0.74)  390(0.81)  681(0.28)  877(0.98)  1028(0.61)  1068(0.35)  1363(0.62)  1392(0.25)  1881(0.95)  2029(0.62)  2241(0.07)  2263(0.85)  2329(0.35)  2436(0.26)  2508(0.32)  2509(0.98)  2510(0.03)  2511(0.15)  2512(0.71)  2513(0.89)  2514(0.91)  2515(0.24)  2516(0.75)  2517(0.28)  2518(0.67)  2519(0.05)  
678 39(0.89)  48(0.28)  475(0.31)  1003(0.83)  1352(0.21)  1532(0.96)  2129(0.8)  2520(0.91)  
679 39(0.17)  41(0.69)  48(0.58)  101(0.86)  310(0.46)  398(0.08)  615(0.21)  1020(0.05)  1222(0.18)  1956(0.55)  2030(0.18)  2350(0.24)  2521(0.49)  2522(0.99)  2523(0.86)  2524(0.42)  2525(0.5)  
680 39(0.3)  48(0.57)  65(0.08)  227(0.31)  271(0.48)  340(0.68)  560(0.26)  666(0.88)  1130(0.51)  1176(0.12)  1338(0.2)  1339(0.46)  1373(0.71)  1796(0.01)  1902(0.43)  2147(0.18)  2526(0.31)  2527(0.12)  2528(0.98)  2529(0.73)  2530(0.01)  2531(0.99)  2532(0.43)  2533(0.36)  2534(0.21)  2535(0.11)  2536(0.48)  2537(0.04)  2538(0.0)  2539(0.27)  
681 124(0.44)  546(0.23)  694(0.31)  1327(0.4)  2080(0.18)  2540(0.22)  2541(0.46)  2542(0.03)  
682 39(0.09)  41(0.37)  48(0.74)  89(0.43)  2543(0.8)  
683 39(0.26)  1327(0.14)  
684 11(0.51)  39(0.35)  41(0.09)  433(0.24)  664(0.23)  1655(0.8)  2544(0.92)  2545(0.02)  2546(0.9)  
685 48(0.56)  664(0.57)  855(0.82)  2547(0.35)  2548(0.29)  2549(0.15)  
686 39(0.56)  48(0.12)  345(0.33)  1996(0.17)  2550(0.18)  
687 38(0.9)  39(0.22)  170(0.02)  805(0.85)  2551(0.91)  
688 41(0.36)  79(0.74)  201(0.84)  225(0.22)  783(0.68)  848(0.37)  878(0.36)  1056(0.46)  1198(0.94)  1893(0.88)  2552(0.05)  2553(0.22)  2554(0.55)  
689 123(0.53)  824(0.67)  2555(0.52)  
690 664(0.79)  674(0.9)  855(0.74)  2215(0.74)  2556(0.79)  2557(0.81)  
691 41(0.42)  488(0.42)  716(0.17)  2558(0.85)  2559(0.3)  2560(0.68)  
692 38(0.92)  39(0.68)  110(0.59)  1209(0.24)  
693 32(0.2)  38(0.79)  39(0.92)  48(0.22)  110(0.35)  1179(0.52)  
694 48(0.79)  101(0.94)  352(0.59)  413(0.11)  464(0.94)  513(0.88)  661(0.77)  729(0.36)  1015(0.27)  1223(0.66)  1327(0.52)  1339(0.69)  2529(0.98)  2561(0.24)  2562(0.26)  2563(0.69)  2564(0.63)  
695 39(0.61)  48(0.59)  65(0.01)  146(0.24)  
696 48(0.6)  1198(0.35)  1327(0.16)  1435(0.39)  2058(0.68)  2375(0.72)  2565(0.02)  
697 39(0.69)  48(0.92)  1327(0.05)  
698 32(0.84)  38(0.26)  110(0.59)  
699 30(0.71)  31(0.29)  39(0.81)  41(0.03)  48(0.19)  65(0.46)  117(0.18)  195(0.54)  379(0.68)  522(0.84)  976(0.76)  1315(1.0)  2160(0.14)  2566(0.33)  2567(0.22)  
700 39(0.08)  170(0.39)  511(0.27)  
701 23(0.7)  259(0.28)  1327(0.12)  
702 39(0.58)  626(0.93)  812(0.19)  1068(0.13)  1991(0.35)  2091(0.55)  2310(0.9)  2568(0.34)  
703 27(0.27)  381(0.25)  1476(0.83)  2210(0.77)  
704 270(0.03)  389(0.16)  1956(0.31)  2205(0.35)  2329(0.97)  2569(0.14)  2570(0.55)  
705 15(0.63)  251(0.37)  261(0.77)  380(0.11)  383(0.59)  398(0.71)  406(0.42)  492(0.77)  522(0.32)  1067(0.81)  1197(0.85)  1257(0.41)  2187(0.89)  2571(0.45)  2572(0.99)  2573(0.91)  2574(0.17)  2575(0.62)  
706 32(0.94)  38(0.7)  39(0.39)  41(0.72)  48(0.05)  110(0.28)  533(0.22)  
707 39(0.29)  41(0.7)  48(0.71)  
708 39(0.17)  349(0.06)  794(0.55)  
709 225(0.96)  548(0.14)  681(0.38)  930(0.46)  
710 32(0.23)  38(0.64)  39(0.65)  48(0.42)  49(0.73)  492(0.77)  548(0.09)  591(0.74)  664(0.33)  773(0.51)  774(0.38)  820(0.02)  1179(0.79)  1188(0.1)  1354(0.61)  1378(0.09)  1380(0.28)  2026(0.2)  2117(0.86)  2431(0.9)  2576(0.17)  2577(0.59)  2578(0.83)  2579(0.05)  2580(0.56)  2581(0.88)  2582(0.56)  2583(0.51)  2584(0.65)  2585(0.68)  2586(0.26)  2587(0.61)  2588(0.25)  2589(0.96)  
711 39(0.58)  76(0.97)  432(0.69)  664(0.41)  2590(0.7)  
712 39(0.54)  582(0.29)  1709(0.51)  2154(0.78)  2199(0.8)  
713 39(0.92)  48(0.06)  89(0.54)  201(0.17)  255(0.17)  290(0.96)  785(0.6)  839(0.34)  1000(0.04)  1327(0.72)  1598(0.39)  1879(0.42)  2591(0.2)  2592(0.95)  2593(0.18)  2594(0.08)  2595(0.05)  2596(0.67)  2597(0.98)  2598(0.17)  2599(0.34)  
714 508(0.06)  1655(0.62)  1659(0.62)  2600(0.09)  
715 37(0.74)  38(0.22)  39(0.98)  48(0.48)  855(0.95)  1222(0.43)  2601(0.55)  
716 39(0.74)  1110(0.6)  1254(0.89)  1593(0.61)  2139(0.24)  2378(0.29)  2573(0.84)  2602(0.15)  2603(0.77)  2604(0.82)  2605(0.01)  2606(0.41)  2607(0.58)  2608(0.61)  
717 38(0.91)  117(0.14)  170(0.84)  179(0.82)  730(0.72)  976(0.74)  1014(0.6)  1015(0.66)  1198(0.55)  1681(0.09)  2118(0.14)  2215(0.79)  2354(0.22)  2463(0.61)  2609(0.3)  2610(0.23)  2611(0.64)  2612(0.04)  2613(0.37)  2614(0.94)  2615(0.51)  2616(0.9)  2617(0.89)  2618(0.04)  2619(0.46)  
718 32(0.91)  123(0.02)  232(0.07)  237(0.46)  478(0.19)  548(0.14)  708(0.94)  779(0.31)  878(0.84)  1113(0.11)  1585(0.84)  1702(0.57)  1994(0.67)  2030(0.93)  2053(0.22)  2521(0.88)  2602(0.18)  2620(0.95)  2621(0.13)  2622(0.32)  2623(0.58)  
719 32(0.88)  38(0.65)  39(0.74)  48(1.0)  55(0.23)  664(0.35)  851(0.53)  1069(0.21)  1297(0.19)  1327(0.54)  1715(0.01)  2344(0.07)  2395(0.85)  2624(0.79)  2625(0.6)  2626(0.39)  2627(0.62)  
720 39(0.16)  41(0.74)  48(0.1)  1327(0.91)  1903(0.92)  2240(0.86)  2616(0.33)  2628(0.51)  2629(0.46)  2630(0.63)  
721 39(0.5)  48(0.56)  123(0.46)  592(0.8)  938(0.89)  1966(0.98)  2631(0.91)  2632(0.34)  
722 36(0.12)  38(0.8)  39(0.08)  41(0.46)  
723 39(0.9)  1252(0.97)  1659(0.89)  2259(0.08)  2520(0.29)  2633(0.69)  
724 38(0.83)  48(0.97)  110(0.87)  
725 39(0.18)  48(0.19)  2259(0.66)  2634(0.94)  
726 39(0.17)  48(0.25)  
727 39(0.32)  41(0.44)  65(1.0)  301(0.15)  379(0.61)  1327(0.81)  2135(0.12)  2635(0.04)  
728 32(0.61)  48(0.64)  1263(0.43)  1483(0.2)  1516(0.58)  1630(0.65)  1947(0.77)  1956(0.63)  2636(0.64)  2637(0.19)  2638(0.75)  2639(0.86)  2640(0.38)  2641(0.79)  
729 2072(0.84)  2180(0.04)  2642(0.7)  2643(0.35)  
730 48(0.66)  407(0.78)  622(0.25)  643(0.06)  824(0.44)  2128(0.94)  2165(0.29)  2636(0.4)  2644(0.64)  2645(0.67)  2646(0.3)  2647(0.74)  2648(0.04)  
731 36(0.85)  38(0.38)  170(0.38)  
732 48(0.04)  49(0.28)  213(0.61)  522(0.56)  589(0.69)  703(0.16)  1552(0.72)  1964(0.33)  2106(0.49)  2649(0.47)  2650(0.74)  
733 32(0.34)  38(0.69)  65(0.51)  90(0.06)  592(0.7)  677(0.38)  696(0.35)  699(0.4)  744(0.1)  751(0.48)  766(0.83)  1054(0.84)  1349(0.17)  1609(0.88)  1739(0.19)  1831(0.49)  1914(0.58)  2034(0.98)  2651(0.86)  2652(0.55)  2653(0.09)  2654(0.02)  2655(0.46)  2656(0.65)  
734 39(0.16)  1783(0.86)  
735 39(0.65)  41(0.62)  310(0.82)  1327(0.13)  2657(0.16)  
736 1(0.48)  39(0.57)  948(0.34)  1783(0.83)  2350(0.21)  
737 39(0.3)  41(0.15)  48(0.87)  2658(0.58)  2659(0.53)  2660(0.81)  
738 39(0.62)  48(0.54)  
739 39(0.29)  48(0.85)  79(0.25)  389(0.15)  511(0.01)  925(0.39)  927(0.34)  1089(0.07)  1281(0.35)  1327(0.85)  1543(0.32)  2661(0.77)  2662(0.75)  2663(0.93)  
740 9(0.12)  22(0.98)  39(0.8)  101(0.03)  179(0.09)  451(0.92)  521(0.53)  542(0.53)  651(0.94)  704(0.59)  763(0.46)  947(0.14)  970(0.2)  986(0.35)  1020(0.97)  1300(0.89)  1301(0.8)  1302(0.01)  1303(0.06)  1402(0.8)  1847(0.31)  2107(0.87)  2116(0.18)  2119(0.31)  2389(0.32)  2436(0.55)  2511(0.16)  2629(0.58)  2664(0.9)  2665(0.62)  2666(0.8)  2667(0.61)  2668(0.03)  2669(0.96)  2670(0.94)  2671(0.76)  2672(0.29)  2673(0.6)  2674(0.24)  2675(0.12)  
741 39(0.16)  
742 38(0.99)  39(0.21)  41(0.48)  48(0.53)  110(0.85)  2676(0.59)  
743 36(0.11)  38(0.65)  39(0.67)  48(0.48)  272(0.68)  364(0.89)  533(0.09)  643(0.18)  1233(0.1)  1327(0.1)  1475(0.53)  1479(0.79)  1824(0.51)  2677(0.02)  2678(0.97)  
744 39(0.6)  237(0.45)  1327(0.66)  
745 1916(0.61)  2679(0.47)  
746 48(0.0)  70(0.69)  570(0.49)  1638(0.49)  1814(0.44)  1872(0.1)  2680(0.18)  2681(0.34)  2682(0.2)  2683(0.95)  2684(0.23)  
747 48(0.28)  285(0.51)  592(0.67)  1543(0.47)  2685(0.62)  2686(0.77)  2687(0.58)  
748 2351(0.95)  2688(0.61)  2689(0.44)  
749 48(0.9)  89(0.31)  98(0.09)  101(0.42)  150(0.29)  396(0.61)  618(0.02)  817(0.32)  1124(0.74)  1925(0.01)  2238(0.34)  2540(0.33)  2690(0.33)  2691(0.06)  2692(0.15)  
750 39(0.95)  
751 32(0.63)  39(0.38)  48(0.99)  426(0.23)  1029(0.28)  2693(0.21)  2694(0.43)  2695(0.97)  2696(0.52)  2697(0.47)  
752 32(0.7)  39(0.56)  2698(0.49)  
753 1191(0.46)  2699(0.46)  
754 39(0.37)  872(0.47)  1746(0.96)  1827(0.27)  2700(0.16)  
755 27(0.44)  625(0.02)  866(0.3)  916(0.38)  1011(0.08)  1159(0.38)  1499(0.5)  1594(0.76)  2182(0.21)  2623(0.19)  2701(0.29)  2702(0.79)  2703(0.29)  2704(1.0)  2705(0.21)  2706(0.83)  
756 32(0.25)  48(0.82)  511(0.98)  855(0.36)  2707(0.92)  2708(0.15)  2709(0.25)  
757 18(0.07)  39(0.65)  45(0.79)  101(0.15)  310(0.29)  565(0.2)  581(0.02)  926(0.47)  2654(0.45)  2710(0.72)  
758 39(0.39)  102(0.64)  425(0.14)  731(0.26)  855(0.12)  1659(0.17)  1899(0.09)  2711(0.82)  
759 38(0.33)  39(0.84)  41(0.43)  156(0.31)  170(0.07)  195(0.91)  349(0.31)  671(0.07)  1327(0.71)  1390(0.95)  1437(0.72)  1536(0.27)  2164(0.31)  2208(0.76)  2370(0.65)  2712(0.54)  2713(0.42)  2714(0.51)  2715(0.87)  
760 255(0.65)  1393(0.8)  2201(0.85)  
761 48(0.53)  315(0.73)  885(0.49)  1865(0.92)  2554(0.95)  2716(0.2)  2717(0.4)  2718(0.91)  2719(0.68)  
762 38(0.89)  39(0.53)  41(0.76)  48(0.07)  110(0.76)  1529(0.01)  2720(0.96)  
763 39(0.15)  41(0.99)  79(0.08)  681(0.3)  694(0.51)  713(0.6)  1185(0.07)  1327(0.34)  1853(0.38)  1976(0.47)  2080(0.43)  2151(0.1)  2721(0.53)  2722(0.44)  
764 39(0.56)  2723(0.29)  
765 48(0.11)  89(0.93)  979(0.17)  1105(0.49)  1123(0.79)  1140(0.66)  1348(0.86)  1940(0.46)  2075(0.01)  2365(0.61)  2680(0.13)  2724(0.73)  2725(0.5)  2726(0.35)  
766 38(0.58)  39(0.77)  41(0.44)  101(0.17)  170(0.28)  273(0.39)  334(0.31)  438(0.5)  740(0.33)  
767 39(0.37)  41(0.36)  48(0.1)  
768 48(0.06)  887(0.47)  1067(0.82)  2262(0.78)  2489(0.42)  2525(0.06)  2727(0.51)  2728(0.27)  2729(0.8)  2730(0.99)  2731(0.59)  2732(0.16)  2733(0.92)  2734(0.02)  
769 39(0.42)  218(0.68)  589(0.0)  885(0.63)  1028(0.18)  1473(0.82)  2064(0.44)  2735(0.17)  2736(0.04)  
770 37(0.66)  38(0.73)  1499(0.52)  2737(0.76)  2738(0.36)  
771 39(0.19)  41(0.45)  48(0.04)  271(0.47)  824(0.35)  1615(0.01)  1806(0.55)  2367(1.0)  
772 32(0.12)  48(0.65)  
773 1198(0.68)  1867(0.51)  2739(0.14)  
774 32(0.32)  39(0.08)  271(0.05)  
775 184(0.6)  2041(0.99)  
776 32(0.28)  39(0.31)  48(0.48)  283(0.25)  310(0.05)  374(0.14)  434(0.97)  571(0.9)  750(0.19)  753(0.83)  924(0.17)  968(0.52)  1248(0.6)  1327(0.82)  1767(0.59)  1811(0.28)  2506(0.16)  2635(0.58)  2650(0.88)  2740(0.75)  2741(0.4)  2742(0.99)  
777 32(1.0)  39(0.32)  41(0.78)  79(0.3)  271(0.83)  310(0.34)  1408(0.17)  1479(0.5)  1481(0.9)  2743(0.53)  
778 38(0.12)  56(0.61)  2463(0.31)  
779 39(0.14)  41(0.54)  48(0.93)  89(0.5)  572(0.71)  619(0.0)  740(0.26)  1013(0.36)  1051(0.31)  1053(0.2)  1264(0.39)  1327(0.17)  1775(0.85)  2069(0.68)  2082(0.41)  2304(0.45)  2521(0.06)  2744(0.27)  2745(0.3)  2746(0.79)  2747(0.4)  2748(0.87)  
780 32(0.33)  38(0.67)  39(0.58)  249(0.39)  840(0.79)  1393(0.47)  
781 41(0.7)  48(0.99)  92(0.77)  103(0.31)  739(0.24)  773(0.52)  2749(0.49)  
782 39(0.8)  41(0.36)  284(0.68)  694(0.67)  932(0.87)  1899(0.12)  
783 38(0.57)  370(0.24)  390(0.5)  814(0.91)  1344(0.52)  1495(0.87)  2194(0.37)  
784 39(0.74)  48(0.09)  589(0.92)  1233(0.32)  1396(0.01)  2750(0.5)  2751(0.83)  2752(0.83)  2753(0.24)  
785 39(0.39)  48(0.35)  373(0.25)  2552(0.86)  2754(0.18)  
786 39(0.99)  2755(0.93)  2756(0.66)  2757(0.49)  
787 39(0.33)  
788 43(0.64)  1291(0.64)  
789 39(0.12)  
790 9(0.21)  32(0.7)  48(0.41)  242(0.88)  572(0.45)  598(0.23)  662(0.18)  2058(0.48)  2205(0.93)  2758(0.22)  2759(0.88)  2760(0.39)  2761(0.46)  2762(0.09)  
791 58(0.94)  147(0.56)  179(0.47)  413(0.31)  452(0.63)  778(0.8)  1106(0.82)  1404(0.27)  2120(0.57)  2132(0.45)  2180(0.72)  2602(0.12)  2604(0.64)  2763(0.93)  2764(0.24)  2765(0.04)  2766(0.86)  2767(0.16)  
792 570(0.88)  664(0.53)  1096(0.86)  1486(0.35)  1959(0.33)  2692(0.03)  2768(0.66)  
793 48(0.67)  381(0.21)  521(0.34)  1499(0.43)  
794 1873(0.28)  2237(0.8)  2769(0.3)  2770(0.97)  
795 38(0.33)  39(0.16)  41(0.8)  55(0.19)  677(0.05)  2490(0.31)  2771(0.49)  2772(0.37)  
796 39(0.47)  41(0.92)  48(0.6)  703(0.8)  970(0.07)  
797 1327(0.01)  2773(0.19)  2774(0.56)  2775(0.44)  2776(0.95)  2777(0.28)  
798 155(0.55)  541(0.78)  558(0.19)  589(0.46)  2778(0.69)  
799 48(0.72)  1327(0.65)  1891(0.09)  2779(0.79)  2780(0.37)  
800 39(0.94)  413(0.13)  1966(0.86)  
801 39(0.69)  48(0.15)  152(0.01)  278(0.66)  669(0.25)  926(0.29)  1327(0.53)  2781(0.16)  2782(0.02)  2783(0.13)  2784(0.89)  
802 39(0.44)  2785(0.79)  
803 41(0.97)  812(0.55)  1014(0.7)  1094(0.85)  1361(0.81)  
804 36(0.1)  39(0.12)  82(0.37)  92(0.05)  286(0.59)  441(0.89)  809(0.82)  856(0.72)  1027(0.84)  1393(0.81)  2097(0.29)  2269(0.68)  2353(0.85)  2569(0.2)  2786(0.8)  2787(0.97)  
805 89(0.3)  358(0.96)  623(1.0)  1087(0.52)  1327(0.56)  2220(0.14)  2788(0.84)  2789(0.16)  
806 32(0.49)  48(0.44)  2790(0.93)  
807 38(0.52)  39(0.43)  41(0.1)  110(0.63)  350(0.85)  694(0.47)  1865(0.83)  2469(0.74)  
808 11(0.21)  38(0.49)  39(0.35)  41(0.31)  48(0.79)  78(0.06)  89(0.09)  94(0.64)  312(0.41)  357(0.89)  370(0.95)  379(0.55)  475(0.86)  533(0.38)  553(0.74)  604(0.58)  615(0.7)  664(0.8)  673(0.52)  757(0.31)  793(0.87)  797(0.54)  809(0.67)  857(0.19)  969(0.73)  1144(0.92)  1154(0.22)  1196(0.79)  1233(0.34)  1489(0.93)  1659(0.84)  1903(0.96)  1986(0.62)  1996(0.19)  2164(0.01)  2708(0.9)  2791(0.3)  2792(0.92)  2793(0.5)  2794(0.43)  2795(0.13)  2796(0.57)  2797(0.81)  2798(0.83)  2799(0.62)  2800(0.32)  
809 39(0.42)  48(0.56)  49(0.31)  338(0.48)  1659(0.48)  2801(0.39)  
810 352(0.09)  1859(0.64)  2315(0.1)  2510(0.86)  
811 38(0.43)  41(0.9)  161(0.3)  1107(0.66)  2802(0.66)  2803(0.48)  2804(0.15)  2805(0.88)  2806(0.57)  
812 39(0.13)  117(0.61)  647(0.84)  1034(0.59)  2013(0.27)  2269(0.69)  2685(0.31)  2807(0.98)  2808(0.28)  
813 38(0.52)  39(0.84)  48(0.84)  101(0.66)  110(0.19)  438(0.21)  1190(0.18)  2703(0.03)  2708(0.57)  2809(0.89)  
814 39(0.37)  48(0.46)  449(0.42)  479(0.74)  856(0.73)  871(0.81)  2067(0.96)  2457(0.43)  2810(0.66)  2811(0.61)  2812(0.5)  2813(0.04)  
815 48(0.79)  
816 39(0.04)  48(0.67)  93(0.74)  123(0.34)  255(0.05)  871(0.37)  2812(0.06)  2814(0.92)  2815(0.68)  2816(0.27)  
817 39(0.25)  98(0.19)  589(0.09)  1350(0.42)  
818 39(0.02)  65(0.07)  201(0.71)  308(0.7)  319(0.47)  589(0.67)  639(0.26)  664(0.98)  1269(0.35)  1291(0.46)  2065(0.91)  2072(0.47)  2817(0.04)  2818(0.2)  2819(0.79)  
819 39(0.86)  61(0.41)  65(0.81)  612(0.49)  1227(0.18)  1543(0.33)  1600(0.24)  1980(0.57)  2342(0.1)  2820(0.73)  2821(0.41)  
820 37(0.72)  38(0.29)  39(0.34)  48(0.38)  65(0.75)  255(0.69)  2032(0.3)  
821 39(0.51)  41(0.94)  48(0.63)  2822(0.74)  2823(0.63)  
822 237(0.39)  1833(0.25)  1858(0.11)  2824(0.06)  2825(0.28)  2826(0.69)  2827(0.72)  2828(0.9)  2829(0.71)  
823 32(0.68)  39(0.31)  123(0.11)  475(0.37)  926(0.59)  1013(0.79)  1235(0.82)  1327(0.2)  1607(0.18)  2830(0.92)  2831(0.6)  
824 36(0.83)  38(0.68)  967(0.22)  1060(0.23)  
825 32(0.32)  522(0.35)  2200(0.9)  2832(0.97)  
826 185(0.86)  186(0.73)  614(0.95)  1980(0.47)  2358(0.64)  2833(0.96)  2834(0.69)  2835(0.57)  
827 39(0.75)  237(0.02)  1010(0.85)  1809(0.23)  
828 36(0.22)  38(0.11)  39(0.89)  48(0.86)  864(0.09)  1327(0.23)  2836(0.31)  2837(0.08)  
829 39(0.97)  48(0.95)  49(0.46)  249(0.14)  264(0.41)  727(0.68)  1992(0.18)  2079(0.43)  2780(0.68)  2838(0.35)  2839(0.88)  
830 36(0.89)  38(0.01)  48(0.67)  334(0.99)  438(0.57)  2225(0.39)  
831 38(0.13)  39(0.06)  48(0.42)  371(0.44)  438(0.49)  550(0.54)  1908(0.58)  2446(0.59)  2840(0.07)  
832 32(0.09)  39(0.27)  48(0.54)  147(0.76)  179(0.62)  186(0.56)  550(0.87)  1564(0.17)  2430(0.23)  2841(0.19)  2842(0.55)  
833 32(0.04)  39(0.88)  41(0.07)  2843(0.07)  2844(0.8)  
834 39(0.14)  41(0.27)  309(0.43)  947(0.33)  1080(0.36)  1379(0.96)  1380(0.51)  2164(0.47)  2812(0.41)  2845(0.85)  
835 32(0.01)  37(0.5)  38(0.33)  43(0.8)  161(0.13)  438(0.14)  2846(0.39)  
836 32(0.86)  80(0.72)  414(0.48)  500(0.65)  1229(0.35)  2100(0.36)  2658(0.88)  2847(0.17)  2848(0.84)  
837 39(0.88)  41(0.75)  48(0.49)  156(0.93)  249(0.76)  264(0.82)  310(0.3)  1209(0.94)  1345(0.87)  1360(0.15)  1520(0.71)  2849(0.56)  2850(0.06)  2851(0.28)  
838 48(0.99)  123(0.92)  203(0.31)  243(0.29)  581(0.91)  703(0.18)  770(0.16)  939(0.41)  1229(0.88)  1387(0.06)  1678(0.55)  1728(0.92)  1789(0.95)  1994(0.3)  2852(0.3)  2853(0.92)  2854(0.46)  2855(0.08)  2856(0.88)  
839 39(0.6)  109(0.04)  196(0.36)  1575(0.34)  1612(0.12)  2857(0.21)  2858(0.45)  2859(0.48)  
840 1824(0.16)  2860(0.53)  2861(0.25)  
841 39(0.88)  48(0.59)  199(0.78)  249(0.27)  255(0.4)  533(0.43)  623(0.85)  734(0.62)  824(0.82)  885(0.9)  893(0.86)  1736(0.09)  2862(0.35)  2863(0.6)  2864(0.97)  2865(0.09)  2866(0.63)  
842 39(0.63)  48(0.51)  1194(0.62)  1814(0.27)  2867(0.64)  2868(0.64)  2869(0.2)  
843 38(0.64)  39(0.05)  41(0.89)  117(0.14)  170(0.32)  757(0.39)  976(0.97)  1198(0.24)  1327(0.12)  1469(0.42)  2362(0.48)  2364(0.55)  2870(0.41)  2871(0.71)  2872(0.03)  
844 9(0.67)  39(0.47)  41(0.37)  348(0.94)  987(0.63)  1023(0.69)  1233(0.64)  1994(0.99)  2048(0.3)  2156(0.21)  2408(0.51)  2515(0.01)  2792(0.98)  2853(0.82)  2873(0.27)  2874(0.31)  2875(0.73)  2876(0.68)  2877(0.39)  2878(0.96)  2879(0.62)  2880(0.9)  2881(0.87)  
845 39(0.77)  41(0.48)  206(0.84)  809(0.31)  2882(0.92)  
846 36(0.26)  38(0.49)  39(0.06)  41(0.44)  101(0.32)  259(0.65)  794(0.8)  952(0.1)  2883(0.67)  
847 39(0.68)  48(0.05)  158(0.4)  159(0.12)  260(0.72)  570(0.25)  653(0.2)  763(0.64)  1259(0.36)  1409(0.68)  1425(0.58)  1536(0.42)  1659(0.4)  1742(0.83)  2171(0.76)  2884(0.51)  2885(0.38)  2886(0.65)  
848 227(0.57)  229(0.94)  612(0.14)  664(0.37)  729(0.66)  730(0.06)  731(0.21)  1004(0.11)  1179(0.66)  1281(0.56)  1327(0.87)  1598(0.21)  1698(0.34)  1878(0.07)  2043(0.58)  2329(0.94)  2887(0.88)  2888(0.96)  2889(0.84)  2890(0.39)  2891(0.09)  
849 92(0.97)  186(0.3)  295(0.42)  413(0.68)  798(0.98)  829(0.23)  1011(0.86)  1294(0.48)  1417(0.45)  1593(0.47)  1936(0.24)  2388(0.25)  2852(0.11)  2854(0.88)  2892(0.26)  2893(0.22)  2894(0.09)  2895(0.28)  2896(0.11)  2897(0.8)  2898(0.45)  2899(0.97)  2900(0.91)  2901(0.66)  2902(0.8)  2903(0.27)  2904(0.63)  
850 11(0.31)  38(0.9)  39(0.17)  41(0.84)  76(0.36)  209(0.06)  345(0.83)  425(0.79)  466(0.15)  475(0.74)  833(0.61)  854(0.92)  878(0.34)  965(0.23)  1282(0.76)  1557(0.42)  1961(0.46)  2805(0.96)  2905(0.82)  2906(0.39)  
851 38(0.5)  39(0.56)  48(0.05)  1529(0.46)  
852 39(0.16)  48(0.71)  438(0.16)  475(0.68)  550(0.69)  940(0.29)  1249(0.85)  1393(0.37)  2907(0.69)  2908(0.15)  
853 38(0.93)  170(0.37)  
854 48(0.38)  978(0.2)  979(0.02)  2344(0.62)  2909(0.68)  
855 438(0.82)  1283(0.18)  2910(0.28)  2911(0.06)  2912(0.93)  
856 41(0.8)  65(0.78)  592(0.76)  981(0.33)  1859(0.86)  2913(0.09)  2914(0.88)  
857 39(0.13)  48(0.86)  2187(0.74)  2915(0.93)  
858 41(0.53)  48(0.27)  310(0.28)  422(0.68)  489(0.0)  532(0.64)  1239(0.45)  1659(0.83)  2352(0.81)  2916(0.99)  2917(0.85)  
859 155(0.28)  438(0.39)  589(0.42)  1333(0.68)  2918(0.28)  
860 39(0.25)  41(0.57)  1327(0.78)  
861 32(0.11)  39(0.45)  48(0.6)  126(0.53)  606(0.83)  809(0.58)  1327(0.21)  1592(0.58)  1655(0.47)  2177(0.99)  2378(0.25)  2701(0.6)  2919(0.75)  2920(0.27)  2921(0.69)  2922(0.71)  2923(0.09)  2924(0.08)  
862 32(0.23)  2915(0.11)  
863 39(0.42)  48(0.57)  255(0.39)  1327(0.13)  1791(0.79)  1932(0.85)  1991(0.06)  2017(0.28)  2225(0.34)  2925(0.31)  2926(0.65)  2927(0.37)  2928(0.49)  2929(0.62)  2930(0.96)  
864 32(0.9)  39(0.47)  49(0.56)  475(0.22)  952(0.01)  1316(0.22)  1433(0.44)  1600(0.45)  2931(0.05)  2932(0.33)  2933(0.27)  
865 39(0.82)  41(0.23)  262(0.81)  464(0.79)  970(0.3)  1290(0.75)  1802(0.07)  2049(0.52)  2123(0.44)  2673(0.08)  2934(0.64)  2935(0.58)  2936(0.02)  2937(0.44)  2938(0.83)  2939(0.07)  
866 32(0.14)  39(0.64)  
867 259(0.03)  279(0.4)  592(0.16)  625(0.29)  1431(0.03)  1923(0.32)  2182(0.04)  2940(0.28)  2941(0.77)  
868 48(0.82)  229(0.45)  475(0.73)  1394(0.36)  1513(0.71)  2242(0.9)  2523(0.78)  2800(0.2)  2942(0.25)  2943(0.31)  2944(0.63)  
869 39(0.78)  48(0.68)  66(0.9)  86(0.48)  123(0.68)  289(0.47)  334(0.2)  740(0.24)  1327(0.1)  1501(0.13)  2566(0.84)  2800(0.09)  2945(0.65)  
870 32(0.36)  212(0.46)  2946(0.28)  
871 38(0.74)  39(0.17)  89(0.54)  1831(0.77)  
872 1216(0.19)  2947(0.59)  
873 39(0.52)  41(0.02)  48(0.77)  1327(1.0)  2199(0.93)  
874 48(0.18)  1327(0.43)  
875 32(0.19)  38(0.7)  39(0.19)  664(0.91)  1765(0.95)  2805(0.95)  2948(0.59)  
876 39(0.87)  237(0.27)  1029(0.16)  2949(0.75)  2950(0.69)  2951(0.51)  
877 11(0.77)  32(0.2)  39(0.29)  48(0.3)  101(0.02)  197(0.9)  533(0.17)  599(0.26)  675(0.97)  789(0.72)  1327(0.13)  1669(0.91)  2706(0.57)  2763(0.13)  2808(0.2)  2952(0.25)  2953(0.87)  2954(0.46)  2955(0.49)  
878 38(0.32)  286(0.77)  676(0.16)  2331(0.36)  
879 39(0.65)  1700(0.96)  2956(0.35)  
880 399(0.23)  752(0.63)  1327(0.5)  2957(0.31)  
881 39(0.73)  438(0.43)  740(0.24)  2958(0.99)  2959(0.25)  
882 592(0.36)  1833(0.74)  2960(0.44)  2961(0.81)  2962(0.42)  
883 48(0.02)  1180(0.86)  
884 11(0.36)  39(0.21)  48(0.71)  664(0.68)  734(0.44)  887(0.66)  1362(0.37)  1368(0.43)  2217(0.93)  2489(0.71)  2963(0.93)  
885 39(0.51)  107(0.78)  203(0.39)  464(0.63)  548(0.05)  623(0.39)  757(0.24)  878(0.36)  1001(0.26)  1010(0.99)  1327(0.46)  1395(0.77)  1808(0.76)  2079(0.13)  2231(0.31)  2286(0.34)  2502(0.57)  2964(0.41)  2965(0.02)  2966(0.4)  2967(0.44)  2968(0.45)  2969(0.0)  2970(0.76)  2971(0.48)  
886 9(0.18)  19(0.46)  32(0.92)  41(0.98)  324(0.44)  438(0.47)  803(0.19)  2230(0.3)  2231(0.42)  2972(0.79)  2973(0.74)  2974(0.78)  
887 39(0.1)  41(0.45)  48(0.61)  76(0.33)  155(0.39)  208(0.29)  422(0.58)  589(0.26)  624(0.8)  626(0.47)  694(0.46)  746(0.52)  763(0.44)  794(0.56)  833(0.8)  1012(0.96)  1275(0.31)  1281(0.27)  1333(0.47)  1421(0.42)  1558(0.89)  1634(0.19)  1746(0.35)  1827(0.67)  2080(0.24)  2325(0.04)  2673(0.2)  2975(0.31)  2976(0.47)  2977(0.19)  2978(0.59)  2979(0.67)  2980(0.64)  2981(0.72)  2982(0.73)  2983(0.14)  2984(0.48)  2985(0.37)  2986(0.8)  
888 41(0.42)  48(0.91)  592(0.04)  851(0.24)  1470(0.39)  2385(0.01)  2987(0.53)  2988(0.51)  
889 39(0.97)  48(0.15)  2344(0.86)  2989(0.41)  
890 39(0.07)  41(0.94)  85(0.41)  751(0.9)  1327(0.38)  2344(0.21)  2424(0.52)  2990(0.36)  
891 39(0.85)  41(0.05)  664(0.69)  2630(0.83)  2902(0.08)  
892 39(0.42)  41(0.55)  147(0.3)  769(0.16)  1425(0.89)  2259(0.71)  2915(0.42)  2991(0.54)  
893 434(0.93)  1889(0.16)  2883(0.48)  2971(0.82)  
894 32(0.58)  39(0.87)  41(0.1)  48(0.45)  1337(0.13)  1615(0.24)  1853(0.35)  2992(0.43)  2993(0.16)  2994(0.9)  
895 32(0.32)  258(0.38)  259(0.7)  359(0.1)  2995(0.94)  2996(0.69)  2997(0.35)  2998(0.72)  
896 48(0.97)  301(0.88)  421(0.18)  536(0.63)  593(0.48)  857(0.22)  982(0.31)  994(0.49)  1809(0.46)  2527(0.86)  2999(0.0)  3000(0.35)  3001(0.61)  3002(0.4)  
897 48(0.21)  1339(0.67)  3003(0.1)  
898 1327(0.97)  1420(0.56)  
899 32(0.04)  38(0.86)  48(0.25)  110(0.91)  352(0.28)  1285(0.45)  1859(0.82)  2420(0.07)  3004(0.05)  
900 38(0.68)  39(0.1)  3005(0.5)  
901 9(0.63)  32(0.59)  310(0.5)  433(0.94)  468(1.0)  717(0.4)  861(0.08)  1140(0.29)  2649(0.09)  2801(0.51)  3006(0.66)  3007(0.27)  3008(0.75)  3009(0.71)  3010(0.29)  3011(0.69)  3012(0.03)  
902 39(0.63)  41(0.05)  855(0.14)  
903 6(0.72)  39(0.08)  1425(0.78)  1603(0.71)  2542(0.59)  2708(0.16)  3013(0.05)  3014(0.41)  3015(0.37)  3016(0.29)  3017(0.19)  
904 38(0.45)  48(0.19)  281(0.6)  1327(0.03)  3018(0.6)  3019(0.11)  3020(0.59)  3021(0.65)  
905 38(0.1)  39(0.86)  156(0.48)  544(0.33)  840(0.57)  3005(0.92)  
906 38(0.75)  39(0.15)  45(0.88)  48(0.13)  95(0.68)  286(0.09)  664(0.51)  1414(0.16)  2511(0.01)  2550(0.12)  2933(0.02)  2976(0.37)  3022(0.76)  
907 703(0.4)  2164(0.03)  3023(0.11)  
908 8(0.52)  39(0.39)  48(0.49)  117(0.93)  136(0.56)  195(0.99)  548(0.37)  759(0.43)  983(0.39)  1577(0.99)  3024(0.1)  3025(0.97)  3026(0.5)  3027(0.78)  3028(0.64)  3029(0.9)  3030(0.63)  3031(0.18)  3032(0.59)  3033(0.65)  3034(0.73)  
909 2(0.48)  32(0.82)  38(0.96)  39(0.99)  47(0.27)  48(0.35)  1481(0.04)  2676(0.28)  2853(0.5)  2874(0.03)  3035(0.27)  3036(0.44)  
910 761(0.93)  1174(0.92)  1291(0.1)  3037(0.29)  3038(0.14)  3039(0.32)  3040(0.97)  3041(0.88)  
911 976(0.5)  1023(0.73)  2212(0.49)  3042(0.41)  3043(0.83)  3044(0.71)  
912 662(0.58)  3045(0.54)  
913 32(0.13)  39(0.88)  41(0.72)  237(0.44)  270(0.71)  664(0.92)  855(0.88)  1043(0.36)  1107(0.07)  1163(0.5)  1179(0.66)  1501(0.38)  1681(0.01)  1864(0.31)  2258(0.88)  3046(0.53)  3047(0.3)  3048(0.11)  3049(0.73)  3050(0.08)  3051(0.64)  
914 38(0.41)  39(0.17)  66(0.56)  251(0.25)  271(0.53)  851(0.13)  1831(0.44)  2074(0.88)  2374(0.46)  2626(0.17)  2987(0.85)  3052(0.73)  
915 39(0.58)  41(0.24)  147(0.74)  592(0.11)  956(0.49)  2696(0.32)  3053(0.08)  3054(0.0)  3055(0.12)  
916 39(0.31)  48(0.96)  103(0.21)  438(0.79)  806(0.69)  935(0.11)  1489(0.87)  2747(0.5)  3056(0.6)  3057(0.53)  3058(0.52)  3059(0.77)  
917 41(0.85)  48(0.54)  251(0.89)  1592(0.86)  1742(0.45)  
918 39(0.71)  48(0.99)  249(0.55)  3060(0.22)  3061(0.25)  
919 38(0.25)  39(0.96)  48(0.71)  286(0.26)  
920 39(0.26)  41(0.83)  48(0.54)  789(0.64)  812(0.04)  1668(0.97)  
921 21(0.53)  39(0.49)  48(0.5)  76(0.16)  366(0.19)  612(0.78)  778(0.37)  831(0.94)  942(0.59)  1349(0.58)  1439(0.62)  1679(0.26)  1938(0.57)  2662(0.41)  3010(0.23)  3062(0.66)  3063(0.61)  3064(0.22)  
922 39(0.41)  48(0.55)  664(0.7)  
923 38(0.73)  39(0.84)  41(0.59)  48(0.64)  255(0.12)  336(0.88)  390(0.11)  434(0.13)  477(0.01)  640(0.11)  3065(0.46)  3066(0.96)  3067(0.31)  3068(0.92)  3069(0.09)  3070(0.47)  3071(0.36)  
924 32(0.77)  39(0.6)  48(0.37)  953(0.81)  3072(0.47)  3073(0.26)  
925 39(0.38)  66(0.85)  80(0.19)  117(0.91)  334(0.95)  550(0.23)  865(0.01)  976(0.93)  982(0.92)  1227(0.29)  1327(0.26)  1372(0.19)  1481(0.18)  2425(0.22)  2538(0.96)  3074(0.53)  
926 32(0.25)  39(0.78)  48(0.12)  664(0.9)  1470(0.9)  3075(0.8)  
927 39(0.36)  48(0.45)  1327(0.08)  1343(0.83)  1985(0.36)  3076(0.94)  
928 32(0.54)  205(0.49)  1327(0.89)  1503(0.41)  
929 38(0.16)  39(0.2)  178(0.93)  286(0.66)  382(0.15)  2353(0.91)  2612(0.72)  3077(0.35)  
930 39(0.24)  48(0.24)  334(0.69)  3078(0.45)  
931 39(0.24)  48(0.72)  148(0.87)  438(1.0)  793(0.39)  
932 39(0.75)  234(0.14)  
933 337(0.97)  449(0.42)  824(0.58)  916(0.18)  1232(0.22)  3079(0.06)  3080(0.73)  3081(0.21)  
934 39(0.65)  48(0.83)  65(0.39)  237(0.63)  239(0.44)  589(0.46)  695(0.31)  1222(0.74)  1481(0.9)  1986(0.06)  2554(0.74)  2621(0.05)  2724(0.55)  
935 39(0.01)  41(0.91)  79(0.01)  310(0.32)  570(0.34)  3082(0.94)  3083(0.03)  
936 39(0.68)  178(0.4)  270(0.08)  
937 39(0.45)  41(0.15)  48(0.98)  195(0.51)  255(0.57)  284(0.03)  570(0.75)  714(0.24)  809(0.66)  896(0.12)  1198(0.26)  1393(0.22)  1829(0.47)  1936(0.63)  1987(0.38)  2304(0.37)  2328(0.2)  2664(0.63)  2940(0.89)  3084(0.16)  3085(0.81)  3086(0.56)  3087(0.19)  3088(0.64)  3089(0.06)  3090(0.07)  3091(0.9)  3092(0.6)  
938 39(0.45)  48(0.33)  1390(0.51)  1547(0.05)  3093(0.21)  
939 39(0.01)  1919(0.57)  1935(0.03)  2284(0.61)  3094(0.87)  
940 39(0.8)  41(0.08)  48(0.81)  365(0.96)  606(0.73)  
941 39(0.51)  676(0.3)  1603(0.06)  3095(0.89)  
942 16(0.28)  48(0.17)  65(0.19)  115(0.89)  116(0.62)  809(0.98)  1159(0.09)  1327(0.62)  1469(0.81)  1806(0.7)  1987(1.0)  2402(0.31)  3096(0.53)  3097(0.47)  3098(0.51)  3099(0.34)  
943 1732(0.71)  2887(0.35)  3100(0.97)  
944 38(0.64)  41(0.6)  48(0.43)  55(0.19)  
945 492(0.07)  2191(0.9)  3101(0.06)  
946 39(0.06)  41(0.06)  264(0.14)  2250(0.22)  3102(0.43)  
947 39(0.29)  48(0.79)  258(0.6)  338(0.53)  365(0.56)  
948 39(0.69)  48(0.95)  255(0.98)  3103(0.75)  3104(0.02)  
949 39(0.29)  3105(0.24)  
950 36(0.91)  38(0.89)  39(0.24)  604(0.38)  
951 15(0.57)  86(0.31)  548(0.11)  924(0.04)  
952 39(0.89)  48(0.26)  841(0.47)  1047(0.34)  
953 39(0.56)  849(0.0)  
954 41(0.23)  48(0.43)  384(0.84)  2445(0.0)  2506(0.87)  
955 37(0.83)  38(0.65)  39(0.18)  504(0.98)  1010(0.92)  3106(0.54)  
956 610(0.23)  1489(0.79)  
957 49(0.57)  341(0.41)  
958 0(0.97)  39(0.74)  48(0.96)  255(0.8)  310(0.27)  416(0.4)  675(0.98)  689(0.47)  940(0.72)  976(0.96)  1051(0.29)  1274(0.27)  1430(0.71)  1846(0.84)  1848(0.47)  2475(0.82)  2811(0.5)  3107(0.83)  3108(0.84)  3109(0.27)  3110(0.09)  
959 41(0.05)  48(0.86)  301(0.97)  789(0.29)  1052(0.79)  1728(0.24)  3111(0.24)  3112(0.16)  
960 38(0.11)  170(0.29)  271(0.8)  
961 39(0.24)  41(0.6)  48(0.16)  
962 430(0.39)  
963 38(0.09)  39(0.26)  48(0.43)  156(0.6)  170(0.94)  179(0.55)  502(0.32)  676(0.34)  824(0.63)  979(0.91)  2344(0.1)  3113(0.09)  3114(0.96)  3115(0.59)  3116(0.17)  3117(0.52)  3118(0.14)  3119(0.75)  3120(0.72)  3121(0.14)  3122(0.13)  3123(0.69)  
964 38(0.93)  105(0.44)  
965 39(0.04)  48(0.97)  438(0.38)  751(0.53)  1128(0.94)  3124(0.47)  3125(0.13)  
966 15(0.09)  38(0.25)  39(0.15)  41(0.3)  48(0.1)  105(0.51)  147(0.72)  485(0.18)  571(0.48)  1173(0.95)  3126(0.15)  3127(0.2)  
967 6(0.25)  19(0.85)  39(0.57)  48(0.64)  60(0.52)  123(0.59)  264(0.18)  301(0.21)  406(0.1)  418(0.51)  1423(0.82)  1679(0.45)  1749(0.26)  2050(0.75)  3128(0.78)  3129(0.68)  3130(0.42)  3131(0.47)  
968 39(0.73)  910(1.0)  956(0.41)  1517(0.64)  2327(0.45)  2895(0.89)  3046(0.44)  3132(0.17)  
969 32(0.44)  164(0.19)  438(0.62)  3133(0.15)  3134(0.45)  3135(0.51)  3136(0.66)  
970 39(0.69)  41(0.21)  260(0.72)  956(0.86)  1081(0.5)  1327(0.3)  1360(0.03)  
971 32(0.53)  38(0.07)  39(0.0)  47(0.66)  48(0.6)  2378(0.96)  3137(0.66)  3138(0.25)  
972 39(0.47)  48(0.54)  438(0.37)  703(0.86)  3139(0.49)  3140(0.17)  3141(0.59)  
973 38(0.45)  39(0.99)  41(0.22)  48(0.98)  55(0.78)  170(0.51)  225(0.55)  
974 10(0.77)  39(0.89)  48(0.06)  79(0.87)  514(0.58)  675(0.93)  1575(0.86)  2254(0.13)  3142(0.05)  
975 38(0.59)  39(0.19)  55(0.79)  286(0.77)  522(0.39)  3143(0.59)  3144(0.71)  3145(0.05)  3146(0.42)  3147(0.25)  
976 39(0.41)  41(0.43)  48(0.89)  77(0.28)  90(0.3)  270(0.07)  761(0.69)  1004(0.61)  2344(0.94)  3148(0.76)  
977 39(0.04)  441(0.05)  602(0.37)  885(0.14)  3149(0.23)  
978 41(0.88)  48(0.62)  251(0.94)  477(0.45)  959(0.45)  1585(0.92)  1991(0.49)  2239(0.47)  
979 39(0.22)  41(0.13)  48(0.41)  65(0.87)  81(0.51)  101(0.82)  176(0.2)  310(0.65)  338(0.22)  347(0.84)  435(0.01)  445(0.6)  464(0.42)  522(0.08)  533(0.95)  604(0.86)  956(0.34)  958(0.79)  961(0.5)  1024(0.36)  1121(0.04)  1254(0.89)  1495(0.11)  2191(0.91)  3150(0.08)  3151(0.11)  
980 38(0.23)  105(0.09)  767(0.15)  1700(0.34)  3152(0.6)  
981 39(0.88)  271(0.01)  1513(0.44)  
982 48(0.55)  65(0.75)  107(0.22)  147(0.1)  179(0.86)  180(0.06)  255(0.02)  570(0.94)  830(0.24)  831(0.76)  967(0.66)  1115(0.2)  1139(0.96)  1330(0.34)  1455(0.09)  2440(0.07)  3153(0.53)  3154(0.48)  3155(0.56)  3156(0.04)  3157(0.23)  3158(0.53)  
983 39(0.71)  185(0.97)  255(0.98)  310(0.34)  464(0.46)  479(0.42)  1049(0.22)  1991(0.85)  2811(0.67)  
984 41(0.09)  127(1.0)  594(0.67)  1105(0.54)  1139(0.57)  3159(0.31)  3160(0.54)  
985 39(0.77)  103(0.1)  237(0.27)  276(0.28)  389(1.0)  522(0.39)  
986 39(0.37)  41(0.99)  554(0.98)  991(0.32)  2214(0.69)  3161(0.22)  
987 39(0.98)  48(0.4)  664(0.51)  
988 38(0.03)  39(0.37)  170(0.69)  721(0.72)  1280(0.1)  2094(0.77)  2765(0.33)  3162(0.06)  
989 48(0.36)  89(0.26)  155(0.59)  589(0.79)  1698(0.63)  2987(0.22)  3163(0.45)  
990 38(0.75)  39(0.05)  170(0.48)  
991 32(0.39)  39(0.81)  370(0.58)  495(0.34)  819(0.94)  913(0.54)  
992 1928(0.71)  
993 48(0.11)  3157(0.48)  
994 32(0.07)  48(0.92)  1045(0.42)  1046(0.3)  1137(0.38)  1669(0.38)  3164(0.75)  3165(0.27)  3166(0.78)  
995 39(0.04)  41(0.35)  225(0.01)  271(0.85)  694(0.16)  855(0.54)  1121(0.88)  1938(0.45)  3167(0.91)  
996 38(0.16)  39(0.52)  47(0.18)  48(0.89)  281(0.99)  475(0.83)  706(0.54)  845(0.28)  1317(0.38)  2859(0.58)  3168(0.05)  3169(0.43)  
997 32(0.1)  39(0.22)  225(0.67)  3170(0.32)  
998 32(0.07)  38(0.51)  48(0.43)  55(0.57)  310(0.27)  3171(0.36)  
999 32(0.96)  36(0.64)  38(0.05)  39(0.47)  41(0.53)  48(0.89)  89(0.75)  110(0.15)  681(0.78)  940(0.61)  1290(0.21)  1704(0.76)  2065(0.4)  3108(0.36)  3172(0.62)  3173(0.17)  3174(0.21)  3175(0.32)  3176(0.5)  3177(0.34)  3178(0.13)  
1000 1198(0.76)  3179(0.99)  3180(0.8)  3181(0.97)  
1001 286(0.14)  
1002 38(0.32)  39(0.3)  41(0.08)  48(0.07)  110(0.79)  1715(0.21)  1991(0.83)  3182(0.78)  
1003 32(0.83)  36(0.37)  38(0.92)  39(0.08)  48(0.02)  60(0.34)  150(0.16)  201(0.93)  255(0.3)  282(0.75)  310(0.43)  334(0.24)  725(0.77)  816(0.4)  916(0.93)  1013(0.64)  1111(0.25)  1183(0.82)  1198(0.28)  1478(0.45)  1578(0.34)  1699(0.08)  1791(0.82)  1842(0.69)  1882(0.26)  1903(0.62)  1938(0.14)  2099(0.66)  2480(0.32)  2505(0.3)  2647(0.17)  2877(0.85)  3183(0.32)  3184(0.53)  3185(0.85)  3186(0.82)  3187(0.1)  3188(0.27)  3189(0.2)  3190(0.11)  3191(0.6)  3192(0.85)  3193(0.5)  
1004 39(0.41)  65(0.16)  1146(0.05)  1986(0.87)  3194(0.29)  
1005 3195(0.73)  3196(0.64)  3197(0.35)  
1006 38(0.9)  39(0.04)  41(0.69)  110(0.92)  350(0.21)  438(0.69)  1840(0.21)  2203(0.9)  3198(0.23)  
1007 34(0.92)  48(0.13)  256(0.03)  334(0.14)  856(0.19)  1016(0.78)  1017(0.01)  2358(0.83)  3199(0.03)  3200(0.58)  3201(0.35)  3202(0.94)  
1008 38(0.35)  39(0.15)  48(0.02)  156(0.75)  170(0.87)  1470(0.04)  3203(0.78)  
1009 65(0.73)  1307(0.48)  1541(0.79)  1896(0.09)  3204(0.87)  3205(0.69)  3206(0.08)  3207(0.13)  3208(0.85)  
1010 3209(0.65)  3210(0.55)  3211(0.13)  3212(0.05)  
1011 32(0.85)  41(0.66)  48(0.5)  147(0.32)  179(0.13)  479(0.44)  622(1.0)  1085(0.35)  1284(0.67)  1677(0.36)  1897(0.4)  2654(1.0)  2910(0.18)  2998(0.77)  3213(0.74)  3214(0.24)  3215(0.38)  3216(0.44)  3217(0.08)  
1012 147(0.48)  1011(0.15)  1174(0.97)  3218(0.85)  3219(0.45)  3220(0.03)  3221(0.47)  3222(0.15)  3223(0.12)  
1013 23(0.05)  32(0.09)  39(0.38)  213(0.01)  310(0.6)  1062(0.87)  1776(0.74)  2599(0.71)  2669(0.82)  3224(0.11)  
1014 39(0.27)  41(0.55)  1171(0.19)  
1015 213(0.34)  264(0.08)  272(0.96)  589(0.82)  1333(0.93)  2652(0.56)  
1016 32(0.14)  39(0.33)  41(0.28)  48(0.41)  79(0.52)  147(0.59)  225(0.75)  359(0.33)  664(0.06)  766(0.67)  1344(0.32)  1659(0.23)  1680(0.08)  1681(0.85)  1733(0.34)  2706(0.04)  3225(0.09)  3226(0.7)  3227(0.68)  3228(0.6)  3229(0.81)  3230(0.33)  
1017 38(0.91)  41(0.55)  48(0.79)  170(0.03)  
1018 23(1.0)  39(0.28)  48(0.56)  117(0.53)  1249(0.4)  
1019 43(0.95)  749(0.92)  1822(0.65)  3231(0.79)  3232(0.48)  
1020 32(0.98)  39(0.82)  2749(0.3)  
1021 147(0.26)  441(0.07)  885(0.41)  1327(0.21)  1761(0.16)  1765(0.79)  2290(0.25)  2635(0.91)  3233(0.7)  3234(0.56)  3235(0.16)  3236(0.02)  3237(0.28)  
1022 2054(0.02)  
1023 824(0.58)  2091(0.3)  3009(0.44)  3238(0.27)  
1024 65(0.6)  220(0.16)  545(0.54)  571(0.28)  713(0.41)  939(0.61)  1031(0.65)  1417(0.96)  
1025 39(0.58)  79(0.6)  117(0.4)  283(0.89)  338(0.23)  497(0.31)  677(0.29)  803(0.89)  976(0.05)  1121(0.44)  1249(0.62)  1376(0.16)  1501(0.45)  1867(0.16)  1947(0.68)  2187(0.59)  2355(0.12)  2556(0.48)  2638(0.97)  3173(0.07)  3195(0.57)  3239(0.82)  3240(0.75)  
1026 1775(0.67)  3241(0.62)  3242(0.72)  
1027 39(0.02)  48(0.05)  1738(0.58)  
1028 23(0.71)  32(0.87)  38(0.59)  39(0.73)  47(0.43)  48(0.24)  77(0.22)  90(0.34)  255(0.28)  381(0.24)  578(0.71)  1090(0.63)  1444(0.8)  1593(0.43)  1744(0.82)  2147(0.04)  2832(0.18)  3243(0.31)  3244(0.72)  3245(1.0)  3246(0.12)  3247(0.51)  
1029 61(0.29)  597(0.73)  2225(0.4)  3248(0.75)  
1030 39(0.08)  48(0.43)  552(0.58)  644(0.28)  1250(0.29)  1381(0.66)  2867(0.38)  3249(0.57)  3250(0.26)  3251(0.61)  3252(0.01)  3253(0.42)  3254(0.86)  
1031 6(0.98)  129(0.78)  3255(0.61)  
1032 32(0.16)  36(0.58)  38(0.7)  39(0.49)  48(0.92)  89(0.71)  147(0.93)  167(0.76)  170(0.63)  305(0.05)  306(0.7)  307(0.46)  308(0.46)  309(0.37)  751(0.13)  907(0.55)  1080(0.36)  1144(0.17)  1361(0.81)  1380(0.66)  3021(0.05)  3134(0.13)  3256(0.31)  3257(0.04)  3258(0.5)  3259(0.83)  3260(0.25)  3261(0.14)  
1033 39(0.82)  41(0.14)  48(0.04)  488(0.7)  1537(0.75)  3262(0.18)  3263(0.7)  3264(0.61)  3265(0.04)  
1034 523(0.48)  1022(0.52)  1115(0.28)  1237(0.28)  2350(0.58)  2514(0.78)  2524(0.15)  3266(0.46)  3267(0.04)  
1035 39(0.41)  1282(0.97)  2725(0.16)  3268(0.56)  3269(0.58)  3270(0.45)  
1036 39(0.11)  41(0.33)  48(0.48)  703(0.47)  1051(0.34)  1779(0.52)  1966(0.06)  2773(0.47)  3001(0.46)  3271(0.41)  3272(0.39)  
1037 38(0.97)  39(0.77)  41(0.55)  48(0.65)  79(0.53)  89(0.8)  153(0.76)  170(0.81)  402(0.11)  1698(0.75)  1928(0.19)  3273(0.53)  
1038 38(0.85)  39(0.53)  41(0.54)  110(0.63)  438(0.48)  2489(0.96)  2569(0.49)  2661(0.41)  3274(0.31)  3275(0.95)  
1039 18(0.77)  32(0.49)  48(0.59)  76(0.92)  511(0.58)  621(0.12)  703(0.84)  1016(0.69)  1051(0.0)  2056(0.66)  2394(0.66)  3276(0.17)  3277(0.72)  3278(0.82)  
1040 39(0.47)  334(0.82)  
1041 39(0.25)  48(0.73)  117(0.17)  488(0.9)  550(0.5)  976(0.18)  1140(0.59)  1450(0.36)  2042(0.61)  
1042 39(0.83)  2893(0.66)  3279(0.36)  
1043 35(0.64)  38(0.35)  39(0.29)  41(0.62)  48(0.12)  110(0.29)  179(0.3)  924(0.84)  1253(0.04)  1327(0.61)  2098(0.62)  2802(0.92)  3217(0.33)  3280(0.54)  3281(0.8)  
1044 39(0.22)  41(0.29)  3282(0.07)  3283(0.48)  
1045 36(0.92)  41(0.75)  65(0.02)  105(0.13)  1112(0.54)  1612(0.16)  1628(0.68)  1875(0.3)  3284(0.45)  
1046 32(0.52)  39(0.47)  48(0.07)  65(0.1)  123(0.56)  269(0.34)  308(0.12)  309(0.02)  576(0.33)  734(0.29)  1213(0.39)  1327(0.14)  1378(0.23)  1379(0.85)  1410(0.44)  1524(0.62)  1565(0.69)  1678(0.72)  1971(0.47)  2465(0.35)  2616(0.7)  2665(0.37)  3072(0.47)  3285(0.64)  3286(0.66)  3287(0.62)  3288(0.05)  3289(0.26)  3290(0.11)  3291(0.9)  3292(0.0)  3293(0.94)  3294(0.49)  3295(0.15)  3296(0.55)  
1047 48(0.63)  101(0.47)  201(0.14)  310(0.59)  352(0.48)  418(0.53)  1265(0.48)  1562(0.89)  1859(0.59)  2464(0.75)  3102(0.89)  3279(0.95)  3297(0.22)  3298(0.3)  3299(0.68)  3300(0.04)  3301(0.78)  3302(0.67)  
1048 3303(0.74)  3304(0.87)  3305(0.08)  3306(0.56)  
1049 38(0.9)  39(0.64)  44(0.12)  48(0.59)  170(0.11)  235(0.09)  249(0.6)  334(0.45)  727(0.04)  751(0.01)  2661(0.54)  3307(0.83)  
1050 48(0.98)  65(0.23)  94(0.48)  155(0.95)  540(0.41)  664(0.19)  715(0.82)  793(0.89)  795(0.2)  1393(0.2)  1417(0.74)  1818(0.26)  1819(0.47)  3144(0.14)  3219(0.76)  3308(0.89)  3309(0.65)  3310(0.63)  3311(0.95)  3312(0.03)  3313(0.6)  
1051 39(0.79)  3284(0.48)  3314(0.99)  
1052 48(0.39)  185(0.66)  234(0.92)  375(0.94)  378(0.75)  521(0.6)  589(0.68)  931(0.42)  1486(0.28)  2110(0.63)  2138(0.67)  2417(0.85)  2820(0.28)  3093(0.33)  3315(0.12)  
1053 32(0.34)  39(0.73)  41(0.38)  127(0.0)  826(0.49)  1428(0.85)  2184(0.36)  2982(0.69)  3316(0.42)  3317(0.47)  3318(0.96)  3319(0.88)  3320(0.5)  3321(0.12)  3322(0.43)  
1054 32(0.55)  39(0.86)  479(0.61)  1776(0.19)  2880(0.1)  3323(0.29)  3324(0.53)  
1055 41(0.76)  
1056 38(0.13)  286(0.92)  2086(0.4)  2238(0.44)  3325(0.65)  3326(0.32)  3327(0.73)  3328(0.13)  3329(0.41)  
1057 38(0.97)  48(0.19)  84(0.87)  110(0.01)  189(0.81)  995(0.27)  1557(0.76)  1655(0.25)  1814(0.22)  2199(0.4)  2572(0.26)  2730(0.89)  2894(0.22)  2929(0.94)  3330(0.11)  3331(0.42)  
1058 438(0.42)  1435(0.81)  2894(0.97)  3332(0.49)  
1059 41(0.55)  48(0.84)  475(0.63)  788(0.78)  1739(0.27)  1872(0.3)  2117(0.06)  2492(0.12)  2891(0.94)  3292(0.15)  3333(0.06)  3334(0.42)  3335(0.06)  
1060 48(0.07)  441(0.31)  809(0.48)  885(0.35)  
1061 38(0.78)  39(0.84)  48(0.29)  75(0.47)  89(0.5)  371(0.41)  828(0.55)  915(0.49)  1305(0.42)  1575(0.86)  1831(0.98)  2707(0.49)  2998(0.46)  3292(0.91)  3336(0.88)  3337(0.27)  3338(0.21)  3339(0.41)  3340(0.75)  3341(0.75)  3342(0.89)  3343(0.17)  
1062 200(0.61)  783(0.19)  916(0.28)  3344(0.65)  3345(0.05)  3346(0.27)  3347(0.4)  
1063 1286(0.8)  2004(0.95)  
1064 31(0.29)  39(0.59)  48(0.2)  101(0.38)  147(0.65)  164(0.67)  165(0.43)  225(0.67)  510(0.33)  743(0.8)  793(0.42)  885(0.67)  1783(0.26)  2276(0.45)  2381(0.21)  2440(0.29)  2501(0.25)  2519(0.63)  2523(0.08)  2880(0.83)  2902(0.9)  3055(0.34)  3083(0.15)  3348(0.88)  3349(0.13)  3350(0.73)  3351(0.49)  3352(0.65)  3353(0.21)  3354(0.06)  
1065 38(0.94)  110(0.82)  162(0.96)  606(0.26)  784(0.28)  1440(0.48)  1714(0.39)  1864(0.21)  1865(0.69)  2115(0.19)  2383(0.83)  3355(0.22)  3356(0.49)  3357(0.21)  3358(0.8)  3359(0.3)  
1066 39(0.07)  48(0.86)  61(0.97)  337(0.43)  1055(0.51)  2343(0.65)  
1067 32(0.69)  39(0.23)  41(0.84)  48(0.38)  101(0.85)  468(0.74)  626(0.12)  1233(0.41)  2015(0.62)  2201(0.59)  2775(0.36)  2836(0.86)  
1068 10(0.22)  31(0.78)  
1069 32(0.29)  41(0.88)  3360(0.02)  
1070 32(0.64)  38(0.81)  371(0.25)  3361(0.4)  
1071 31(0.12)  32(1.0)  41(0.26)  433(0.32)  434(0.22)  
1072 39(0.45)  41(0.13)  
1073 48(0.59)  577(0.66)  855(0.38)  916(0.98)  1081(0.08)  2079(0.65)  2137(0.89)  2379(0.69)  2402(0.06)  3307(0.65)  3342(0.19)  3362(0.75)  3363(0.9)  3364(0.3)  3365(0.46)  3366(0.9)  3367(0.73)  
1074 10(0.6)  48(0.12)  519(0.21)  723(0.33)  1404(0.92)  1618(0.47)  1658(0.36)  1696(0.48)  1956(0.96)  2002(0.33)  2329(0.97)  2493(0.6)  2611(0.77)  2638(0.04)  3219(0.76)  3368(0.83)  3369(0.02)  3370(0.58)  3371(0.56)  
1075 9(0.67)  41(0.19)  48(0.03)  66(0.89)  406(0.03)  578(0.59)  622(0.1)  766(0.97)  861(0.46)  939(0.09)  1109(0.86)  1121(0.03)  1160(0.21)  1178(0.13)  1192(0.29)  1425(0.5)  1575(0.21)  2842(0.86)  3372(0.75)  3373(0.35)  
1076 37(0.34)  38(0.0)  433(0.12)  438(0.68)  803(0.66)  1198(0.04)  1723(0.5)  1991(0.89)  2247(0.42)  2712(0.88)  
1077 1255(0.3)  2518(0.76)  3374(0.15)  
1078 32(0.48)  48(0.83)  208(0.17)  1600(0.9)  2343(0.34)  3375(0.3)  
1079 3376(0.16)  3377(0.96)  3378(0.54)  3379(0.42)  
1080 39(0.92)  41(0.59)  585(0.73)  789(0.51)  1563(0.76)  1889(0.87)  3380(0.09)  
1081 354(0.11)  356(0.69)  1223(0.51)  1498(0.92)  
1082 15(0.27)  39(0.33)  264(0.52)  446(0.86)  2621(0.09)  3254(0.43)  3381(0.79)  3382(0.92)  3383(0.39)  3384(0.8)  
1083 38(0.31)  110(0.92)  
1084 156(0.28)  1588(0.46)  1698(0.92)  2649(0.75)  3179(0.32)  3385(0.43)  
1085 39(0.46)  41(0.08)  48(0.24)  67(0.84)  77(0.79)  352(0.06)  399(0.87)  703(0.92)  1209(0.71)  1277(0.64)  1859(0.66)  2505(0.2)  3386(0.41)  3387(0.71)  3388(0.25)  
1086 41(0.77)  48(0.2)  407(0.37)  408(0.45)  643(0.68)  3353(0.36)  3389(0.21)  
1087 39(0.88)  48(0.78)  141(0.36)  445(0.71)  960(0.31)  1408(0.6)  1940(0.15)  3276(0.39)  3390(0.97)  
1088 39(0.89)  48(0.55)  79(0.45)  224(0.88)  381(0.74)  438(0.54)  862(0.24)  1518(0.23)  1825(0.83)  1833(0.95)  1956(0.89)  2165(0.09)  2429(0.25)  2958(0.95)  3391(0.72)  3392(0.24)  3393(0.19)  
1089 12(0.24)  438(0.56)  606(0.65)  2225(0.85)  2833(0.8)  3394(0.38)  
1090 39(0.76)  41(1.0)  45(0.59)  48(0.83)  147(0.47)  186(0.74)  681(0.52)  859(0.92)  1072(0.52)  1393(0.95)  1412(0.98)  1435(0.22)  1624(0.39)  2080(0.9)  2716(0.59)  
1091 39(0.65)  66(0.83)  479(0.45)  2076(0.21)  2356(0.23)  3395(0.72)  3396(1.0)  3397(0.76)  3398(0.77)  3399(1.0)  3400(0.58)  3401(0.23)  
1092 426(0.53)  3402(0.75)  3403(0.91)  
1093 39(0.85)  41(0.94)  48(0.84)  174(0.57)  193(0.23)  232(0.18)  282(0.65)  373(0.91)  564(0.35)  673(0.01)  704(0.22)  809(0.24)  921(0.25)  1072(0.16)  1128(0.49)  1294(0.9)  1437(0.8)  1593(0.67)  1697(0.2)  1767(0.03)  1971(0.74)  1999(0.86)  2212(0.64)  2323(0.15)  2383(0.16)  2424(0.99)  2673(0.58)  2853(0.2)  3080(0.15)  3404(0.51)  3405(0.41)  3406(0.45)  3407(0.95)  3408(0.49)  3409(0.32)  
1094 39(0.08)  41(0.26)  48(0.86)  89(0.66)  179(0.95)  271(0.01)  314(0.66)  359(0.38)  438(0.11)  706(0.35)  987(0.87)  1004(0.82)  1020(0.66)  1197(0.42)  1229(0.91)  1327(0.31)  1593(0.75)  1715(0.5)  1866(0.28)  1938(0.16)  2329(0.56)  2574(0.7)  2786(0.88)  3250(0.72)  3347(0.2)  3410(0.09)  3411(0.68)  
1095 32(0.65)  39(0.37)  41(0.0)  48(0.31)  201(0.15)  365(0.76)  1010(0.29)  1578(0.71)  2362(0.09)  2429(0.16)  3323(0.78)  
1096 9(0.9)  48(0.65)  310(0.26)  408(0.27)  424(0.94)  798(0.05)  812(0.05)  1938(0.08)  2942(0.26)  2987(0.13)  3412(0.47)  
1097 548(0.28)  1994(0.67)  2438(0.66)  
1098 38(0.12)  39(0.61)  41(0.26)  48(0.56)  441(0.44)  1060(0.65)  1859(0.12)  2567(0.3)  2630(0.97)  2805(0.62)  2958(0.34)  3413(0.9)  
1099 48(0.28)  335(0.24)  522(0.22)  526(0.61)  1164(0.08)  1524(0.7)  2350(0.96)  3414(0.21)  3415(0.37)  3416(0.23)  3417(0.87)  3418(0.33)  3419(0.3)  
1100 161(0.13)  662(0.29)  1588(0.08)  2362(0.59)  
1101 39(0.34)  41(0.27)  48(0.39)  264(0.81)  352(0.58)  677(0.17)  1352(0.05)  1710(0.69)  2314(0.34)  3420(0.02)  3421(0.03)  3422(0.92)  
1102 39(0.51)  48(0.59)  51(0.58)  255(0.72)  381(0.82)  1387(0.58)  1966(0.83)  2375(0.5)  3423(0.55)  3424(0.53)  3425(0.21)  3426(0.5)  3427(0.61)  3428(0.99)  3429(0.35)  3430(0.73)  3431(0.76)  3432(0.39)  3433(0.28)  
1103 36(0.3)  38(0.12)  39(0.34)  41(0.42)  110(0.78)  495(0.77)  1463(0.55)  1464(0.21)  
1104 39(0.75)  2184(0.89)  
1105 32(0.8)  39(0.84)  48(0.32)  696(0.98)  
1106 39(0.49)  1714(0.75)  2054(0.28)  3434(0.01)  
1107 38(0.38)  110(0.84)  
1108 41(0.72)  48(0.59)  76(0.4)  623(0.34)  2833(0.6)  3435(0.83)  
1109 48(0.42)  49(0.78)  65(0.61)  116(0.14)  117(0.14)  537(0.42)  808(0.49)  809(0.85)  1698(0.32)  2526(0.84)  3436(0.75)  
1110 39(0.13)  48(0.06)  128(0.88)  200(0.54)  340(0.38)  359(0.39)  381(0.01)  533(0.89)  560(0.7)  585(0.52)  727(0.47)  772(0.23)  865(0.23)  1130(0.8)  1206(0.46)  1555(0.84)  1627(0.39)  1725(0.22)  2015(0.15)  2343(0.63)  2440(0.46)  2535(0.15)  2775(0.44)  2942(0.17)  2990(0.24)  3437(0.62)  3438(0.41)  3439(0.28)  3440(0.87)  3441(0.03)  3442(0.4)  
1111 39(0.52)  48(0.82)  49(0.75)  60(0.53)  749(0.74)  2630(0.71)  3443(0.99)  3444(0.23)  3445(0.33)  3446(0.16)  3447(0.67)  3448(0.64)  
1112 32(0.55)  48(1.0)  237(0.08)  255(0.92)  350(0.98)  740(0.31)  993(0.96)  1417(0.45)  1999(0.06)  2343(0.09)  2370(0.34)  2701(0.18)  3185(0.83)  3449(0.86)  
1113 136(0.65)  399(0.24)  438(0.75)  681(0.6)  763(0.98)  772(0.38)  807(0.56)  1435(0.95)  2299(0.9)  2315(0.44)  2799(0.88)  3086(0.15)  3165(0.16)  3450(0.79)  3451(0.36)  
1114 32(0.37)  48(0.66)  
1115 39(0.4)  1327(0.63)  3279(0.81)  3452(0.75)  
1116 22(0.51)  38(0.62)  41(0.63)  48(0.98)  107(0.61)  110(0.95)  170(0.64)  475(0.83)  653(0.53)  753(0.31)  1163(0.78)  1539(0.39)  2118(0.55)  2122(0.98)  2492(0.93)  2900(0.09)  3453(0.79)  
1117 39(0.29)  48(0.32)  137(0.81)  156(0.65)  272(0.82)  549(0.31)  589(0.41)  1058(0.46)  1784(0.82)  2132(0.96)  2389(0.06)  2428(0.9)  2592(0.04)  2709(0.24)  3454(0.29)  3455(0.7)  3456(0.1)  3457(0.36)  3458(0.5)  
1118 36(0.0)  38(0.21)  39(0.85)  41(0.69)  225(0.48)  337(0.56)  885(0.02)  1027(0.85)  
1119 32(0.15)  38(0.0)  39(0.24)  41(0.72)  48(0.64)  370(0.07)  604(0.49)  740(0.07)  785(0.32)  
1120 39(0.06)  48(0.97)  1239(0.63)  1897(0.16)  3459(0.28)  
1121 39(0.23)  48(0.09)  478(0.28)  1349(0.93)  3236(0.44)  
1122 74(0.38)  3406(0.34)  
1123 39(0.8)  
1124 39(0.45)  45(0.45)  48(0.81)  117(0.52)  348(0.94)  352(0.6)  570(0.84)  976(0.82)  1014(0.64)  1309(0.32)  1964(0.31)  2384(0.68)  2464(0.91)  2537(0.2)  2786(0.05)  3307(0.34)  3460(0.18)  3461(0.9)  3462(0.36)  3463(0.9)  
1125 39(0.44)  283(0.5)  1564(0.99)  1853(0.85)  2374(0.14)  2624(0.12)  3464(0.94)  3465(0.85)  3466(0.94)  3467(0.07)  3468(0.28)  3469(0.41)  
1126 39(0.03)  48(0.09)  349(0.24)  424(0.33)  679(0.67)  851(0.11)  3470(0.34)  3471(0.28)  3472(0.06)  
1127 38(0.04)  170(0.19)  259(0.21)  438(0.71)  647(0.28)  903(0.19)  931(0.76)  1371(0.81)  1739(0.8)  2060(0.23)  3019(0.14)  
1128 94(0.88)  1233(0.14)  1372(0.9)  1765(0.16)  2425(0.26)  2528(0.29)  3297(0.99)  3473(0.68)  3474(0.11)  3475(0.08)  
1129 38(0.5)  39(0.01)  41(0.63)  48(0.16)  107(0.79)  136(0.54)  147(0.74)  170(0.78)  261(0.83)  272(0.85)  467(0.94)  548(0.31)  610(0.95)  611(0.87)  751(0.19)  789(0.47)  919(0.27)  973(0.37)  1309(1.0)  1361(0.28)  1611(0.16)  2011(0.15)  2464(0.78)  2519(0.86)  2985(0.86)  3476(0.78)  3477(0.9)  3478(0.01)  3479(0.49)  3480(0.22)  3481(0.16)  
1130 1903(0.27)  2988(0.0)  3482(0.1)  3483(0.46)  3484(0.79)  
1131 32(0.37)  38(0.89)  39(0.06)  41(0.05)  225(0.19)  1203(0.04)  2805(0.44)  2823(0.45)  2920(0.13)  2951(0.06)  3195(0.92)  3485(0.36)  3486(0.36)  3487(0.06)  3488(0.26)  3489(0.25)  3490(0.06)  
1132 32(0.89)  39(0.74)  48(0.97)  1020(0.94)  2589(0.93)  3058(0.43)  3343(0.44)  3491(0.61)  3492(0.28)  3493(0.7)  3494(0.68)  
1133 38(0.51)  170(0.66)  2110(0.29)  3495(0.68)  
1134 32(0.29)  38(0.69)  39(0.02)  41(0.06)  48(0.35)  286(0.76)  1727(0.8)  1814(0.34)  
1135 38(0.02)  41(0.11)  110(0.62)  341(0.33)  362(0.82)  397(0.37)  488(0.45)  855(0.07)  1682(0.06)  1980(0.68)  3064(0.47)  3102(1.0)  3464(0.61)  3467(0.58)  3496(0.62)  3497(0.4)  3498(0.5)  3499(0.93)  
1136 39(0.21)  41(0.09)  45(0.48)  48(0.53)  107(0.72)  108(0.74)  180(0.7)  475(0.85)  2117(0.95)  2118(0.72)  2431(0.94)  3150(0.56)  3500(0.36)  3501(0.05)  
1137 37(0.9)  38(0.16)  39(0.98)  41(0.63)  570(0.54)  
1138 1756(0.27)  2740(0.09)  
1139 32(0.62)  39(0.7)  589(0.53)  612(0.43)  1013(0.2)  1333(0.01)  1593(0.18)  2428(0.01)  
1140 39(0.25)  41(0.42)  48(0.33)  727(0.1)  1249(0.28)  1996(0.23)  2380(0.92)  2552(0.45)  2665(0.58)  3502(0.6)  3503(0.89)  
1141 32(0.02)  48(0.55)  211(0.48)  274(0.78)  278(0.58)  432(0.33)  475(0.75)  941(0.52)  1229(0.13)  2297(0.73)  2599(0.18)  3504(0.35)  
1142 38(0.66)  39(0.23)  41(0.31)  110(0.11)  1631(0.3)  
1143 39(0.83)  48(0.13)  1173(0.85)  
1144 39(0.77)  48(0.17)  3505(0.8)  
1145 39(0.48)  48(0.97)  940(0.45)  1196(0.41)  3450(0.44)  3506(0.19)  3507(0.1)  3508(0.15)  3509(0.5)  
1146 598(0.49)  878(0.38)  1962(0.11)  
1147 32(0.27)  41(0.94)  1327(0.13)  
1148 32(0.09)  39(0.41)  48(0.86)  179(0.45)  2285(0.35)  2741(0.04)  3505(0.17)  
1149 32(0.72)  
1150 39(0.21)  41(0.54)  48(0.99)  255(0.77)  475(0.93)  489(0.49)  521(0.59)  587(0.59)  817(0.22)  2186(0.43)  2238(0.54)  2663(0.68)  2800(0.48)  3472(0.32)  3510(0.98)  3511(0.96)  3512(0.17)  3513(0.04)  
1151 36(0.76)  38(0.16)  39(0.61)  279(0.02)  685(0.92)  1382(0.31)  1600(0.77)  2187(0.18)  2492(0.42)  2674(0.96)  3345(0.49)  3514(0.47)  
1152 38(0.91)  41(0.72)  2805(0.76)  
1153 39(0.5)  563(0.58)  1327(0.88)  3515(0.07)  3516(0.05)  
1154 32(0.45)  38(0.19)  39(0.57)  170(0.35)  301(0.8)  
1155 225(0.71)  265(0.11)  347(0.64)  490(0.4)  1312(0.89)  1387(0.45)  2324(0.29)  2965(0.73)  2977(0.9)  3237(0.74)  3517(0.52)  3518(0.57)  3519(0.59)  3520(0.25)  3521(0.04)  3522(0.08)  
1156 38(0.99)  39(0.44)  110(0.71)  
1157 38(0.67)  39(0.87)  170(0.32)  3394(0.0)  3523(0.0)  3524(0.23)  
1158 39(0.17)  48(0.45)  
1159 48(0.23)  255(0.28)  342(0.7)  438(0.63)  619(0.79)  1715(0.37)  2327(0.77)  2802(0.67)  2842(0.95)  3525(0.4)  3526(0.12)  3527(0.21)  3528(0.22)  3529(0.96)  3530(1.0)  3531(0.9)  
1160 36(0.06)  38(0.78)  39(0.56)  48(0.78)  887(0.52)  2481(0.37)  3532(0.91)  
1161 2805(0.54)  
1162 32(0.37)  36(0.81)  38(0.83)  39(0.18)  41(0.92)  151(0.84)  225(0.27)  1938(0.13)  2076(0.13)  2096(0.3)  2907(0.58)  
1163 39(0.14)  1433(0.77)  3533(0.22)  3534(0.62)  
1164 39(0.46)  1546(0.76)  3402(0.77)  3535(0.66)  3536(0.73)  3537(0.84)  
1165 36(0.11)  38(0.7)  39(0.45)  41(0.68)  288(0.01)  573(0.39)  589(0.1)  1433(0.72)  2868(0.93)  3538(0.64)  3539(0.91)  3540(0.11)  3541(0.17)  
1166 39(0.22)  48(0.1)  340(0.67)  402(0.89)  3316(0.42)  3542(0.4)  
1167 3543(0.24)  
1168 32(0.44)  48(0.41)  60(0.26)  2718(0.89)  3544(0.7)  
1169 32(0.31)  38(0.38)  39(0.54)  41(0.52)  48(0.42)  170(0.96)  310(0.01)  311(0.88)  313(0.9)  449(0.63)  1229(0.34)  1870(0.85)  3545(0.6)  
1170 39(0.09)  41(0.93)  48(0.88)  153(0.87)  441(0.37)  1754(0.1)  3546(0.86)  
1171 41(0.79)  48(0.47)  533(0.87)  1638(0.16)  2657(0.79)  2951(0.72)  3250(0.54)  3547(0.5)  3548(0.1)  
1172 38(0.68)  39(0.03)  104(0.27)  170(0.72)  464(0.08)  565(0.28)  581(0.41)  740(0.17)  914(0.69)  2437(0.74)  2879(0.34)  
1173 39(0.36)  48(0.02)  255(0.16)  1841(0.73)  2523(0.21)  3347(0.26)  3549(0.08)  
1174 32(0.45)  
1175 39(0.79)  41(0.12)  48(0.81)  207(0.9)  246(0.92)  328(0.36)  669(0.96)  677(0.83)  899(0.18)  1248(0.58)  1678(0.99)  1738(0.68)  1976(0.4)  2420(0.75)  3550(0.87)  
1176 39(0.27)  41(0.31)  186(0.69)  673(0.49)  677(0.71)  1251(0.59)  1314(0.77)  1344(0.79)  1871(0.87)  2013(0.25)  
1177 48(0.43)  3317(0.88)  3551(0.53)  
1178 39(0.51)  41(0.95)  48(0.37)  237(0.85)  491(0.97)  1250(0.19)  2053(0.69)  2403(0.55)  3018(0.68)  3552(0.36)  
1179 39(0.32)  41(0.76)  48(0.33)  1315(0.05)  2998(0.54)  3553(0.15)  
1180 2(0.02)  475(0.71)  938(0.99)  1013(0.92)  1493(0.17)  1546(0.92)  1585(0.49)  1677(0.99)  1702(0.97)  2154(1.0)  2344(0.49)  3554(0.61)  3555(0.28)  3556(0.62)  
1181 48(0.34)  381(0.61)  1393(0.88)  2284(0.86)  2505(0.22)  
1182 12(0.06)  38(0.44)  39(0.7)  170(0.03)  1673(0.29)  1996(0.8)  3312(0.15)  3557(0.13)  
1183 38(0.77)  39(0.81)  41(0.08)  110(0.62)  626(0.34)  1327(0.24)  2673(1.0)  3558(0.39)  
1184 36(0.21)  37(0.38)  38(0.68)  41(0.78)  48(0.06)  255(0.49)  286(0.68)  504(0.79)  715(0.85)  717(0.01)  1552(0.87)  2638(0.67)  2975(0.38)  3559(0.14)  
1185 38(0.95)  3005(0.31)  
1186 1147(0.83)  1680(0.98)  3226(0.23)  
1187 39(0.75)  60(0.23)  824(0.25)  1113(0.96)  1407(0.98)  1886(0.2)  2343(0.78)  2650(0.01)  
1188 32(0.43)  38(0.41)  39(0.31)  41(0.32)  110(0.24)  504(0.26)  606(0.6)  1034(0.84)  2165(0.28)  2743(0.3)  
1189 39(0.7)  3560(0.23)  3561(0.8)  
1190 32(0.02)  3562(0.27)  3563(0.89)  
1191 39(0.95)  48(0.25)  438(0.86)  1435(0.24)  
1192 39(0.47)  41(0.06)  438(0.3)  824(0.41)  3564(0.16)  
1193 39(0.21)  48(0.32)  49(0.31)  1025(0.2)  1859(0.49)  2408(0.81)  3194(0.46)  3565(0.28)  
1194 339(0.4)  560(0.27)  761(0.99)  
1195 39(0.72)  48(0.29)  156(0.3)  460(0.28)  1537(0.74)  3566(0.02)  3567(0.43)  3568(0.89)  
1196 52(0.66)  940(0.78)  941(0.08)  1497(0.98)  1938(0.68)  2633(0.19)  
1197 41(0.61)  101(0.81)  141(0.8)  204(0.66)  374(0.79)  480(0.2)  690(0.65)  1014(0.94)  1072(0.12)  1256(0.8)  1349(0.4)  1435(0.89)  1885(0.2)  2403(0.88)  3252(0.68)  3569(0.45)  
1198 39(0.95)  41(0.81)  48(0.98)  60(0.33)  95(0.34)  408(0.4)  460(0.26)  611(0.89)  662(0.48)  751(0.4)  989(0.08)  1704(0.94)  2011(0.32)  2141(0.49)  2715(0.21)  3570(0.48)  3571(0.55)  3572(0.59)  
1199 38(0.64)  39(0.37)  48(0.96)  105(0.47)  855(0.47)  978(0.02)  1260(0.34)  1277(0.26)  2726(0.19)  2846(0.18)  3573(0.6)  3574(0.98)  
1200 2866(0.21)  3575(0.78)  
1201 48(0.09)  89(0.72)  3451(0.23)  
1202 104(0.62)  171(0.15)  2553(0.49)  3299(0.62)  3576(0.81)  
1203 15(0.53)  32(0.95)  38(0.96)  41(0.72)  48(0.18)  65(0.38)  433(0.42)  464(0.14)  501(0.5)  560(0.93)  640(0.09)  650(0.8)  695(0.34)  1198(0.87)  1294(0.53)  1598(0.83)  1758(0.67)  2187(0.89)  2544(0.97)  2649(0.02)  3028(0.26)  3410(0.63)  3577(0.47)  3578(0.06)  3579(0.92)  3580(0.72)  
1204 39(0.04)  41(0.66)  1638(0.3)  1692(0.85)  1704(0.89)  3042(0.62)  3581(0.42)  
1205 19(0.12)  32(0.9)  39(0.8)  48(0.53)  95(0.92)  128(0.89)  185(0.65)  250(0.62)  310(0.3)  374(0.49)  420(0.37)  516(0.11)  603(0.69)  604(0.49)  785(0.28)  1855(0.83)  3582(0.61)  
1206 39(0.08)  48(0.46)  1004(0.65)  1196(0.75)  1327(0.73)  1361(0.62)  1431(0.52)  2714(0.83)  3583(0.01)  
1207 38(0.92)  39(0.61)  48(0.02)  56(0.77)  824(0.49)  1249(0.15)  3584(0.01)  
1208 39(0.37)  41(0.66)  310(0.4)  
1209 3548(0.17)  
1210 32(0.72)  39(0.96)  48(0.59)  555(0.11)  2640(0.89)  2676(0.3)  3585(0.94)  3586(0.44)  3587(0.51)  3588(0.23)  3589(0.82)  
1211 39(0.52)  41(0.95)  237(0.73)  262(0.07)  1786(0.52)  
1212 184(0.23)  880(0.38)  906(0.85)  1984(0.46)  3590(0.14)  3591(0.31)  3592(0.09)  
1213 499(0.69)  1088(0.27)  1479(0.84)  1876(0.51)  2222(0.86)  3347(0.78)  3593(0.17)  3594(0.79)  
1214 39(0.6)  48(0.59)  205(0.67)  2958(0.53)  3595(0.52)  
1215 38(0.93)  39(0.42)  48(0.44)  371(0.43)  489(0.4)  643(0.6)  806(0.46)  1355(0.73)  1842(0.53)  2983(0.67)  2991(0.24)  3093(0.16)  3274(0.85)  3596(0.65)  
1216 23(0.1)  48(0.36)  1517(0.31)  2245(0.22)  2343(0.33)  3597(0.17)  3598(0.76)  
1217 39(0.52)  379(0.4)  
1218 32(0.57)  39(0.64)  48(0.84)  438(0.72)  676(0.52)  2894(0.36)  3098(0.6)  3599(0.36)  3600(0.17)  
1219 39(0.97)  310(0.35)  740(0.34)  2064(0.37)  
1220 36(0.62)  38(0.95)  39(0.01)  41(0.85)  
1221 32(0.05)  38(0.19)  41(0.61)  574(0.66)  790(0.7)  1938(0.84)  2338(0.58)  2511(0.74)  3601(0.4)  
1222 39(0.13)  48(0.34)  256(0.07)  721(0.36)  794(0.77)  1206(0.52)  
1223 37(0.06)  38(0.73)  39(0.89)  271(0.08)  349(0.15)  
1224 38(0.42)  110(0.96)  449(0.05)  561(0.96)  1153(0.32)  1154(0.71)  1327(0.5)  1385(0.81)  1870(0.59)  
1225 2912(0.1)  3602(0.14)  
1226 39(0.87)  2098(0.71)  3603(0.98)  
1227 38(0.52)  39(0.6)  48(0.1)  55(0.11)  544(0.73)  2124(0.55)  3438(0.06)  3602(0.36)  3604(0.38)  
1228 38(0.95)  110(0.91)  548(0.37)  
1229 32(0.9)  39(0.65)  41(0.08)  48(0.28)  76(0.96)  246(0.93)  270(0.8)  637(1.0)  866(0.51)  1781(0.29)  3516(0.32)  3605(0.2)  3606(0.47)  3607(0.81)  3608(0.27)  3609(0.95)  3610(0.71)  
1230 19(0.01)  39(0.08)  278(0.43)  413(0.91)  1274(0.08)  1410(0.13)  2187(0.49)  3611(0.77)  3612(0.85)  
1231 36(0.99)  38(0.29)  39(0.0)  41(0.3)  48(0.79)  1897(0.18)  2198(0.45)  2344(0.05)  3096(0.19)  3178(0.57)  3613(0.07)  3614(0.58)  
1232 38(0.39)  39(0.98)  41(0.77)  48(0.58)  225(0.21)  281(0.05)  1135(0.82)  1146(0.35)  1344(0.42)  1882(0.78)  3615(0.31)  3616(0.03)  
1233 138(0.65)  251(0.13)  475(0.6)  2457(0.61)  2802(0.21)  3517(0.58)  
1234 1832(0.35)  1892(0.16)  
1235 32(0.31)  38(0.67)  39(0.33)  41(0.54)  103(0.32)  119(0.58)  225(0.09)  271(0.57)  286(0.55)  389(0.13)  508(0.1)  664(0.48)  750(0.1)  1198(0.06)  1243(0.13)  1938(0.48)  2362(0.34)  2477(0.18)  3159(0.93)  3617(0.81)  3618(0.84)  3619(0.9)  
1236 772(0.47)  916(0.62)  
1237 36(0.5)  38(0.41)  40(0.7)  234(0.89)  249(0.36)  505(0.16)  790(0.39)  2058(0.68)  
1238 36(0.86)  38(0.88)  39(0.68)  78(0.96)  438(0.07)  1883(0.05)  
1239 39(0.39)  48(0.67)  338(1.0)  398(0.64)  1002(0.66)  2567(0.72)  2844(0.16)  2965(0.78)  
1240 916(0.99)  2350(0.59)  3212(0.9)  3276(0.08)  3361(0.33)  3620(0.17)  3621(0.86)  3622(0.82)  3623(0.45)  
1241 39(0.17)  41(0.36)  48(0.68)  107(0.15)  279(0.53)  350(0.68)  529(0.03)  548(0.7)  610(0.53)  1294(0.7)  1578(0.55)  3624(0.85)  3625(0.08)  3626(0.18)  
1242 1552(0.8)  3627(0.12)  
1243 41(0.62)  255(0.77)  3062(0.13)  3628(0.85)  
1244 39(0.75)  41(0.13)  48(0.09)  606(0.51)  1094(0.92)  1327(0.83)  2471(0.61)  
1245 41(0.26)  1853(0.67)  2279(0.86)  
1246 48(0.56)  3629(0.46)  
1247 647(0.57)  1034(0.17)  3630(0.76)  3631(0.18)  
1248 39(0.86)  1103(0.46)  1291(0.08)  2091(0.28)  2879(0.17)  3632(0.16)  3633(0.62)  
1249 39(0.57)  41(0.94)  48(0.51)  229(0.58)  764(0.94)  783(0.07)  798(0.67)  1121(0.44)  1372(0.06)  2431(1.0)  2464(0.22)  2505(0.95)  2633(0.65)  2708(0.58)  3279(0.74)  3323(0.67)  3364(0.48)  3428(0.51)  3462(0.98)  3475(0.75)  3634(0.8)  3635(0.35)  3636(0.7)  3637(0.85)  3638(0.36)  3639(0.04)  3640(0.58)  3641(0.98)  
1250 37(0.45)  38(0.88)  48(0.81)  117(0.02)  286(0.92)  1144(0.76)  1938(0.54)  2250(0.11)  2316(0.01)  2457(0.54)  2602(0.66)  3598(0.49)  3642(0.8)  3643(0.97)  3644(0.75)  3645(0.32)  3646(0.72)  3647(0.59)  
1251 438(0.69)  2697(0.97)  3648(0.14)  
1252 32(0.88)  48(0.68)  755(0.86)  1240(0.3)  1516(0.81)  1537(0.15)  1994(0.4)  2189(0.09)  2191(0.78)  2874(0.65)  2958(0.38)  3649(0.87)  
1253 39(0.71)  48(0.57)  174(0.13)  285(0.46)  374(0.49)  396(0.09)  751(0.51)  1353(0.41)  3650(0.66)  3651(0.78)  3652(0.79)  
1254 39(0.69)  41(0.37)  48(0.8)  117(0.37)  260(0.94)  305(0.65)  476(0.03)  894(0.6)  976(0.19)  1249(0.4)  1578(0.06)  1938(0.09)  3148(0.91)  3241(0.68)  3256(0.31)  3258(0.12)  
1255 36(0.1)  38(0.92)  39(0.52)  179(0.98)  301(0.48)  374(0.8)  1814(0.01)  2098(0.36)  3653(0.48)  
1256 38(0.52)  39(0.63)  370(0.84)  
1257 3654(0.77)  
1258 606(0.5)  1552(0.22)  2475(0.62)  3655(0.63)  
1259 3656(0.31)  3657(0.14)  3658(0.39)  
1260 32(0.45)  39(0.65)  48(0.03)  
1261 36(0.33)  38(0.32)  237(0.81)  338(0.98)  913(0.27)  2325(0.26)  2894(0.82)  3659(0.11)  3660(0.28)  
1262 37(0.33)  38(0.94)  823(0.97)  
1263 41(0.64)  250(0.34)  276(0.75)  
1264 270(0.43)  271(0.85)  853(0.3)  1147(0.33)  1233(0.73)  2425(0.37)  3661(0.49)  
1265 38(0.96)  39(0.96)  41(0.42)  55(0.32)  189(0.51)  371(0.41)  1481(0.22)  3549(0.88)  3662(0.79)  3663(0.41)  3664(0.8)  
1266 39(0.31)  41(0.03)  48(0.49)  301(0.48)  349(0.06)  3665(0.12)  
1267 501(0.68)  922(0.01)  2775(0.57)  3310(0.54)  
1268 39(0.72)  211(0.95)  
1269 39(0.6)  41(0.16)  2198(0.51)  2566(0.82)  2728(0.87)  3521(0.49)  3666(0.81)  3667(0.33)  3668(0.17)  
1270 37(0.33)  38(0.15)  237(0.09)  2066(0.67)  
1271 39(0.02)  48(0.15)  
1272 39(0.99)  
1273 39(0.29)  48(0.73)  117(0.92)  352(0.63)  449(0.94)  591(0.3)  695(0.32)  751(0.46)  905(0.1)  976(0.31)  991(0.44)  1249(0.37)  
1274 38(0.54)  42(0.24)  281(0.15)  840(0.94)  1938(0.46)  3005(0.21)  
1275 76(0.23)  98(0.33)  532(0.96)  1716(0.84)  1807(0.65)  1917(0.38)  3669(0.74)  3670(0.59)  3671(0.1)  3672(0.31)  3673(0.14)  3674(0.06)  
1276 38(0.11)  48(0.87)  105(0.42)  246(0.75)  645(0.33)  1393(0.55)  1833(0.92)  3091(0.88)  3675(0.38)  3676(0.11)  3677(0.61)  3678(0.43)  
1277 3679(0.96)  
1278 3680(0.66)  
1279 39(0.3)  48(0.28)  543(0.89)  570(0.77)  848(0.71)  2469(0.15)  3047(0.27)  
1280 15(0.67)  39(0.78)  622(0.91)  677(0.11)  809(0.73)  959(0.96)  1595(0.95)  3681(0.44)  3682(0.36)  3683(0.76)  
1281 271(0.04)  1144(0.51)  1733(0.62)  2440(0.0)  
1282 36(0.94)  39(0.66)  41(0.29)  95(0.76)  96(0.58)  500(0.84)  875(0.5)  1052(0.75)  1264(0.09)  1282(0.44)  1288(0.94)  1360(0.21)  1853(0.48)  1899(0.36)  2310(0.31)  2322(0.85)  2763(0.04)  3614(0.59)  3684(0.63)  
1283 740(0.07)  793(0.72)  1381(0.42)  3416(0.34)  
1284 1853(0.58)  2556(0.76)  
1285 38(0.37)  39(0.92)  48(0.93)  49(0.92)  371(0.77)  539(0.33)  540(0.82)  1223(0.58)  1916(0.51)  2412(0.01)  3261(0.58)  3685(0.61)  3686(0.9)  
1286 32(0.16)  37(0.17)  38(0.28)  39(0.34)  48(0.89)  463(0.2)  1139(0.3)  1148(0.56)  1174(0.27)  1327(0.23)  1352(0.55)  2006(0.28)  2740(0.82)  2776(0.2)  3001(0.43)  3687(0.94)  3688(0.6)  3689(0.07)  3690(0.13)  
1287 39(0.34)  41(0.86)  89(0.22)  
1288 39(0.48)  760(0.4)  909(0.7)  1659(0.84)  
1289 301(0.1)  310(0.0)  381(0.32)  749(0.51)  958(0.98)  1437(0.45)  1824(0.1)  1848(0.54)  1867(0.17)  1999(0.07)  2365(0.79)  2708(0.57)  3691(0.87)  3692(0.13)  3693(0.4)  3694(0.02)  3695(0.82)  3696(0.3)  3697(0.05)  3698(0.07)  3699(0.74)  3700(0.52)  3701(0.57)  3702(0.7)  
1290 12(0.49)  48(0.65)  117(0.22)  237(0.74)  475(0.86)  824(0.52)  856(0.66)  2545(0.02)  2593(0.61)  2983(0.08)  3703(0.28)  
1291 32(0.11)  48(0.81)  208(0.76)  408(0.43)  2065(0.47)  2922(0.01)  3704(0.44)  
1292 9(0.11)  48(0.34)  66(0.73)  94(0.48)  201(0.47)  222(0.1)  338(0.88)  824(0.57)  1096(0.55)  1461(0.55)  1626(0.01)  1680(0.57)  1681(0.93)  1853(0.06)  1859(0.09)  2230(0.93)  2231(0.67)  2344(0.93)  2633(0.32)  2969(0.33)  3334(0.93)  3625(0.44)  3664(0.64)  3705(0.26)  3706(0.95)  3707(0.77)  3708(0.5)  
1293 3057(0.65)  3709(0.77)  3710(0.57)  
1294 127(0.86)  583(0.06)  3711(0.92)  
1295 38(0.95)  48(0.21)  89(0.24)  557(0.7)  623(0.04)  840(0.76)  1552(0.77)  1704(0.9)  3057(0.44)  3712(0.45)  3713(0.35)  
1296 32(0.19)  38(0.97)  39(0.75)  48(0.51)  237(0.54)  371(0.63)  431(0.12)  438(0.36)  570(0.27)  578(0.58)  603(0.51)  713(0.13)  961(0.64)  1067(0.9)  1130(0.44)  2554(0.73)  3714(0.77)  3715(0.33)  
1297 26(0.61)  48(0.17)  107(0.56)  124(0.14)  207(0.91)  237(0.13)  259(0.36)  301(0.4)  381(0.37)  610(0.09)  640(0.76)  703(0.54)  727(0.61)  772(0.39)  812(0.48)  849(0.59)  1052(0.72)  1067(0.66)  1089(0.45)  1121(0.13)  1621(0.98)  2437(0.75)  2492(0.36)  3219(0.2)  3270(0.59)  3369(0.47)  3573(0.5)  3716(0.53)  3717(0.12)  3718(0.98)  3719(0.05)  3720(0.47)  3721(0.35)  3722(0.69)  3723(0.91)  3724(0.54)  3725(0.82)  
1298 39(0.02)  498(0.47)  2404(0.43)  
1299 2(0.89)  1115(0.41)  1119(0.79)  1561(0.91)  1566(0.21)  2747(0.62)  3726(0.21)  3727(0.86)  3728(0.41)  3729(0.39)  3730(0.69)  3731(0.89)  3732(0.79)  
1300 38(0.37)  39(0.49)  41(0.35)  48(0.25)  110(0.91)  165(0.87)  374(0.41)  785(0.89)  824(0.29)  1905(0.48)  2060(0.67)  2958(0.79)  3055(0.32)  3733(0.57)  
1301 41(0.77)  420(0.53)  1349(0.26)  2091(0.09)  2350(0.31)  3734(0.49)  
1302 39(0.96)  41(0.44)  128(0.73)  310(0.16)  334(0.21)  652(0.84)  785(0.46)  2184(0.34)  2201(0.04)  2771(0.55)  3009(0.97)  3735(0.54)  3736(0.63)  
1303 9(0.32)  19(0.85)  39(0.16)  368(0.28)  420(0.29)  1696(0.07)  3195(0.1)  3279(0.8)  3737(0.52)  3738(0.51)  
1304 38(0.26)  806(0.39)  840(0.3)  1578(0.14)  2406(0.62)  
1305 15(0.65)  39(0.58)  41(0.49)  45(0.37)  237(0.75)  287(0.88)  434(0.7)  604(0.01)  755(0.67)  1198(0.51)  1209(0.93)  1479(0.89)  1638(0.54)  
1306 41(0.04)  141(0.04)  340(0.31)  3452(0.4)  3721(0.71)  3739(0.06)  3740(0.09)  
1307 39(0.93)  86(0.28)  1598(0.15)  
1308 39(0.85)  1489(0.67)  3741(0.73)  3742(0.94)  3743(0.6)  3744(0.0)  
1309 32(0.65)  48(0.21)  
1310 39(0.17)  41(0.45)  854(0.9)  3745(0.15)  3746(0.2)  
1311 39(0.87)  41(0.71)  155(0.04)  255(0.07)  3747(0.64)  
1312 38(0.03)  39(0.82)  371(0.18)  1852(0.41)  3748(0.47)  
1313 32(0.54)  48(0.77)  175(0.46)  225(0.18)  936(0.87)  1355(0.83)  3210(0.11)  3450(0.59)  3647(0.41)  3680(0.89)  3708(0.3)  3749(0.43)  
1314 2(0.9)  39(0.05)  41(0.54)  52(0.12)  101(0.95)  195(0.98)  334(0.65)  340(0.78)  403(0.32)  533(0.54)  647(0.66)  681(0.87)  706(0.46)  794(0.37)  931(0.31)  1370(0.89)  1816(0.89)  2118(0.62)  2238(0.18)  2265(0.69)  2286(0.15)  2793(0.05)  2834(0.06)  3750(0.56)  3751(0.47)  3752(0.07)  
1315 123(0.93)  255(0.17)  475(0.85)  3549(0.8)  
1316 32(0.6)  237(0.55)  398(0.06)  533(0.09)  549(0.87)  979(0.35)  1229(0.02)  1842(0.79)  1926(0.92)  2259(0.94)  
1317 39(0.68)  48(0.83)  2188(0.37)  3753(0.45)  
1318 38(0.17)  41(0.88)  110(0.12)  824(0.32)  1727(0.95)  
1319 680(0.31)  3754(0.35)  
1320 39(0.59)  242(0.27)  1966(0.96)  3395(0.59)  3573(0.6)  
1321 32(0.95)  38(0.57)  39(0.04)  48(0.26)  65(0.82)  225(0.27)  351(0.75)  840(0.28)  976(0.09)  2343(0.23)  3347(0.44)  3755(0.85)  3756(0.21)  
1322 9(0.38)  38(0.34)  39(0.6)  48(0.91)  60(0.61)  61(0.21)  89(0.86)  484(0.8)  604(0.06)  651(0.53)  652(0.29)  764(0.81)  791(0.87)  915(0.99)  1051(0.97)  1312(0.46)  1698(0.95)  1831(0.23)  1954(0.12)  2756(0.68)  2786(0.49)  2804(0.48)  3411(0.02)  3495(0.32)  3716(0.49)  3757(0.47)  3758(0.3)  3759(0.0)  3760(0.44)  3761(0.84)  3762(0.59)  3763(0.8)  3764(0.66)  3765(0.16)  3766(0.15)  3767(0.42)  3768(0.15)  
1323 49(0.35)  271(0.15)  338(0.85)  1051(0.2)  1055(0.76)  1228(0.77)  2674(0.53)  2794(0.45)  3368(0.53)  
1324 48(0.12)  164(0.12)  165(0.15)  167(0.31)  677(0.87)  725(0.93)  835(0.12)  1099(0.4)  1191(0.59)  1440(0.17)  1809(0.71)  3412(0.76)  3769(0.06)  3770(0.74)  3771(0.53)  
1325 32(0.78)  38(0.68)  39(0.35)  41(0.0)  48(0.03)  197(0.93)  228(0.77)  269(0.02)  270(0.26)  390(0.53)  533(0.61)  535(0.95)  956(0.2)  970(0.93)  1364(0.71)  1484(0.64)  1591(0.23)  1600(0.08)  1653(0.41)  1980(0.02)  2242(0.94)  2486(0.89)  3309(0.25)  3483(0.04)  3772(0.04)  3773(0.32)  3774(0.63)  3775(0.84)  3776(0.69)  3777(0.42)  3778(0.05)  3779(0.33)  3780(0.14)  3781(0.63)  
1326 31(0.05)  65(0.82)  94(0.11)  249(0.17)  338(0.7)  717(0.35)  873(0.4)  1144(0.99)  1368(0.55)  1468(0.89)  1920(0.36)  2115(0.35)  2444(0.68)  3475(0.66)  3782(0.71)  3783(0.42)  3784(0.8)  3785(0.01)  3786(0.63)  3787(0.94)  3788(0.2)  3789(0.61)  3790(0.69)  3791(0.86)  3792(0.55)  
1327 38(0.62)  39(0.49)  48(0.66)  269(0.42)  371(0.08)  1183(0.15)  2370(0.74)  
1328 39(0.78)  41(0.37)  48(0.73)  310(0.41)  418(0.58)  425(0.09)  522(0.36)  1057(0.75)  2015(0.6)  3793(0.33)  
1329 32(0.94)  48(0.51)  449(0.71)  538(0.21)  1233(0.57)  1867(0.38)  2365(0.3)  2625(0.79)  2634(0.88)  2990(0.12)  3794(0.8)  3795(0.65)  3796(0.68)  
1330 48(0.76)  49(0.65)  670(0.53)  2151(0.55)  3797(0.48)  3798(0.11)  
1331 65(0.07)  168(0.56)  200(0.63)  201(0.81)  208(0.46)  259(0.06)  301(0.18)  337(0.15)  374(0.28)  433(0.48)  550(0.72)  754(0.95)  1013(0.22)  1070(0.54)  1233(0.83)  1395(0.28)  1659(0.57)  1874(0.86)  2053(0.38)  2284(0.0)  2473(0.39)  2505(0.48)  2528(0.68)  2635(0.88)  2662(0.22)  3237(0.41)  3259(0.2)  3799(0.65)  3800(0.86)  
1332 864(0.74)  3801(0.01)  
1333 48(0.8)  592(0.96)  1144(0.3)  3802(0.59)  
1334 19(0.47)  39(0.46)  48(0.59)  89(0.38)  308(0.33)  510(0.81)  592(0.21)  740(0.8)  1035(0.48)  1198(0.56)  1269(0.12)  1379(0.66)  3803(0.61)  3804(0.17)  
1335 32(0.58)  38(0.12)  41(0.63)  237(0.19)  465(0.2)  643(0.0)  899(0.22)  1023(0.91)  1086(0.96)  1285(0.72)  1476(0.21)  1538(0.24)  2915(0.85)  3805(0.49)  3806(0.39)  
1336 39(0.1)  242(0.29)  422(0.76)  617(0.39)  924(0.78)  1292(0.3)  3231(0.74)  3807(0.05)  
1337 39(0.69)  48(0.28)  49(0.28)  65(0.56)  251(0.26)  475(0.2)  1004(0.17)  1524(0.79)  2382(0.01)  2415(0.85)  3458(0.27)  3638(0.82)  3808(0.66)  
1338 626(0.17)  2554(0.57)  3347(0.84)  3680(0.02)  3809(0.82)  
1339 32(0.64)  48(0.52)  396(0.12)  647(0.77)  910(0.07)  1034(0.56)  2819(0.22)  
1340 3810(0.18)  
1341 39(0.63)  
1342 420(0.29)  513(0.0)  1808(0.41)  1874(0.64)  2965(0.44)  3811(0.25)  3812(0.19)  
1343 32(0.13)  161(0.74)  255(0.84)  438(0.24)  681(0.06)  2710(0.14)  3813(0.07)  
1344 39(0.56)  41(0.33)  151(0.48)  178(0.61)  855(0.05)  1390(0.22)  1425(0.16)  
1345 32(0.02)  38(0.18)  39(0.33)  41(0.68)  225(0.47)  464(0.56)  3814(0.3)  
1346 38(0.66)  39(0.31)  189(0.05)  483(0.12)  588(0.23)  817(0.09)  1332(0.29)  1399(0.33)  1516(0.7)  1590(0.74)  2243(0.05)  2614(0.93)  2618(0.38)  3416(0.58)  3815(0.3)  3816(0.78)  3817(0.66)  3818(0.96)  3819(0.74)  3820(0.23)  3821(0.82)  3822(0.08)  3823(0.85)  
1347 39(0.36)  2547(0.92)  3824(0.18)  
1348 38(0.18)  39(0.07)  47(0.25)  48(0.6)  89(0.71)  461(0.34)  974(0.73)  1258(0.69)  1625(0.98)  2885(0.88)  3452(0.39)  
1349 39(0.62)  41(0.14)  171(0.31)  571(0.2)  
1350 39(0.07)  41(0.81)  2714(0.42)  
1351 41(0.2)  3368(0.98)  3465(0.09)  3825(0.84)  
1352 39(0.64)  270(0.15)  271(0.18)  2238(0.79)  
1353 39(0.14)  41(0.41)  349(0.83)  968(0.22)  1057(0.58)  1697(0.14)  1833(0.49)  2506(0.68)  3234(0.82)  3826(0.55)  
1354 39(0.01)  48(0.03)  779(0.81)  1060(0.6)  2958(0.42)  3827(0.62)  3828(0.69)  
1355 32(0.85)  48(0.8)  110(0.59)  271(0.26)  349(0.52)  432(0.9)  976(0.7)  2251(0.63)  2919(0.78)  
1356 38(0.37)  39(0.34)  840(0.99)  1240(0.84)  1344(0.97)  3829(0.29)  3830(0.49)  
1357 41(0.12)  381(0.27)  475(0.47)  2108(0.73)  
1358 274(0.24)  495(0.6)  694(0.36)  1545(0.87)  1841(0.86)  
1359 23(0.44)  65(0.63)  99(0.28)  101(0.82)  770(0.87)  856(0.18)  1808(0.62)  1853(0.27)  2052(0.97)  2208(0.96)  3521(0.42)  3551(0.78)  3831(0.01)  3832(0.29)  3833(0.37)  3834(0.16)  3835(0.79)  
1360 38(0.0)  39(0.07)  41(0.25)  192(0.84)  390(0.54)  735(0.76)  3836(0.15)  
1361 39(0.6)  41(0.1)  48(0.92)  79(0.81)  340(0.79)  1121(0.92)  1679(0.43)  
1362 38(0.27)  39(0.43)  41(0.86)  65(0.3)  390(0.0)  705(0.16)  2543(0.85)  3837(0.23)  
1363 39(0.66)  41(0.41)  48(0.39)  512(0.39)  
1364 32(0.2)  48(0.21)  237(0.31)  277(0.06)  795(0.41)  1043(0.57)  1384(0.26)  1385(0.15)  1870(0.76)  2451(0.19)  3049(0.56)  3195(0.36)  3547(0.51)  3838(0.69)  3839(0.08)  
1365 39(0.68)  49(0.71)  161(0.5)  664(0.59)  725(0.04)  864(0.57)  1070(0.71)  1362(0.76)  2820(0.27)  3194(0.52)  3840(0.51)  3841(0.73)  
1366 32(0.61)  359(0.43)  716(0.24)  1004(0.33)  1293(0.15)  1427(0.4)  
1367 39(0.53)  310(0.8)  488(0.15)  592(0.51)  833(0.11)  1704(0.46)  
1368 48(0.52)  101(1.0)  449(0.11)  690(0.49)  2515(0.51)  3842(0.1)  3843(0.86)  3844(0.17)  
1369 89(0.31)  533(0.57)  589(0.88)  1327(0.55)  2022(0.65)  2176(0.18)  2669(0.58)  2966(0.16)  3102(0.83)  
1370 38(0.17)  39(0.07)  48(0.53)  110(0.48)  310(0.46)  2397(0.91)  2997(0.69)  3845(0.8)  
1371 39(0.7)  48(0.29)  78(0.5)  1251(0.66)  3735(0.79)  3846(0.43)  3847(0.01)  3848(0.2)  
1372 38(0.74)  39(0.15)  41(0.01)  48(0.32)  110(0.87)  278(0.4)  656(0.01)  855(0.97)  
1373 39(0.78)  41(0.87)  92(0.54)  1019(0.38)  1027(0.12)  1051(0.05)  1158(0.02)  1318(0.61)  1683(0.03)  1781(0.34)  1879(0.63)  1981(0.88)  2079(0.53)  2425(0.34)  2625(0.5)  2634(0.99)  2773(0.7)  2776(0.02)  2879(0.5)  3131(0.4)  3206(0.05)  3412(0.25)  3688(0.93)  3849(0.73)  3850(0.53)  
1374 38(0.54)  39(0.4)  41(0.14)  237(0.95)  861(0.04)  1239(0.15)  1849(0.71)  1962(0.13)  2108(0.46)  2464(0.35)  3851(0.97)  3852(0.08)  3853(0.81)  3854(0.1)  
1375 694(0.27)  3855(0.38)  
1376 648(0.96)  1126(0.23)  1182(0.63)  1327(0.37)  2366(0.01)  2820(0.37)  3080(0.14)  3856(0.79)  
1377 39(0.16)  41(0.81)  126(0.15)  3857(0.89)  
1378 39(0.37)  48(0.96)  381(0.37)  502(0.57)  2059(0.18)  2710(0.75)  
1379 39(0.32)  41(0.26)  48(0.16)  91(0.49)  310(0.98)  441(0.43)  805(0.69)  885(0.26)  1138(0.75)  2326(0.12)  2633(0.48)  3858(0.94)  
1380 41(0.6)  48(0.22)  1919(0.82)  1939(0.44)  2343(0.81)  3859(0.8)  3860(0.53)  
1381 52(0.26)  195(0.22)  237(0.43)  265(0.16)  348(0.85)  1876(0.24)  3343(0.94)  3411(0.61)  3510(0.13)  3861(0.23)  3862(0.16)  
1382 1656(0.25)  3863(0.65)  3864(0.04)  
1383 39(0.97)  438(0.23)  
1384 39(0.12)  41(0.78)  374(0.96)  483(0.2)  3530(0.31)  3865(0.96)  3866(0.32)  
1385 39(0.74)  1329(0.48)  1681(0.58)  1985(0.57)  2180(0.63)  3616(0.8)  
1386 39(0.27)  319(0.58)  1806(0.93)  3867(0.49)  
1387 48(0.53)  
1388 664(0.28)  740(0.87)  787(0.19)  1291(0.76)  1314(0.68)  2332(0.7)  3063(0.14)  3075(0.32)  3299(0.72)  3300(0.15)  3447(0.83)  
1389 39(0.15)  48(0.07)  89(0.93)  1963(0.51)  2570(0.19)  3102(0.78)  
1390 38(0.5)  110(0.58)  161(0.56)  163(0.53)  3868(0.34)  
1391 38(0.53)  39(0.91)  89(0.49)  479(0.04)  581(0.25)  855(0.48)  2512(0.04)  2666(0.86)  3259(0.18)  3869(0.87)  3870(0.67)  
1392 39(0.13)  48(0.99)  77(0.8)  150(0.97)  439(0.87)  1327(0.75)  3871(0.17)  3872(0.72)  
1393 48(0.53)  158(0.94)  347(0.41)  451(0.0)  715(0.77)  763(0.61)  1198(0.16)  1789(0.96)  3486(0.5)  3873(0.43)  3874(0.53)  3875(0.39)  
1394 39(0.55)  41(0.19)  48(0.1)  763(0.88)  1746(0.18)  
1395 0(0.21)  9(0.18)  379(0.89)  413(0.46)  475(0.89)  558(0.05)  581(0.88)  880(0.57)  1004(0.39)  1024(0.59)  1327(0.61)  1591(0.96)  1763(0.94)  2131(0.93)  2710(0.3)  2819(0.45)  2967(0.48)  3876(0.78)  3877(0.17)  3878(0.47)  3879(0.73)  3880(0.82)  
1396 38(0.99)  237(0.36)  390(0.4)  1428(0.79)  1683(0.93)  1817(0.65)  1876(0.63)  2709(0.14)  3102(0.15)  3881(0.3)  3882(0.97)  
1397 39(0.66)  41(0.88)  48(0.65)  255(0.69)  278(0.84)  1808(0.06)  
1398 39(0.12)  41(0.94)  48(0.38)  65(0.28)  78(0.64)  89(0.83)  718(0.1)  1063(0.21)  1113(0.8)  1591(0.44)  1748(0.41)  3883(0.13)  3884(0.53)  
1399 48(0.68)  2537(0.49)  3206(0.91)  3885(0.78)  3886(0.06)  3887(0.32)  
1400 39(0.31)  244(0.59)  438(0.62)  
1401 32(0.27)  38(0.16)  39(0.63)  48(0.56)  155(0.24)  357(0.12)  466(0.08)  939(0.14)  983(0.33)  1149(0.06)  1150(0.74)  1317(0.51)  1338(0.11)  1365(0.32)  1989(0.46)  2529(0.83)  2620(0.3)  2830(0.91)  3036(0.51)  3314(0.64)  3396(0.07)  3854(0.53)  3876(0.4)  3888(0.36)  3889(0.19)  3890(0.56)  3891(0.89)  3892(0.12)  3893(0.12)  3894(0.71)  
1402 39(0.32)  1500(0.6)  
1403 39(0.43)  48(0.87)  201(0.72)  279(0.4)  783(0.86)  1004(0.11)  1715(0.04)  2184(0.5)  2399(0.92)  2436(0.91)  2900(0.94)  3043(0.07)  3895(0.84)  3896(0.3)  3897(0.34)  3898(0.51)  3899(0.12)  3900(0.66)  3901(0.25)  
1404 32(0.34)  39(0.11)  48(0.69)  101(0.51)  374(0.85)  789(0.62)  1479(0.22)  3902(0.54)  
1405 39(0.73)  48(0.97)  147(0.26)  237(0.13)  246(0.13)  264(0.01)  338(0.53)  433(0.76)  535(0.95)  1578(0.89)  2621(0.25)  3396(0.31)  3570(0.17)  
1406 38(0.43)  225(0.29)  330(0.55)  368(0.57)  875(0.05)  894(0.35)  1475(0.15)  3903(0.54)  3904(0.43)  
1407 32(0.18)  48(0.0)  438(0.18)  639(0.52)  1969(0.24)  3851(0.98)  
1408 39(0.78)  41(0.42)  48(0.03)  95(0.47)  293(0.5)  1297(0.25)  2103(0.97)  2215(0.31)  
1409 32(0.92)  39(0.01)  41(0.62)  407(0.4)  855(0.62)  896(0.3)  1228(0.05)  2012(0.87)  2304(0.33)  2747(0.32)  3059(0.22)  3493(0.01)  3905(0.35)  3906(0.02)  3907(0.83)  3908(0.23)  3909(0.78)  
1410 89(0.2)  3910(0.38)  
1411 2511(0.67)  3911(0.01)  3912(0.39)  
1412 1081(0.63)  
1413 488(0.11)  1293(0.23)  2127(0.34)  3913(0.2)  
1414 235(0.77)  1203(0.07)  3914(0.41)  
1415 38(0.06)  39(0.06)  41(0.29)  48(0.36)  790(0.63)  1031(0.86)  3102(0.41)  
1416 32(0.97)  36(0.84)  38(0.37)  39(0.87)  1552(0.23)  3192(0.58)  3915(0.87)  
1417 39(0.32)  48(0.38)  155(0.81)  549(0.93)  589(0.24)  1067(0.72)  1128(0.6)  3228(0.42)  3916(0.19)  3917(0.15)  3918(0.45)  
1418 39(0.0)  48(0.99)  3919(0.22)  3920(0.61)  
1419 9(0.65)  39(0.44)  41(0.02)  48(0.13)  586(0.34)  715(0.89)  734(0.01)  855(0.41)  939(0.03)  1681(0.17)  2365(0.93)  2745(0.7)  2802(0.05)  3921(0.83)  3922(0.7)  3923(0.54)  3924(0.07)  3925(0.05)  3926(0.06)  3927(0.97)  
1420 39(0.85)  1233(0.16)  2528(0.73)  3928(0.07)  
1421 39(0.31)  48(0.62)  1232(0.09)  2043(0.86)  3926(0.58)  3929(0.17)  
1422 39(0.56)  48(0.58)  1938(0.08)  2931(0.14)  
1423 1327(0.7)  3072(0.04)  3486(0.88)  
1424 39(0.78)  41(0.01)  48(0.85)  275(0.4)  549(0.62)  783(0.36)  921(0.04)  2293(0.94)  3476(0.9)  3930(0.17)  3931(0.7)  3932(0.73)  
1425 48(0.3)  64(0.17)  123(0.01)  179(0.92)  572(0.02)  1052(0.48)  2445(0.15)  3933(0.04)  3934(0.13)  3935(0.91)  3936(0.51)  
1426 274(0.75)  2046(0.82)  3937(0.1)  3938(0.3)  
1427 38(0.47)  39(0.1)  56(0.14)  536(0.72)  979(0.28)  1393(0.33)  2958(0.44)  3036(0.6)  3939(0.56)  3940(0.89)  3941(0.6)  3942(0.52)  
1428 3943(0.98)  3944(0.46)  
1429 76(0.92)  
1430 58(0.52)  1674(0.68)  2015(0.18)  2212(0.46)  3945(0.59)  
1431 38(0.12)  39(0.82)  41(0.33)  48(0.55)  147(0.15)  255(0.21)  390(0.07)  1012(0.61)  3946(0.14)  3947(0.01)  
1432 856(0.05)  1423(0.13)  1689(0.86)  1856(0.83)  2963(0.0)  3884(0.26)  3948(0.14)  3949(0.98)  3950(0.29)  3951(0.54)  3952(0.53)  
1433 39(0.92)  41(0.13)  1807(0.74)  2364(0.94)  3154(0.84)  3775(0.98)  
1434 38(0.32)  110(0.8)  1393(0.88)  3953(0.63)  
1435 441(0.73)  3028(0.49)  3174(0.39)  3954(0.35)  
1436 48(0.77)  89(0.44)  846(0.24)  3955(0.15)  
1437 38(0.01)  55(0.68)  845(0.07)  986(0.4)  2728(0.06)  2920(0.22)  3956(0.53)  3957(0.88)  3958(0.32)  
1438 36(0.27)  38(0.72)  
1439 39(0.67)  48(0.1)  483(0.17)  957(0.01)  1235(0.62)  3521(0.78)  3959(0.99)  
1440 39(0.62)  41(0.81)  89(0.13)  272(0.33)  402(0.7)  488(0.49)  592(0.57)  1327(0.37)  1421(0.37)  1456(0.78)  1634(0.86)  1803(0.35)  1934(0.12)  2300(0.51)  2943(0.48)  3256(0.67)  3960(0.36)  
1441 32(0.75)  38(0.39)  110(0.64)  
1442 39(0.93)  504(0.23)  1365(0.42)  
1443 39(0.65)  156(0.53)  536(0.74)  1624(0.56)  1715(0.82)  3186(0.12)  3961(0.93)  
1444 39(0.35)  41(0.76)  67(0.11)  402(0.56)  1135(0.44)  3001(0.18)  3962(0.95)  
1445 32(0.47)  39(0.23)  41(0.34)  48(0.02)  156(0.07)  677(0.72)  3159(0.39)  3963(0.69)  3964(0.76)  
1446 32(0.92)  2351(0.97)  3839(0.13)  3965(0.05)  
1447 189(0.64)  1198(0.88)  1327(0.07)  
1448 36(0.5)  38(0.33)  39(0.56)  41(0.72)  48(0.91)  103(0.03)  220(0.69)  237(0.67)  352(0.11)  757(0.82)  1417(0.6)  2199(0.77)  2450(0.98)  2661(0.42)  2793(0.19)  3782(0.19)  3966(0.77)  3967(0.0)  3968(0.5)  3969(0.71)  3970(0.95)  3971(0.71)  
1449 19(0.83)  32(0.52)  292(0.14)  349(0.92)  406(0.07)  615(0.53)  885(0.74)  1066(0.45)  1123(0.76)  1126(0.63)  1409(0.33)  2714(0.34)  2786(0.37)  3553(0.8)  3972(0.98)  3973(0.47)  3974(0.15)  3975(0.06)  
1450 32(0.39)  38(0.9)  39(0.46)  41(0.02)  170(0.83)  286(0.81)  2592(0.57)  
1451 30(0.14)  2479(0.56)  3976(0.9)  
1452 48(0.21)  94(0.25)  1233(0.61)  1715(0.41)  1958(0.31)  2269(0.68)  2633(0.34)  2990(0.36)  2994(0.73)  3924(0.35)  3977(0.3)  
1453 39(0.43)  48(0.26)  94(0.89)  117(0.98)  408(0.53)  418(0.39)  490(0.15)  544(0.89)  976(0.13)  2056(0.84)  2091(0.89)  2694(0.19)  3678(0.62)  3978(0.34)  3979(0.36)  3980(0.39)  
1454 2046(0.47)  
1455 220(0.03)  578(0.9)  813(0.4)  824(0.66)  1329(0.58)  1702(0.1)  2511(0.11)  3598(0.79)  3981(0.07)  3982(0.93)  3983(0.78)  
1456 38(0.45)  39(0.17)  41(0.46)  48(0.76)  147(0.66)  621(0.56)  689(0.34)  866(0.21)  1144(0.91)  1404(0.57)  1529(0.63)  1714(0.4)  2151(0.92)  2458(0.48)  2471(0.25)  2997(0.19)  3103(0.99)  3323(0.78)  3984(0.91)  3985(0.8)  3986(0.76)  
1457 55(0.19)  
1458 32(0.89)  38(0.49)  39(0.75)  48(0.55)  370(0.35)  371(0.37)  373(0.58)  931(0.47)  
1459 32(0.51)  3987(0.09)  
1460 32(0.25)  39(0.24)  48(0.45)  79(0.54)  223(0.99)  232(0.93)  1568(0.53)  2425(0.47)  2540(0.82)  2749(0.95)  3270(0.61)  3988(0.05)  3989(0.7)  3990(0.88)  
1461 32(0.03)  39(0.93)  48(0.11)  186(0.4)  512(0.03)  593(0.41)  719(0.18)  824(0.62)  856(0.73)  1132(0.14)  1311(0.32)  1393(0.56)  1655(0.32)  1866(0.22)  2349(0.37)  2398(0.48)  2843(0.84)  3268(0.32)  3351(0.78)  3419(0.79)  3903(0.43)  3991(0.38)  3992(1.0)  3993(0.71)  3994(0.37)  3995(0.79)  
1462 32(0.59)  39(0.84)  117(0.01)  249(0.22)  976(0.03)  2741(0.53)  
1463 38(0.85)  39(0.42)  48(0.64)  170(0.58)  237(0.3)  1121(0.6)  1274(0.63)  3996(0.59)  3997(0.75)  
1464 123(0.22)  264(0.58)  291(0.66)  1155(0.33)  3998(0.79)  
1465 2374(0.09)  2505(0.54)  
1466 39(0.38)  48(0.8)  1372(0.39)  1578(0.44)  2374(0.12)  3384(0.44)  3638(0.79)  3999(0.23)  
1467 9(0.65)  19(0.58)  39(0.74)  48(0.99)  65(0.44)  189(0.0)  258(0.06)  260(0.03)  266(0.51)  604(0.26)  643(0.74)  780(0.14)  822(0.59)  856(0.51)  878(0.37)  947(0.78)  1123(0.89)  1704(0.04)  1867(0.6)  2075(0.85)  2741(0.65)  2796(0.66)  4000(0.5)  
1468 18(0.51)  32(0.6)  36(0.76)  38(0.41)  39(0.05)  41(0.16)  60(0.06)  94(1.0)  161(0.25)  170(0.64)  229(0.41)  349(0.02)  597(0.77)  801(0.01)  981(0.04)  1024(0.39)  1121(0.97)  1179(0.32)  1327(0.93)  1372(0.83)  1796(0.42)  2374(0.17)  2557(0.85)  2633(0.07)  2694(0.66)  2990(0.58)  3074(0.9)  3308(0.13)  3462(0.07)  3693(0.23)  3966(0.74)  4001(0.4)  4002(0.78)  
1469 35(0.69)  563(0.34)  702(0.24)  852(0.56)  1715(0.56)  1741(0.42)  3708(0.36)  3840(0.17)  3968(0.74)  4003(0.75)  4004(0.71)  
1470 39(0.7)  1008(0.67)  1198(0.01)  1796(0.54)  1917(0.85)  1958(0.81)  2390(0.19)  2440(0.79)  3074(0.2)  4005(0.96)  4006(0.03)  4007(0.72)  4008(0.81)  
1471 38(0.18)  39(0.29)  41(0.07)  48(0.33)  390(0.08)  476(0.65)  1180(0.22)  1194(0.4)  2354(0.2)  2355(0.1)  2867(0.21)  2973(0.1)  
1472 38(0.08)  39(0.42)  48(0.59)  342(0.74)  371(0.59)  1086(0.99)  1198(0.33)  2046(0.25)  2138(0.79)  2673(0.62)  3659(0.91)  4009(0.03)  4010(0.36)  
1473 39(0.68)  48(0.27)  89(0.66)  101(0.37)  189(0.75)  237(0.76)  269(0.08)  279(0.04)  314(0.86)  549(0.46)  961(0.03)  1576(0.73)  2024(0.83)  2080(0.36)  
1474 38(0.19)  371(0.8)  604(0.98)  2749(0.17)  3323(0.49)  3988(0.08)  4011(0.53)  
1475 39(0.75)  1682(0.98)  
1476 39(0.41)  60(0.62)  604(0.12)  721(0.48)  801(0.55)  902(0.49)  2081(0.64)  4012(0.68)  4013(0.21)  
1477 39(0.51)  83(0.47)  479(0.38)  596(0.15)  1143(0.48)  
1478 39(0.88)  48(0.19)  301(0.2)  616(0.04)  1314(0.85)  2353(0.79)  
1479 39(0.92)  592(0.19)  640(0.69)  1578(0.35)  1715(0.8)  1918(0.09)  2200(0.02)  2325(0.75)  2384(0.38)  2473(0.5)  2638(0.59)  2976(0.54)  3840(0.75)  3886(0.54)  4014(0.51)  4015(0.61)  4016(0.48)  
1480 39(0.55)  103(0.79)  137(0.95)  178(0.18)  350(0.51)  420(0.56)  783(0.86)  3684(0.56)  
1481 179(0.73)  596(0.4)  1333(0.59)  1352(0.66)  2239(0.01)  3224(0.32)  4017(0.65)  4018(0.77)  4019(0.7)  
1482 89(0.05)  189(1.0)  793(0.18)  2552(0.85)  4020(0.99)  
1483 32(0.96)  39(0.77)  48(0.9)  89(0.03)  301(0.85)  730(0.54)  812(0.51)  927(0.13)  1011(0.63)  1425(0.37)  2263(0.12)  2515(0.43)  2692(0.5)  2703(0.76)  4021(0.69)  4022(0.88)  4023(0.76)  4024(0.48)  4025(0.78)  
1484 41(0.79)  242(0.25)  593(0.53)  651(0.46)  855(0.18)  2079(0.97)  2694(0.21)  2759(0.94)  3411(0.58)  3462(0.74)  4026(0.83)  4027(0.91)  
1485 32(0.33)  38(0.06)  39(0.72)  44(0.72)  48(0.11)  62(0.38)  518(0.19)  712(0.29)  755(0.26)  790(0.36)  1135(0.27)  1683(0.92)  1809(0.8)  2168(0.42)  2958(0.65)  3048(0.77)  3347(0.84)  4028(0.49)  4029(0.24)  4030(0.04)  
1486 39(0.5)  48(0.14)  79(0.36)  271(0.48)  278(0.18)  604(0.18)  1198(0.35)  2325(0.75)  2537(0.64)  3262(0.76)  3375(0.91)  3547(0.09)  4004(0.52)  4031(0.32)  
1487 32(0.24)  39(0.23)  812(0.86)  
1488 39(0.32)  41(0.53)  48(0.52)  51(0.65)  60(0.47)  102(0.23)  589(0.29)  2657(0.88)  
1489 48(0.17)  103(0.35)  147(0.71)  438(0.03)  3966(0.93)  
1490 32(0.04)  349(0.24)  1499(0.28)  1543(0.42)  2931(0.79)  3195(0.67)  4032(0.01)  4033(0.6)  
1491 6(0.09)  48(0.65)  676(0.33)  677(0.5)  749(0.56)  866(0.34)  1121(0.13)  1183(0.97)  1250(0.68)  1618(0.94)  2118(0.52)  2199(0.03)  2449(0.59)  2466(0.91)  2947(0.71)  2967(0.1)  3715(0.06)  4034(0.6)  4035(0.99)  4036(0.92)  
1492 39(0.57)  147(0.97)  476(0.75)  690(0.82)  706(0.25)  981(0.93)  1796(0.07)  2006(0.15)  2050(0.97)  2633(0.96)  3580(0.09)  4037(0.24)  
1493 41(0.09)  48(0.97)  289(0.86)  708(0.56)  887(0.36)  1239(0.42)  1277(0.06)  2633(0.58)  2815(0.28)  3636(0.29)  4038(0.18)  
1494 270(0.25)  950(0.07)  1391(0.18)  1954(0.04)  2436(0.75)  3735(0.94)  4039(0.39)  4040(0.63)  4041(0.91)  4042(0.91)  
1495 32(0.15)  38(0.17)  39(0.94)  48(0.35)  65(0.48)  371(0.2)  476(0.77)  788(0.95)  929(0.89)  1748(0.88)  2708(0.35)  
1496 39(0.82)  48(0.88)  749(0.13)  1652(0.43)  4043(0.28)  
1497 48(0.26)  304(0.8)  359(0.75)  397(0.18)  449(0.73)  741(0.14)  743(0.74)  864(0.9)  1176(0.65)  1222(0.72)  1568(0.05)  1914(0.12)  2958(0.17)  3159(0.74)  3235(0.39)  3883(0.37)  4044(0.57)  4045(0.57)  
1498 19(0.65)  32(0.11)  352(0.16)  1073(0.02)  1233(0.96)  1765(0.05)  2998(0.69)  3240(0.08)  
1499 9(0.23)  19(0.96)  39(0.48)  48(0.82)  258(0.05)  418(0.46)  475(0.29)  596(0.07)  856(0.83)  1789(0.11)  1899(0.3)  3361(0.82)  4046(0.92)  
1500 21(0.26)  37(0.69)  38(0.63)  39(0.73)  79(0.46)  615(0.77)  730(0.78)  731(0.26)  739(0.35)  1004(0.88)  1393(0.08)  1711(0.33)  1878(0.41)  2159(0.13)  2833(0.93)  3448(0.62)  3520(0.75)  4047(0.93)  4048(0.25)  
1501 1270(0.98)  
1502 39(0.33)  41(0.78)  225(0.86)  260(0.58)  326(0.95)  1082(0.42)  1344(0.96)  1552(0.29)  3779(0.55)  4049(0.43)  4050(0.14)  4051(0.56)  4052(0.02)  4053(0.79)  
1503 18(0.76)  23(0.97)  39(0.49)  41(0.29)  48(0.93)  60(0.33)  94(0.83)  185(0.35)  192(0.77)  352(0.2)  408(0.98)  413(0.7)  604(0.36)  751(0.05)  805(0.19)  1279(0.77)  1372(0.45)  1488(0.96)  2532(0.72)  2971(0.75)  2987(0.26)  4054(0.76)  4055(0.39)  
1504 475(0.89)  1404(0.72)  2033(0.51)  4056(0.57)  
1505 32(0.73)  39(0.31)  250(0.11)  749(0.7)  1738(0.73)  2856(0.57)  3570(0.21)  
1506 39(0.57)  256(0.75)  589(0.61)  783(0.12)  1327(0.81)  1599(0.09)  2256(0.11)  2788(0.59)  4057(0.76)  4058(0.44)  
1507 38(0.98)  39(0.78)  170(0.27)  903(0.88)  1043(0.8)  1463(0.34)  1464(0.81)  
1508 32(0.53)  48(0.77)  151(0.08)  2096(0.82)  3678(0.77)  4059(0.47)  4060(0.81)  
1509 89(0.07)  1469(0.92)  
1510 39(0.36)  48(0.92)  189(0.45)  257(0.56)  604(0.89)  783(0.11)  812(0.46)  947(0.55)  1121(0.04)  1194(0.96)  1349(0.38)  1560(0.91)  2225(0.74)  3459(0.92)  4061(0.92)  4062(0.43)  
1511 789(0.37)  822(0.72)  1446(0.82)  1476(0.99)  1715(0.75)  2284(0.58)  2362(0.02)  2629(0.01)  2633(0.59)  2693(0.72)  2694(0.95)  2890(0.0)  2963(0.74)  2966(0.07)  3102(0.15)  3855(0.65)  4063(0.72)  4064(0.44)  4065(0.1)  4066(0.96)  4067(0.55)  4068(0.02)  4069(0.57)  4070(0.07)  4071(0.17)  4072(0.17)  
1512 38(0.75)  48(0.95)  286(0.02)  433(0.1)  606(0.69)  1610(0.66)  1696(0.35)  1743(0.92)  2029(0.46)  2379(0.66)  2721(0.52)  3065(0.16)  4073(0.3)  4074(0.09)  
1513 32(0.1)  48(0.67)  60(0.28)  189(0.28)  560(0.11)  1961(0.24)  2108(0.56)  3169(0.86)  3270(0.03)  3604(0.17)  3859(0.51)  4075(0.36)  4076(0.03)  
1514 831(0.98)  899(0.23)  2624(0.07)  4026(0.4)  4077(0.45)  
1515 155(0.72)  272(0.36)  604(0.43)  1062(0.43)  1227(0.5)  2186(0.87)  4078(0.17)  
1516 41(0.31)  48(0.9)  185(0.14)  338(0.13)  439(0.03)  991(0.69)  1182(0.17)  2154(0.94)  3279(0.4)  3714(0.79)  4079(0.3)  4080(0.4)  
1517 39(0.28)  48(0.91)  1655(0.03)  2051(0.98)  3161(0.59)  3964(0.04)  4081(0.31)  
1518 37(0.57)  38(0.54)  39(0.75)  48(0.87)  104(0.34)  408(0.91)  910(0.96)  1481(0.15)  3349(0.87)  3774(0.09)  
1519 27(0.77)  32(0.65)  39(0.5)  48(0.24)  150(0.72)  349(0.54)  397(0.87)  413(0.94)  438(0.67)  444(0.28)  468(0.87)  649(0.79)  793(0.83)  1014(0.55)  1260(0.95)  1340(0.53)  1392(0.32)  1535(0.11)  1762(0.28)  1763(0.29)  2154(0.7)  2212(0.28)  2772(0.3)  2894(0.59)  3866(0.29)  4082(0.65)  4083(0.66)  4084(0.83)  4085(0.99)  4086(0.71)  4087(0.34)  4088(0.71)  4089(0.99)  4090(0.42)  4091(0.2)  4092(0.01)  
1520 39(0.51)  48(0.33)  50(0.34)  60(0.88)  137(0.08)  402(0.31)  783(0.21)  916(0.68)  2310(0.77)  2656(0.12)  2847(0.96)  3940(0.06)  
1521 39(0.87)  272(0.62)  301(0.14)  1333(0.95)  
1522 32(0.27)  39(0.23)  48(0.08)  137(0.21)  147(0.2)  229(0.15)  468(0.14)  2633(0.77)  2894(0.3)  3772(0.03)  3945(0.5)  4093(0.32)  4094(0.08)  4095(0.86)  4096(0.24)  4097(0.59)  
1523 413(0.38)  749(0.09)  846(0.49)  1659(0.99)  
1524 39(0.66)  48(0.28)  65(0.02)  543(0.94)  808(0.85)  1027(0.68)  1410(0.03)  
1525 32(0.05)  39(0.26)  48(0.73)  66(0.32)  225(0.75)  812(0.13)  1121(0.4)  4098(0.2)  
1526 438(0.63)  3638(0.42)  
1527 48(0.27)  50(0.7)  117(0.1)  647(0.15)  976(0.83)  1505(0.43)  4099(0.65)  4100(0.45)  
1528 9(0.84)  39(0.23)  48(0.4)  168(0.74)  255(0.45)  318(0.9)  479(0.51)  571(0.09)  628(0.3)  805(0.3)  870(0.62)  1264(0.73)  1596(0.36)  1638(0.19)  1763(0.36)  1842(0.24)  1877(0.41)  1954(0.71)  2327(0.54)  2445(0.67)  2556(0.74)  2635(0.22)  2990(0.93)  3025(0.9)  3682(0.27)  3759(0.74)  3994(0.97)  4015(0.99)  4026(0.96)  4039(0.98)  4051(0.65)  4101(0.31)  4102(0.04)  4103(0.88)  4104(0.25)  4105(0.76)  4106(0.53)  4107(0.6)  4108(0.44)  
1529 438(0.98)  1796(0.37)  2266(0.82)  2362(0.51)  3074(0.65)  3347(0.27)  3463(0.05)  3664(0.48)  4031(0.53)  4107(0.62)  
1530 18(0.89)  19(0.24)  30(0.17)  39(0.08)  41(0.75)  48(0.08)  856(0.89)  1039(0.35)  2910(0.14)  3013(0.01)  3170(0.45)  
1531 39(0.94)  48(0.16)  95(0.52)  101(0.73)  201(0.91)  340(0.12)  345(0.96)  522(0.35)  533(0.25)  651(0.91)  874(0.58)  947(0.23)  1013(0.96)  1349(0.12)  2118(0.34)  2306(0.44)  2907(0.84)  3161(0.44)  3276(0.14)  3437(0.22)  3756(0.05)  3774(0.6)  3979(0.79)  4109(0.43)  4110(0.49)  4111(0.26)  4112(0.6)  4113(0.99)  
1532 38(0.18)  371(0.65)  
1533 39(0.61)  41(0.95)  48(1.0)  765(0.78)  1135(0.86)  1207(0.67)  1277(0.01)  1859(0.26)  1952(0.68)  2741(0.32)  3270(0.31)  4011(0.56)  
1534 48(0.39)  185(0.69)  1699(0.19)  2199(0.59)  2947(0.37)  3458(0.36)  4114(0.08)  4115(0.42)  4116(0.72)  
1535 39(0.59)  1327(0.94)  4117(0.38)  4118(0.23)  
1536 7(0.95)  48(0.01)  65(0.59)  101(0.82)  255(0.41)  279(0.29)  567(0.47)  1417(0.56)  1430(0.29)  2440(0.24)  2633(0.24)  2786(0.79)  3541(0.67)  3867(0.74)  4119(0.79)  
1537 38(0.39)  170(0.82)  1070(0.56)  1568(0.46)  2217(0.93)  2443(0.36)  4120(0.4)  
1538 308(0.14)  309(0.84)  349(0.09)  413(0.12)  1072(0.74)  1079(0.54)  1080(0.19)  1269(0.94)  1342(0.29)  1378(0.41)  1379(0.35)  1380(0.5)  1594(0.4)  1822(0.87)  2434(0.21)  2769(0.95)  3160(0.45)  3724(0.18)  4121(0.06)  4122(0.56)  4123(0.12)  4124(0.88)  4125(0.63)  4126(0.09)  4127(0.78)  
1539 853(0.23)  1189(0.61)  4128(0.71)  
1540 32(0.47)  39(0.8)  179(0.26)  301(0.48)  491(0.96)  1867(0.61)  
1541 39(0.23)  48(0.6)  60(0.03)  272(0.87)  340(0.08)  589(0.83)  1771(0.8)  1911(0.26)  2931(0.29)  3946(0.22)  4129(0.05)  
1542 39(0.72)  2471(0.18)  3638(0.09)  
1543 60(0.58)  79(0.25)  271(0.64)  438(0.74)  479(0.41)  950(0.51)  952(0.2)  1743(0.24)  1997(0.52)  2374(0.63)  4130(0.25)  4131(0.97)  
1544 704(0.11)  1062(0.4)  1145(0.84)  1595(0.66)  1767(0.16)  2511(0.34)  2741(0.52)  2777(0.79)  4132(0.69)  
1545 38(0.49)  39(0.6)  41(0.12)  286(0.84)  4133(0.81)  
1546 255(0.39)  261(0.06)  338(0.91)  1702(0.35)  1783(0.32)  4134(0.57)  4135(0.13)  4136(0.27)  
1547 269(0.04)  1000(0.34)  2140(0.06)  2676(0.86)  4056(0.63)  4137(0.64)  4138(0.92)  
1548 32(0.84)  39(0.29)  48(0.12)  246(0.61)  3272(0.31)  
1549 793(0.85)  1568(0.23)  
1550 4052(0.12)  4139(0.14)  
1551 41(0.87)  48(0.8)  89(0.74)  101(0.1)  201(0.03)  246(0.07)  439(0.14)  674(0.99)  824(0.99)  831(0.22)  1082(0.29)  1099(0.47)  1715(0.57)  1874(0.91)  1930(0.43)  2006(0.6)  2187(0.74)  2239(0.2)  2329(0.82)  2424(0.31)  2800(0.46)  3174(0.23)  3364(0.01)  4140(0.43)  4141(0.43)  4142(0.37)  4143(0.65)  4144(0.06)  
1552 32(0.01)  48(0.25)  1138(0.85)  2384(0.32)  4099(0.55)  
1553 11(0.13)  39(0.54)  41(0.25)  48(0.13)  65(0.83)  339(0.27)  475(0.62)  1144(0.8)  2383(0.11)  4145(0.32)  4146(0.11)  
1554 147(0.8)  229(0.64)  251(0.56)  413(0.33)  464(0.37)  720(0.7)  749(0.35)  973(0.51)  1004(0.96)  1124(0.02)  1287(0.56)  1440(0.62)  1763(0.89)  2168(0.06)  2188(0.92)  2383(0.42)  3185(0.61)  3194(0.59)  3272(0.98)  3307(0.01)  3677(0.2)  4147(0.23)  4148(0.57)  4149(0.55)  
1555 39(0.04)  41(0.38)  48(0.73)  112(0.49)  113(0.77)  662(0.47)  940(0.7)  1841(0.23)  2559(0.37)  3300(0.4)  4026(0.95)  4033(0.05)  4150(0.21)  4151(0.27)  4152(0.11)  4153(0.6)  4154(0.73)  4155(0.83)  
1556 32(0.49)  39(0.28)  41(0.65)  48(0.9)  50(0.56)  514(0.26)  783(0.58)  1684(0.63)  1685(0.47)  1715(0.08)  1752(0.39)  2638(0.96)  3080(0.98)  3323(0.2)  3638(0.82)  3856(0.28)  
1557 39(0.37)  48(0.48)  67(0.94)  94(0.45)  445(0.98)  981(0.57)  1372(0.0)  1796(0.81)  1872(0.79)  3074(0.25)  3662(0.72)  3663(0.61)  3664(0.94)  4013(0.76)  4156(0.66)  
1558 38(0.94)  39(0.19)  41(0.05)  110(0.83)  370(0.13)  
1559 38(0.98)  48(0.81)  50(0.7)  56(0.34)  150(0.1)  161(0.68)  281(0.57)  332(0.7)  381(0.56)  451(0.12)  511(0.93)  806(0.07)  947(0.77)  1234(0.1)  1344(0.6)  2350(0.89)  2537(0.43)  2749(0.59)  3462(0.26)  4157(0.88)  4158(0.77)  
1560 48(0.78)  60(0.18)  604(0.83)  986(0.7)  1123(0.54)  1232(0.08)  1867(0.73)  2815(0.8)  3400(0.49)  3462(0.84)  4026(0.51)  4159(0.98)  
1561 39(0.07)  41(0.02)  48(0.09)  483(0.2)  740(0.04)  1680(0.84)  1681(0.22)  1882(0.66)  1911(0.42)  
1562 32(0.64)  48(0.42)  60(0.01)  522(0.25)  734(0.11)  936(0.42)  937(0.82)  1081(0.14)  1121(0.1)  1323(0.78)  4160(0.69)  4161(0.77)  4162(0.09)  4163(0.44)  4164(0.47)  4165(0.3)  
1563 179(0.39)  301(0.22)  468(0.73)  861(0.56)  1404(0.46)  1618(0.68)  3802(0.9)  4026(0.44)  4166(0.31)  4167(0.1)  
1564 39(0.51)  4168(0.12)  4169(0.24)  
1565 39(0.95)  41(0.08)  48(0.96)  65(0.13)  441(0.73)  1196(0.29)  2297(0.22)  2374(0.29)  
1566 39(0.34)  41(0.19)  48(0.78)  185(0.44)  229(0.85)  299(0.52)  391(0.79)  622(0.8)  660(0.76)  783(0.48)  809(0.94)  849(0.05)  1024(0.92)  1321(0.26)  1557(0.04)  1564(0.51)  1569(0.96)  1722(0.42)  1765(0.61)  2254(0.71)  3442(0.28)  3693(0.04)  4170(0.09)  4171(0.81)  4172(0.34)  4173(0.97)  4174(0.04)  4175(0.2)  4176(0.34)  4177(0.11)  4178(0.6)  
1567 10(0.66)  36(0.06)  38(0.38)  39(0.32)  41(0.05)  48(0.96)  110(0.59)  156(0.14)  329(0.07)  330(0.56)  641(0.29)  1590(0.09)  2164(0.83)  2273(0.14)  2805(0.81)  3242(0.36)  4179(0.88)  4180(0.4)  4181(0.56)  4182(0.88)  
1568 32(0.21)  48(0.46)  
1569 1327(0.74)  
1570 39(0.89)  464(0.55)  2383(0.42)  
1571 209(0.27)  4183(0.5)  
1572 39(0.61)  41(0.53)  48(0.06)  60(0.48)  170(0.5)  536(0.4)  706(0.6)  1054(0.97)  1081(0.75)  1715(0.18)  2117(0.2)  2191(0.82)  2894(0.62)  3270(0.77)  3417(0.56)  3638(0.27)  4184(0.71)  4185(0.94)  4186(0.38)  
1573 604(0.2)  4187(0.8)  
1574 39(0.42)  189(0.46)  2305(0.95)  
1575 39(0.55)  41(0.09)  352(0.6)  860(0.96)  981(0.53)  2269(0.76)  3074(0.4)  3663(0.38)  3664(0.37)  
1576 237(0.98)  589(0.26)  1638(0.12)  2186(0.97)  2411(0.4)  3279(0.69)  3966(0.65)  4123(0.12)  4188(0.06)  
1577 39(0.44)  41(0.99)  48(0.38)  264(0.67)  740(0.52)  1244(0.98)  
1578 189(0.22)  352(0.38)  591(0.05)  1121(0.21)  2813(0.02)  3290(0.18)  4111(0.74)  4189(0.1)  
1579 41(0.23)  179(0.18)  762(0.9)  789(0.33)  856(0.19)  1682(0.76)  2685(0.15)  2792(0.83)  3156(0.69)  4094(0.45)  4190(0.74)  4191(0.8)  4192(0.54)  4193(0.1)  4194(0.34)  4195(0.82)  4196(0.81)  
1580 1408(0.5)  3015(0.89)  
1581 48(0.85)  2714(0.1)  3411(0.4)  4096(0.64)  
1582 83(0.08)  1132(0.09)  1137(0.29)  4197(0.61)  4198(0.6)  
1583 39(0.45)  48(0.91)  237(0.78)  547(0.28)  681(0.24)  2468(0.17)  3270(0.11)  4170(0.22)  4199(0.13)  4200(0.75)  
1584 5(0.76)  486(0.66)  783(0.02)  843(0.64)  918(0.96)  1327(0.59)  1599(0.31)  2118(0.32)  2294(0.68)  2413(0.03)  2801(0.98)  2949(0.66)  2990(0.68)  2994(0.1)  3120(0.32)  3354(0.42)  3641(0.42)  3693(0.77)  3801(0.3)  3921(0.32)  4201(0.13)  4202(0.87)  
1585 39(0.34)  589(0.48)  597(0.69)  3680(0.27)  3827(0.26)  4203(0.2)  
1586 9(0.82)  48(0.13)  189(0.56)  352(0.86)  402(0.12)  445(0.24)  910(0.02)  1052(0.93)  1123(0.01)  1198(0.74)  1295(0.05)  1814(0.52)  2413(0.54)  2441(0.32)  2633(0.57)  2786(0.49)  3047(0.57)  3245(0.03)  4204(0.01)  4205(0.52)  4206(0.94)  4207(0.86)  
1587 38(0.84)  39(0.62)  170(0.78)  2777(0.89)  
1588 38(0.92)  48(0.78)  55(0.43)  476(0.47)  2714(0.23)  4026(0.97)  
1589 476(0.25)  1214(0.87)  1354(0.14)  2749(0.43)  
1590 38(0.84)  110(0.17)  1432(0.21)  
1591 39(0.47)  290(0.49)  374(0.28)  783(0.64)  1013(0.82)  1121(0.19)  1437(0.58)  1708(0.66)  1779(0.32)  2268(0.09)  2714(0.13)  2847(0.62)  
1592 39(0.81)  55(0.09)  110(0.45)  476(0.71)  1783(0.71)  3903(0.94)  4208(0.22)  
1593 3347(0.74)  3548(0.25)  
1594 74(0.11)  101(0.08)  420(0.58)  2050(0.79)  2399(0.95)  2559(0.17)  2623(0.09)  2874(0.71)  3631(0.07)  3840(0.54)  4209(0.05)  
1595 48(0.86)  67(0.26)  68(0.74)  170(0.34)  801(0.19)  1393(0.98)  1489(0.32)  1783(0.48)  1814(0.93)  
1596 32(0.1)  365(0.88)  677(0.59)  772(0.39)  1196(0.57)  1404(0.61)  1867(0.85)  3724(0.84)  
1597 32(0.24)  41(0.46)  271(0.26)  766(0.7)  2250(0.8)  3284(0.3)  3966(0.36)  4204(0.45)  4210(0.45)  4211(0.41)  4212(0.23)  4213(0.16)  
1598 38(0.12)  39(0.07)  41(0.3)  55(0.98)  286(0.65)  1327(0.81)  1905(0.08)  3291(0.56)  4214(0.35)  
1599 48(0.38)  65(0.21)  136(0.27)  549(0.69)  610(0.02)  611(0.24)  913(0.65)  961(0.31)  1715(0.6)  2761(0.2)  3706(0.99)  3800(0.92)  3840(0.01)  4215(0.67)  
1600 1288(0.32)  4216(0.81)  4217(0.43)  
1601 32(0.97)  39(0.81)  846(0.24)  
1602 10(0.88)  32(0.08)  39(0.64)  48(0.32)  1886(0.31)  2383(0.3)  2799(0.37)  4218(0.97)  
1603 39(0.79)  41(0.72)  48(0.82)  310(0.75)  
1604 48(0.95)  3561(0.97)  
1605 5(0.3)  39(0.46)  41(0.47)  413(0.27)  1557(0.9)  2212(0.54)  2417(0.27)  3683(0.55)  
1606 39(0.26)  374(0.75)  425(0.4)  520(0.82)  536(0.92)  704(0.2)  4219(0.07)  4220(0.76)  4221(0.99)  4222(0.62)  4223(0.69)  4224(0.44)  
1607 604(0.55)  1244(0.05)  1768(0.21)  2038(0.2)  2440(0.46)  2988(0.82)  3161(0.42)  3966(0.49)  4225(0.01)  4226(0.3)  
1608 39(0.61)  90(0.94)  449(0.2)  2026(0.49)  3148(0.59)  3291(0.85)  3993(0.1)  
1609 2(0.87)  32(0.4)  39(0.44)  310(0.97)  402(0.29)  438(0.22)  1233(0.97)  4227(0.29)  4228(0.7)  
1610 32(0.46)  39(0.29)  48(0.03)  438(0.96)  824(0.53)  856(0.69)  2274(0.09)  2920(0.83)  3460(0.72)  4229(0.56)  4230(0.57)  
1611 39(0.4)  161(0.5)  604(0.13)  
1612 32(0.11)  90(0.4)  240(0.12)  279(0.81)  758(0.12)  952(0.85)  1062(0.03)  1121(0.86)  1503(0.01)  2106(0.05)  3148(0.2)  3195(0.73)  3294(0.45)  3347(0.8)  3778(0.54)  4231(0.07)  4232(0.97)  
1613 48(0.92)  95(0.31)  4233(0.45)  
1614 36(0.22)  38(0.03)  39(0.0)  243(0.24)  245(0.71)  406(0.06)  470(0.67)  1174(0.65)  2952(0.61)  
1615 39(0.76)  48(0.35)  68(0.99)  
1616 41(0.97)  104(0.95)  749(0.25)  929(0.16)  1540(0.31)  2874(0.16)  3571(0.94)  4149(0.61)  
1617 38(0.39)  170(0.63)  536(0.78)  1199(0.45)  2404(0.45)  2994(0.86)  3549(0.09)  
1618 2654(0.82)  3347(0.15)  
1619 38(0.64)  41(0.22)  47(0.3)  48(0.11)  86(0.21)  861(0.21)  925(0.55)  1327(0.66)  1872(0.61)  
1620 36(0.68)  38(0.18)  41(0.35)  579(0.6)  837(0.63)  1185(0.09)  1308(0.17)  1315(0.23)  1395(0.17)  1497(0.17)  1568(0.2)  2617(0.55)  3167(0.67)  3531(0.88)  4234(0.98)  
1621 39(0.05)  41(0.02)  48(0.86)  147(0.62)  237(0.39)  242(0.22)  255(0.3)  475(0.84)  549(0.7)  739(0.47)  909(0.18)  1043(0.95)  1670(0.27)  3569(0.47)  4235(0.79)  4236(0.16)  
1622 27(0.55)  31(0.44)  269(0.43)  340(0.81)  812(0.25)  887(0.74)  1220(0.79)  1327(0.98)  1588(0.4)  
1623 39(0.88)  48(0.21)  389(0.86)  4024(0.24)  
1624 32(0.22)  39(0.8)  41(0.9)  48(0.62)  186(0.75)  220(0.33)  225(0.02)  270(0.87)  349(0.84)  438(0.85)  478(0.83)  549(0.96)  757(0.62)  772(0.82)  783(0.7)  943(0.76)  1363(0.81)  1423(0.22)  1678(0.17)  1767(0.26)  1870(0.7)  2118(0.25)  2238(0.82)  2250(0.12)  3250(0.68)  3689(0.8)  4237(0.87)  4238(0.83)  4239(0.32)  4240(0.28)  
1625 11(0.01)  39(0.98)  207(0.32)  225(0.51)  247(0.87)  399(0.43)  438(0.32)  589(0.91)  604(0.54)  1312(0.51)  1715(0.35)  3384(0.86)  3730(0.96)  4241(0.74)  4242(0.53)  
1626 2784(0.57)  3754(0.26)  4243(0.88)  
1627 39(0.0)  48(0.46)  127(0.67)  178(0.93)  225(0.62)  365(0.46)  414(0.95)  476(0.88)  2310(0.2)  2694(0.25)  2714(0.65)  2947(0.22)  3019(0.74)  3195(0.44)  4026(0.45)  4244(0.17)  4245(0.63)  
1628 637(0.76)  3234(0.07)  
1629 38(0.85)  39(0.33)  41(0.24)  476(0.72)  825(0.96)  2449(0.51)  2779(0.43)  2832(0.39)  3904(0.43)  4162(0.94)  4246(0.36)  4247(0.97)  4248(0.85)  
1630 139(0.8)  349(0.61)  2424(0.7)  
1631 41(0.29)  48(0.42)  86(0.37)  229(0.04)  681(0.93)  696(0.19)  699(0.82)  855(0.68)  1866(0.35)  3029(0.2)  4249(0.76)  4250(0.11)  
1632 32(0.56)  39(0.93)  41(0.19)  48(0.36)  340(0.36)  1196(0.3)  2199(0.42)  2501(0.44)  
1633 39(0.0)  48(0.81)  
1634 407(0.22)  440(0.43)  733(0.8)  799(0.22)  924(0.5)  973(0.85)  1027(0.9)  1085(0.12)  1086(0.96)  1199(0.24)  1659(0.34)  1661(0.65)  1766(0.05)  1779(0.88)  2820(0.83)  2947(0.88)  2996(0.54)  3028(0.8)  3383(0.15)  4056(0.33)  4113(0.46)  4251(0.06)  
1635 38(0.85)  41(0.3)  48(0.59)  286(0.99)  1372(0.52)  3268(0.77)  4252(0.22)  
1636 39(0.57)  60(0.21)  1659(0.84)  2225(0.66)  3837(0.23)  4099(0.46)  4127(0.31)  4188(0.96)  
1637 32(0.3)  38(0.67)  39(0.55)  41(0.13)  48(0.84)  56(0.57)  79(0.95)  340(0.97)  846(0.96)  1282(0.32)  1425(0.95)  3276(0.83)  
1638 39(0.11)  45(0.42)  48(0.24)  59(0.42)  108(0.74)  123(0.77)  458(0.01)  491(0.95)  533(0.18)  548(0.77)  570(0.55)  659(0.33)  878(0.3)  896(0.97)  988(0.94)  989(0.13)  1049(0.99)  1067(0.96)  2039(0.44)  2884(0.12)  3314(0.42)  3493(0.5)  3996(0.24)  4245(0.3)  4253(0.38)  4254(0.6)  
1639 38(0.3)  39(0.34)  48(0.42)  225(0.56)  536(0.73)  604(0.02)  1214(0.25)  1327(0.68)  3005(0.13)  4111(0.43)  
1640 39(0.41)  48(0.42)  94(0.51)  567(0.43)  976(0.82)  1121(0.4)  1956(0.14)  2355(0.68)  3486(0.31)  4221(0.07)  4255(0.33)  
1641 39(0.85)  846(0.18)  2065(0.75)  4256(0.94)  4257(0.51)  
1642 338(0.2)  539(0.57)  824(0.01)  4258(0.86)  
1643 48(0.42)  49(0.58)  4256(0.84)  4259(0.39)  4260(0.72)  
1644 48(0.41)  189(0.5)  1233(0.78)  2002(0.85)  2355(0.86)  3486(0.89)  4261(0.27)  4262(0.76)  4263(0.29)  
1645 0(0.81)  5(0.65)  32(0.51)  39(0.61)  41(0.03)  48(0.5)  101(0.95)  225(0.35)  513(0.94)  514(0.77)  616(0.43)  845(0.54)  911(0.9)  1013(0.97)  1082(0.72)  1314(0.67)  1768(0.42)  1854(0.65)  1976(0.76)  2238(0.48)  2879(0.72)  2897(0.61)  3000(0.07)  4143(0.42)  4264(0.14)  4265(0.41)  4266(0.04)  4267(0.88)  4268(0.98)  
1646 66(0.59)  94(0.66)  123(0.93)  476(0.72)  570(0.82)  1113(0.28)  1859(0.66)  1872(0.49)  2413(0.88)  2694(0.43)  2856(0.42)  3735(0.1)  3848(0.92)  3867(0.34)  4096(0.98)  4269(0.28)  
1647 30(0.78)  39(0.35)  571(0.95)  995(0.93)  1194(0.07)  4270(0.57)  4271(0.62)  
1648 11(0.14)  48(0.86)  60(0.5)  408(0.58)  652(0.16)  704(0.7)  823(0.26)  1283(0.43)  1624(0.22)  2141(0.41)  2440(0.64)  2709(0.49)  2836(0.6)  3510(0.21)  3577(0.62)  4272(0.11)  4273(0.66)  4274(0.02)  4275(0.95)  4276(0.47)  
1649 39(0.45)  284(0.06)  379(0.66)  776(0.76)  947(0.14)  2227(0.6)  4277(0.67)  4278(0.03)  
1650 39(0.09)  48(0.59)  111(0.41)  853(0.75)  3594(0.22)  4279(0.63)  
1651 39(0.32)  41(0.84)  89(0.23)  175(0.36)  589(0.13)  681(0.96)  912(0.38)  1242(0.87)  
1652 31(0.01)  48(0.52)  381(0.75)  493(0.91)  684(0.49)  812(0.26)  1616(0.24)  1701(0.67)  1715(0.66)  1872(0.35)  2117(0.71)  2365(0.8)  2710(0.4)  2833(0.55)  2992(0.53)  3006(0.4)  3291(0.76)  3548(0.78)  3583(0.04)  4280(0.24)  4281(0.45)  4282(0.16)  
1653 32(0.59)  48(0.28)  952(0.44)  1479(0.93)  2250(0.23)  3633(0.26)  4283(0.47)  4284(0.65)  
1654 39(0.48)  275(0.41)  310(0.97)  2021(0.09)  4027(0.86)  4285(0.64)  4286(0.44)  
1655 18(0.02)  32(0.85)  39(0.77)  143(0.0)  293(0.95)  652(0.25)  749(0.36)  1293(0.35)  1803(0.88)  2628(0.46)  2793(0.91)  2943(0.1)  2994(0.86)  3547(0.35)  3735(0.11)  4036(0.7)  4060(0.0)  4287(0.46)  4288(0.85)  4289(0.81)  
1656 36(0.03)  38(0.3)  110(0.53)  4290(0.76)  4291(0.91)  
1657 39(0.56)  48(0.86)  60(0.56)  3043(0.82)  
1658 525(0.23)  861(0.14)  1253(0.54)  1625(0.94)  2418(0.95)  2550(0.19)  2559(0.89)  2847(0.12)  2990(0.68)  2998(0.03)  3735(0.23)  3917(0.79)  3977(0.99)  4035(0.58)  4292(0.73)  
1659 21(0.58)  41(0.48)  45(0.73)  48(0.32)  165(0.56)  167(0.28)  424(0.21)  548(0.66)  682(0.97)  798(0.96)  1704(0.64)  2161(0.59)  2603(0.55)  2741(0.82)  2785(0.48)  
1660 39(0.63)  282(0.4)  1129(0.48)  1327(0.92)  1833(0.29)  2984(0.83)  3215(0.33)  3316(0.63)  4144(0.87)  4225(0.85)  4293(0.5)  
1661 117(0.63)  976(0.18)  4115(0.81)  4294(0.83)  4295(0.94)  
1662 48(0.34)  95(0.03)  379(0.72)  783(0.32)  3884(0.69)  
1663 48(0.76)  58(0.63)  508(0.01)  772(0.02)  1091(0.24)  1360(0.72)  1486(0.95)  1772(0.95)  2876(0.11)  3619(0.99)  4296(0.21)  4297(0.03)  
1664 39(0.89)  48(0.19)  539(0.8)  677(0.27)  991(0.84)  1072(0.5)  1214(0.94)  1536(0.47)  
1665 32(0.24)  38(0.87)  39(0.68)  48(0.23)  101(0.13)  185(0.25)  319(0.49)  320(0.07)  371(0.49)  558(0.56)  763(0.07)  984(0.99)  1994(0.29)  2604(0.23)  2623(0.99)  3314(0.64)  4298(0.56)  4299(0.09)  4300(0.11)  
1666 15(0.41)  39(0.47)  41(0.89)  48(0.26)  86(0.92)  116(0.63)  176(0.83)  200(0.44)  807(0.04)  1282(0.14)  1294(0.84)  1368(0.47)  1372(0.26)  1689(0.49)  2250(0.1)  2886(0.57)  3172(0.72)  3291(0.33)  4038(0.7)  
1667 258(0.84)  604(0.35)  1741(0.3)  3507(0.28)  
1668 41(0.57)  374(0.93)  420(0.39)  771(0.59)  1585(0.71)  1842(0.61)  2201(0.66)  2430(0.81)  2561(0.58)  
1669 39(0.63)  139(0.18)  1041(0.61)  1327(0.07)  1540(0.4)  2092(0.28)  2593(0.86)  2714(0.36)  3548(0.63)  3827(0.14)  
1670 39(0.42)  48(1.0)  438(0.49)  910(0.03)  1404(0.89)  2973(0.72)  
1671 189(0.76)  626(0.39)  2894(0.2)  3638(0.91)  
1672 32(0.64)  301(0.88)  1198(0.85)  2058(0.55)  3317(0.09)  3754(0.75)  4301(0.28)  
1673 32(0.44)  
1674 39(0.64)  41(0.19)  272(0.35)  301(0.3)  402(0.22)  1145(0.25)  1184(0.82)  1361(0.37)  1433(0.45)  2443(0.02)  3121(0.77)  
1675 36(0.16)  38(0.02)  150(0.03)  170(0.73)  310(0.42)  1344(0.1)  1845(0.64)  1986(0.33)  3799(0.39)  4302(0.7)  4303(0.74)  
1676 48(0.92)  250(0.23)  970(0.25)  3276(0.37)  4304(0.16)  
1677 48(0.39)  2117(0.88)  
1678 32(0.08)  36(0.78)  38(0.52)  48(0.46)  56(0.34)  677(0.91)  681(0.13)  1044(0.57)  2782(0.8)  3759(0.96)  
1679 32(0.29)  39(0.68)  41(0.72)  62(0.48)  65(0.34)  408(0.28)  548(0.81)  563(0.05)  695(0.38)  704(0.5)  910(0.65)  939(0.24)  956(0.78)  1242(0.54)  1600(0.92)  1704(0.0)  2147(0.52)  2423(0.62)  2990(0.91)  3117(0.86)  3412(0.24)  3487(0.34)  3735(0.01)  4305(0.19)  4306(0.8)  4307(0.15)  4308(0.45)  4309(0.26)  4310(0.18)  
1680 38(0.7)  39(0.69)  110(0.26)  478(0.24)  840(0.45)  1126(0.35)  1600(0.68)  2344(0.2)  2624(0.77)  2749(0.76)  
1681 41(0.61)  48(0.55)  270(0.36)  837(0.52)  1144(0.84)  1566(0.71)  1853(0.89)  2297(0.6)  2354(0.29)  3599(0.12)  3696(0.1)  3724(0.29)  
1682 39(0.36)  48(0.62)  
1683 38(0.16)  39(0.02)  48(0.63)  105(0.03)  184(0.7)  222(0.46)  675(0.38)  1733(0.44)  3573(0.34)  4000(0.62)  
1684 2(0.79)  39(0.67)  48(0.3)  89(0.28)  420(0.61)  506(0.04)  970(0.56)  3541(0.2)  4302(0.22)  
1685 32(0.58)  39(0.94)  41(0.81)  48(0.41)  91(0.88)  308(0.63)  309(0.14)  345(0.1)  352(0.86)  385(0.14)  479(0.05)  498(0.9)  542(0.82)  1080(0.44)  1229(0.92)  1269(0.65)  1344(0.66)  1378(0.85)  1379(0.54)  1380(0.14)  1738(0.12)  1778(0.18)  2267(0.31)  2408(0.73)  2464(0.84)  2503(0.93)  3010(0.05)  3461(0.29)  3641(0.02)  4257(0.95)  4278(0.32)  4311(0.51)  4312(0.94)  4313(0.06)  4314(0.17)  4315(0.48)  4316(0.9)  4317(0.12)  
1686 39(0.5)  41(0.05)  189(0.03)  1327(0.48)  1789(0.4)  2344(0.39)  4099(0.27)  
1687 738(0.89)  2219(0.78)  2519(0.82)  2559(0.61)  4245(0.44)  4318(0.47)  4319(0.93)  
1688 39(0.98)  185(0.12)  643(0.06)  1124(0.75)  1132(0.53)  1715(0.76)  1809(0.29)  3966(0.71)  3992(0.18)  4198(0.66)  
1689 264(0.98)  1132(0.71)  3013(0.61)  3793(0.42)  4197(0.61)  4320(0.49)  
1690 39(0.66)  1697(0.18)  1923(0.87)  2233(0.8)  2519(0.91)  2564(0.28)  2673(0.41)  2893(0.0)  3735(0.88)  4321(0.55)  4322(0.28)  
1691 38(0.97)  41(0.83)  133(0.34)  249(0.39)  370(0.28)  1144(0.2)  1214(0.72)  1344(0.47)  2523(0.63)  3987(0.2)  4323(0.41)  4324(0.81)  
1692 62(0.54)  96(0.63)  557(0.45)  749(0.3)  1004(0.35)  1016(0.3)  1017(0.56)  1139(0.29)  1517(0.51)  2780(0.99)  3488(0.17)  4010(0.89)  4113(0.88)  4325(0.91)  4326(0.38)  4327(0.51)  4328(0.47)  
1693 39(0.58)  41(0.3)  
1694 32(0.76)  39(0.15)  1034(0.58)  1121(0.02)  1391(0.86)  2164(0.6)  4329(0.3)  4330(0.28)  
1695 32(0.41)  39(0.82)  48(0.34)  636(0.06)  1731(0.44)  3900(0.68)  
1696 39(0.82)  145(0.97)  1469(0.39)  2613(0.66)  
1697 23(0.66)  604(0.18)  1327(0.11)  2286(0.53)  3015(0.75)  4331(0.77)  4332(0.83)  4333(0.99)  4334(0.98)  
1698 24(0.7)  31(0.94)  32(0.24)  39(0.39)  41(0.58)  48(0.09)  94(0.27)  189(0.38)  310(0.44)  334(0.74)  640(0.37)  783(0.77)  795(0.36)  812(0.1)  915(0.9)  1473(0.25)  1593(0.02)  1715(0.26)  1740(0.38)  1814(0.27)  1818(0.62)  1819(0.53)  1956(0.4)  1972(0.17)  2064(0.82)  2164(0.02)  2284(0.78)  2550(0.9)  2694(0.2)  2815(0.11)  2883(0.61)  3311(0.91)  3411(0.25)  3677(0.79)  3980(0.69)  4105(0.42)  4195(0.92)  4285(0.58)  4335(0.95)  4336(0.51)  4337(0.01)  4338(0.29)  4339(0.06)  4340(0.48)  
1699 39(0.75)  48(0.39)  604(0.45)  3981(0.55)  
1700 39(0.95)  41(0.74)  604(0.27)  846(0.16)  1121(0.63)  1598(0.28)  
1701 39(0.79)  48(0.36)  60(0.75)  95(0.61)  118(0.96)  189(0.61)  418(0.57)  486(0.51)  943(0.1)  1013(0.28)  1525(0.58)  1597(0.6)  1715(0.98)  1787(0.48)  1972(0.82)  2772(0.31)  3160(0.41)  4341(0.74)  4342(0.13)  4343(0.53)  
1702 39(0.6)  227(0.58)  4344(0.39)  
1703 32(0.04)  48(0.42)  4013(0.29)  4156(0.36)  4345(0.34)  
1704 10(0.3)  595(0.75)  1715(0.13)  
1705 299(0.29)  331(0.03)  332(0.05)  448(0.92)  528(0.29)  749(0.04)  984(0.9)  1056(0.65)  1227(0.8)  3411(0.15)  3462(0.99)  4002(0.72)  4026(0.96)  4286(0.05)  4346(0.9)  4347(0.82)  4348(0.33)  4349(0.75)  4350(0.48)  4351(0.67)  4352(0.72)  4353(0.03)  4354(0.1)  
1706 48(0.27)  1715(0.14)  1886(0.03)  3074(0.3)  3411(0.32)  4002(0.46)  4345(0.0)  
1707 32(0.24)  38(0.44)  41(0.23)  65(0.19)  170(0.69)  2238(0.72)  2392(0.89)  2624(0.11)  2638(0.36)  3047(0.89)  3671(0.94)  4355(0.98)  4356(0.14)  
1708 67(0.61)  68(0.89)  135(0.87)  325(0.34)  690(0.51)  762(0.01)  861(0.02)  1859(0.72)  2893(0.24)  3319(0.76)  3412(0.72)  4106(0.12)  4238(0.89)  4357(0.51)  4358(0.82)  4359(0.03)  
1709 15(0.46)  32(0.79)  38(0.26)  39(0.01)  41(0.19)  170(0.61)  589(0.21)  2254(0.74)  2284(0.97)  4360(0.61)  4361(0.46)  
1710 32(0.13)  39(0.05)  51(0.56)  60(0.76)  297(0.44)  383(0.29)  544(0.5)  639(0.01)  877(0.28)  1715(0.13)  1787(0.11)  2233(0.79)  2895(0.4)  3189(0.62)  4362(0.57)  
1711 2(0.3)  11(0.6)  39(0.19)  48(0.24)  479(0.3)  1327(0.54)  2840(0.53)  
1712 32(0.19)  41(0.6)  660(0.68)  1307(0.12)  2990(0.5)  3735(0.59)  3977(0.39)  
1713 9(0.71)  48(0.71)  185(0.65)  232(0.5)  310(0.68)  1668(0.12)  1739(0.67)  1763(0.87)  2164(0.94)  2958(0.11)  3848(0.98)  4363(0.46)  
1714 38(0.48)  39(0.53)  41(0.89)  1529(0.65)  1715(0.2)  2325(0.28)  2976(0.88)  
1715 39(0.18)  48(0.27)  117(0.22)  168(0.42)  254(0.26)  592(0.87)  597(0.32)  2134(0.22)  2353(0.77)  2669(0.67)  2855(0.44)  4064(0.46)  4364(0.74)  4365(0.46)  
1716 38(0.25)  41(0.56)  110(0.28)  424(0.68)  
1717 36(0.52)  38(0.58)  39(0.43)  41(0.68)  260(0.6)  677(0.84)  3966(0.54)  4366(0.33)  
1718 39(0.68)  41(0.58)  959(0.14)  1569(0.01)  1578(0.3)  2182(0.33)  
1719 36(0.81)  38(0.87)  39(0.13)  48(0.46)  201(0.76)  211(0.55)  249(0.36)  490(0.06)  500(0.74)  785(0.81)  899(0.4)  2642(0.59)  3998(0.4)  4367(0.4)  4368(0.16)  4369(0.08)  4370(0.86)  
1720 39(0.39)  41(0.12)  48(0.4)  201(0.02)  269(0.52)  285(0.68)  426(0.08)  434(0.45)  465(0.7)  723(0.32)  1393(0.63)  1484(0.25)  1685(0.15)  1859(0.09)  2795(0.25)  3080(0.12)  3179(0.39)  3316(0.29)  3615(0.61)  3715(0.6)  4260(0.19)  4371(0.88)  4372(0.36)  4373(0.76)  4374(0.38)  4375(0.68)  4376(0.43)  4377(0.28)  4378(0.06)  4379(0.81)  4380(0.69)  
1721 39(0.89)  365(0.26)  2225(0.65)  4381(0.97)  4382(0.4)  
1722 32(0.94)  48(0.46)  310(0.12)  
1723 89(0.18)  1131(0.99)  2775(0.71)  4131(0.25)  4383(0.7)  
1724 39(0.17)  161(0.02)  598(0.67)  1143(0.9)  
1725 703(0.42)  1121(0.99)  4384(0.18)  
1726 39(0.42)  645(0.34)  1393(0.77)  
1727 39(0.55)  48(0.32)  260(0.21)  522(0.63)  1113(0.07)  1174(0.51)  2822(0.53)  3604(0.93)  4385(0.93)  
1728 48(0.11)  60(0.24)  246(0.35)  301(0.88)  592(0.38)  684(0.1)  696(0.8)  1312(0.87)  1713(0.22)  1914(0.01)  3195(0.78)  
1729 11(0.84)  30(0.21)  39(0.12)  41(1.0)  65(0.59)  89(0.59)  96(0.51)  352(0.33)  475(0.22)  1019(0.53)  1557(0.22)  1748(0.62)  1899(0.72)  2025(0.83)  3077(0.65)  3686(0.26)  3766(0.23)  3939(0.75)  4386(0.19)  4387(0.31)  4388(0.1)  
1730 38(0.43)  39(0.79)  48(0.32)  105(0.26)  271(0.11)  2238(0.05)  
1731 39(0.49)  48(0.36)  220(0.78)  237(0.33)  365(0.72)  402(0.4)  1121(0.82)  1579(0.47)  3966(0.06)  4389(0.51)  
1732 39(0.01)  41(0.57)  48(0.11)  147(0.0)  389(0.97)  592(0.7)  774(0.19)  1628(0.79)  2281(0.3)  
1733 1034(0.91)  1337(0.98)  1344(0.2)  2225(0.16)  4353(0.11)  4390(0.12)  
1734 39(0.62)  48(0.68)  60(0.56)  94(0.03)  749(0.48)  869(0.16)  981(0.74)  1146(0.24)  1372(0.06)  1796(0.97)  1958(0.89)  
1735 60(0.68)  110(0.97)  237(0.12)  420(0.31)  2091(0.61)  
1736 2784(0.14)  4391(0.1)  
1737 30(0.05)  39(0.24)  129(0.17)  1019(0.94)  1791(0.04)  2375(0.28)  2395(0.43)  2505(0.21)  3503(0.53)  4392(1.0)  4393(0.47)  4394(0.24)  
1738 38(0.51)  39(0.49)  50(0.5)  95(0.63)  105(0.13)  111(0.58)  185(0.02)  270(0.62)  438(0.88)  547(0.77)  549(0.02)  1126(0.49)  1448(0.34)  1593(0.82)  1744(0.18)  2004(0.46)  2555(0.79)  2638(0.64)  2749(0.75)  3279(0.45)  3866(0.88)  4395(0.97)  4396(0.78)  
1739 32(0.99)  38(1.0)  110(0.5)  
1740 31(0.77)  38(0.58)  39(0.92)  41(0.34)  170(0.43)  310(0.26)  342(0.63)  410(0.93)  420(0.7)  597(0.0)  751(0.93)  956(0.33)  1756(0.23)  2110(0.83)  2822(0.7)  3952(0.91)  4323(0.9)  4397(0.0)  4398(0.8)  4399(0.97)  4400(0.39)  4401(0.21)  
1741 475(0.98)  846(0.74)  1066(0.59)  1571(0.27)  2071(0.02)  2866(0.07)  
1742 48(0.57)  
1743 41(0.31)  48(0.48)  438(0.93)  
1744 39(0.78)  259(0.71)  310(0.65)  4278(0.38)  4402(0.86)  
1745 39(0.52)  475(0.26)  1578(0.69)  3226(0.53)  3250(0.17)  3384(0.67)  
1746 39(0.39)  48(0.23)  1596(0.64)  
1747 136(0.22)  740(0.12)  822(0.32)  1083(0.15)  2242(0.82)  2836(0.66)  2930(0.52)  2942(0.45)  3070(0.54)  3531(0.7)  4403(0.16)  
1748 48(0.72)  156(0.21)  789(0.96)  1121(0.81)  1776(0.03)  2919(0.54)  3598(0.87)  4404(0.19)  
1749 39(0.47)  225(0.03)  1131(0.53)  1214(0.3)  1659(0.07)  1951(0.5)  4405(0.56)  4406(0.19)  
1750 32(0.42)  39(0.23)  95(0.01)  107(0.68)  108(0.02)  379(0.24)  760(0.93)  772(0.64)  961(0.62)  1135(0.87)  2998(0.38)  3060(0.61)  3088(0.91)  3966(0.29)  4407(0.05)  4408(0.83)  
1751 32(0.72)  39(0.85)  41(0.55)  1018(0.04)  1034(0.72)  2541(0.29)  3223(0.7)  4409(0.98)  
1752 32(0.89)  39(0.23)  41(0.86)  48(0.01)  102(0.82)  157(0.63)  270(0.27)  383(0.56)  475(0.22)  522(0.06)  591(0.49)  592(0.35)  677(0.3)  1000(0.93)  1004(0.49)  1234(0.14)  1629(0.32)  2080(0.64)  2109(0.29)  2329(0.95)  2354(0.12)  2355(0.78)  2490(0.25)  2573(0.13)  3008(0.27)  3113(0.63)  3293(0.66)  4410(0.22)  4411(0.96)  
1753 32(0.44)  39(0.27)  48(0.94)  
1754 32(0.38)  39(0.81)  213(0.41)  
1755 32(0.99)  38(0.42)  48(0.27)  242(0.99)  536(0.3)  734(0.3)  840(0.41)  1046(0.2)  1121(0.91)  1191(0.63)  1220(0.9)  1343(0.17)  1498(0.85)  1535(0.38)  1767(0.27)  2110(0.3)  2225(0.91)  2383(0.37)  4030(0.68)  4169(0.52)  4394(0.74)  4412(0.45)  4413(0.41)  4414(0.44)  4415(0.94)  
1756 38(0.63)  257(0.99)  2515(0.65)  2516(0.79)  3026(0.52)  3097(0.0)  4416(0.43)  4417(0.34)  4418(0.58)  
1757 39(0.57)  48(0.87)  101(0.53)  475(0.79)  824(0.04)  846(0.06)  1214(0.01)  1295(0.04)  1796(0.16)  2749(0.92)  2902(0.96)  3411(0.77)  4419(0.64)  4420(0.78)  
1758 39(0.93)  1671(0.22)  1796(0.34)  3462(0.99)  3886(0.97)  4421(0.98)  
1759 39(0.28)  79(0.68)  115(0.1)  186(0.0)  351(0.78)  511(0.87)  1026(0.93)  1577(0.74)  1934(0.39)  2014(0.89)  2114(1.0)  2432(0.53)  4249(0.44)  4422(0.53)  
1760 39(0.13)  79(0.09)  690(0.21)  2413(0.77)  2907(0.69)  3392(0.93)  4393(0.29)  4423(0.94)  4424(0.67)  4425(0.8)  
1761 39(0.3)  48(0.32)  465(0.48)  479(0.21)  749(0.09)  783(0.69)  2187(0.61)  
1762 38(0.5)  170(0.69)  1214(0.09)  4426(0.36)  
1763 32(0.73)  38(0.12)  39(0.4)  48(0.7)  1344(0.17)  1393(0.07)  1404(0.87)  1593(0.82)  1727(0.72)  1947(0.37)  2384(0.07)  3854(0.89)  4047(0.2)  4130(0.06)  4427(0.32)  4428(0.27)  
1764 39(0.01)  48(0.09)  749(0.91)  1015(0.62)  1568(0.94)  1624(0.23)  2374(0.9)  4113(0.9)  4429(0.46)  4430(0.68)  4431(0.39)  4432(0.77)  
1765 39(0.54)  48(0.55)  209(0.88)  310(0.1)  3102(0.6)  
1766 32(0.89)  38(0.47)  39(0.9)  170(0.58)  175(0.67)  270(0.7)  548(0.22)  790(0.77)  1683(0.49)  4433(0.98)  
1767 32(0.06)  39(0.9)  41(0.26)  48(0.52)  147(0.04)  237(0.06)  694(0.88)  1048(0.51)  1055(0.33)  1135(0.22)  1145(0.67)  1436(0.54)  1552(0.56)  1696(0.05)  1741(0.16)  2058(0.23)  2106(0.05)  2539(0.42)  3565(0.55)  4434(0.85)  
1768 32(0.54)  39(0.18)  48(0.32)  160(0.64)  592(0.43)  910(0.73)  930(0.38)  1669(0.89)  1996(0.82)  3783(0.95)  4435(0.75)  
1769 32(1.0)  38(0.28)  39(0.23)  170(0.45)  225(0.67)  
1770 41(0.38)  54(0.02)  402(0.0)  653(0.23)  1327(0.16)  2310(0.66)  2468(0.15)  3477(0.82)  4436(0.17)  
1771 39(0.34)  310(0.03)  374(0.28)  522(0.53)  1417(0.14)  1715(0.04)  2469(0.86)  2561(0.9)  4111(0.43)  
1772 39(0.05)  2138(0.65)  3405(0.7)  4437(0.48)  
1773 39(0.32)  48(0.53)  806(0.94)  3623(0.21)  4438(0.5)  
1774 39(0.9)  94(0.27)  740(0.44)  1233(0.09)  1368(0.44)  
1775 39(0.51)  885(0.97)  1771(0.47)  4439(0.54)  
1776 32(0.51)  41(0.04)  48(0.44)  53(0.98)  147(0.08)  261(0.49)  677(0.31)  1063(0.41)  1600(0.62)  2365(0.64)  3723(0.04)  3799(0.09)  4440(0.5)  4441(0.13)  4442(0.07)  
1777 32(0.85)  39(0.6)  48(0.84)  1853(0.36)  3573(0.7)  4344(0.02)  4443(0.93)  
1778 41(0.75)  60(0.99)  271(0.26)  854(0.16)  956(0.34)  1497(0.28)  2168(0.21)  4444(0.48)  4445(0.67)  
1779 38(0.06)  39(0.34)  41(0.26)  110(0.96)  
1780 38(0.52)  39(0.44)  41(0.16)  48(0.35)  170(0.93)  570(0.33)  2801(0.73)  
1781 39(0.52)  68(0.92)  147(0.79)  208(0.63)  1082(0.71)  3126(0.48)  3236(0.16)  4446(0.45)  
1782 38(0.35)  39(0.1)  110(0.93)  317(0.63)  504(0.41)  505(0.08)  1652(0.95)  2659(0.64)  4447(0.61)  
1783 301(0.13)  922(0.03)  3845(0.88)  
1784 50(0.88)  1121(0.11)  4448(0.35)  
1785 39(0.89)  2186(0.04)  
1786 147(0.94)  179(0.32)  317(0.92)  589(0.45)  1327(0.92)  1920(0.09)  2212(0.18)  2830(0.94)  3274(0.67)  4072(0.33)  4224(0.65)  4449(0.3)  
1787 665(0.66)  3391(0.55)  4450(0.38)  4451(0.41)  
1788 48(0.18)  824(0.85)  2413(0.73)  
1789 468(0.81)  588(0.75)  1968(0.04)  2664(0.63)  4172(0.91)  4452(0.21)  4453(0.91)  4454(0.65)  4455(0.76)  4456(0.45)  
1790 32(0.81)  
1791 39(0.01)  151(0.08)  152(0.29)  211(0.86)  910(0.25)  956(0.4)  1010(0.35)  3730(0.53)  4141(0.4)  
1792 749(0.17)  2424(0.72)  2673(0.78)  2990(0.59)  3977(0.23)  
1793 39(0.56)  41(0.44)  48(0.58)  604(0.66)  1710(0.11)  1805(0.68)  2633(0.78)  2951(0.22)  3638(0.86)  3644(0.75)  4096(0.16)  4100(0.25)  4457(0.07)  4458(0.36)  4459(0.37)  
1794 312(0.39)  483(0.16)  797(0.93)  1153(0.92)  1154(0.96)  1384(0.82)  1385(0.97)  1869(0.67)  2797(0.0)  4460(0.25)  
1795 39(0.32)  41(0.9)  48(0.69)  93(0.79)  2388(0.27)  3709(0.35)  
1796 3073(0.9)  3173(0.45)  4461(0.4)  
1797 38(0.77)  48(0.55)  504(0.66)  1051(0.58)  1146(0.05)  2598(0.72)  2741(0.45)  2774(0.34)  2880(0.48)  3080(0.96)  3735(0.68)  4462(0.59)  4463(0.72)  
1798 48(0.31)  117(0.09)  1048(0.96)  2362(0.19)  3393(0.03)  3581(0.21)  3659(0.23)  3710(0.91)  3981(0.79)  
1799 39(0.79)  50(0.04)  374(0.3)  599(0.38)  1748(0.24)  2990(0.35)  3735(0.35)  4429(0.05)  4464(0.57)  4465(0.31)  
1800 171(0.78)  1327(0.18)  1641(0.74)  2108(0.68)  2528(0.71)  2867(0.96)  2988(0.77)  3160(0.59)  3850(0.32)  3981(0.32)  4466(0.83)  4467(0.54)  4468(0.1)  
1801 36(0.1)  38(0.71)  39(0.2)  41(0.81)  48(0.09)  113(0.75)  193(0.22)  297(0.56)  522(0.93)  571(0.74)  710(0.04)  993(0.49)  1854(0.16)  2249(0.92)  2259(0.96)  2389(0.86)  3291(0.81)  3590(0.42)  4300(0.18)  4469(0.44)  4470(0.49)  
1802 36(0.28)  38(0.45)  39(0.95)  48(0.78)  390(0.3)  475(0.59)  703(0.72)  
1803 19(0.09)  39(0.58)  60(0.95)  677(0.39)  979(0.14)  1578(0.39)  1916(0.04)  2227(0.68)  2249(0.46)  2847(0.69)  3253(0.52)  3291(0.22)  3644(0.5)  
1804 36(0.38)  38(0.61)  39(0.67)  41(0.94)  1293(0.74)  1361(0.37)  
1805 38(0.13)  39(0.09)  102(0.18)  170(0.92)  1121(0.25)  2186(0.07)  2599(0.27)  4011(0.68)  
1806 32(0.71)  48(0.64)  256(0.1)  381(0.68)  438(0.22)  1568(0.52)  1631(0.51)  2034(0.84)  2613(0.58)  2990(0.7)  3270(0.77)  3680(0.06)  3735(0.08)  4471(0.5)  
1807 32(0.36)  846(0.7)  861(0.04)  1783(0.18)  2608(0.25)  2764(0.63)  2938(0.9)  3501(0.15)  3638(0.18)  4161(0.34)  4430(0.54)  4472(0.43)  4473(0.34)  
1808 4080(0.04)  4474(0.76)  
1809 522(0.05)  789(0.84)  1388(0.07)  1715(0.1)  2151(0.27)  3711(0.67)  3751(0.07)  3913(0.78)  4475(0.64)  4476(0.42)  4477(0.56)  4478(0.16)  
1810 38(0.52)  170(0.4)  
1811 2332(0.54)  4479(0.6)  4480(0.04)  
1812 41(0.66)  396(0.75)  780(0.12)  1082(0.35)  4481(0.92)  4482(0.33)  
1813 48(0.21)  2749(0.33)  4018(0.49)  
1814 32(0.37)  39(0.85)  903(0.33)  2948(0.85)  3195(0.12)  3548(0.85)  4483(0.7)  
1815 2764(0.28)  4269(0.65)  4484(0.25)  
1816 39(0.76)  41(0.11)  675(0.15)  749(0.75)  1013(0.99)  1203(0.55)  1219(0.4)  1244(0.48)  1267(0.02)  1938(1.0)  2927(0.49)  3074(0.92)  3827(0.02)  4485(0.57)  4486(0.01)  
1817 39(0.63)  48(0.74)  60(0.76)  123(0.63)  201(0.94)  543(0.56)  827(0.82)  865(0.08)  1132(0.18)  2399(0.07)  2515(0.66)  2714(0.48)  2767(0.91)  3273(0.84)  3358(0.05)  3992(0.78)  4124(0.26)  4198(0.64)  4487(0.06)  4488(0.18)  
1818 39(0.07)  48(0.58)  261(0.11)  438(0.65)  604(0.97)  894(0.91)  1692(0.39)  3981(0.78)  
1819 39(0.91)  48(0.34)  
1820 39(0.77)  48(0.49)  476(0.97)  2413(0.1)  3148(0.01)  3966(0.61)  4155(0.5)  4489(0.05)  4490(0.06)  
1821 660(0.86)  4491(0.33)  4492(0.09)  
1822 70(0.18)  249(0.52)  477(0.3)  486(0.09)  563(0.79)  689(0.18)  1064(0.8)  1263(0.22)  1454(0.22)  1911(0.57)  2702(0.36)  2734(0.02)  3533(0.91)  4195(0.62)  4444(0.4)  4493(0.51)  4494(0.55)  4495(0.45)  4496(0.78)  4497(0.34)  4498(0.86)  4499(0.67)  
1823 48(0.44)  476(0.59)  1121(0.58)  
1824 60(0.73)  476(0.66)  1411(0.03)  1715(0.93)  2212(0.72)  
1825 32(0.05)  41(0.69)  48(0.8)  111(0.02)  425(0.45)  856(0.69)  2091(0.15)  2325(0.0)  2453(0.65)  2521(0.64)  2977(0.57)  3228(0.04)  4161(0.87)  4430(0.31)  4500(0.97)  4501(0.3)  
1826 39(0.57)  60(0.03)  125(0.42)  604(0.59)  1233(0.58)  1765(0.01)  2515(0.58)  2633(0.19)  2694(0.52)  2852(0.15)  2853(0.98)  2874(0.41)  2943(0.25)  3186(0.08)  3553(0.35)  3788(0.78)  4209(0.39)  4502(0.87)  4503(0.09)  
1827 32(0.72)  39(0.23)  48(0.85)  749(0.03)  1046(0.91)  2064(0.32)  2990(0.05)  4504(0.98)  
1828 4366(0.62)  4505(0.16)  
1829 48(0.86)  591(0.98)  4162(0.78)  
1830 32(0.54)  48(0.53)  1171(0.58)  4506(0.42)  4507(0.09)  
1831 161(0.51)  1588(0.56)  3992(0.42)  4018(0.63)  4198(0.87)  
1832 32(0.56)  39(0.48)  4072(0.92)  
1833 39(0.65)  546(0.79)  874(0.65)  1806(0.38)  1890(0.49)  2802(0.4)  4508(0.13)  4509(0.53)  
1834 344(0.23)  783(0.78)  940(0.32)  1120(0.13)  1158(0.4)  1233(0.22)  1653(0.17)  1765(0.91)  1811(0.44)  3079(0.98)  3227(0.79)  3504(0.91)  4510(0.62)  4511(0.51)  4512(0.08)  4513(0.03)  
1835 32(0.4)  39(0.3)  48(0.28)  89(0.72)  397(0.69)  449(0.58)  1587(0.87)  
1836 39(0.66)  48(0.49)  92(0.21)  1198(0.77)  2965(0.82)  4190(0.17)  
1837 39(0.33)  237(0.48)  314(0.79)  460(0.9)  1192(0.21)  1588(0.3)  1652(0.37)  3446(0.2)  4153(0.82)  4514(0.78)  4515(0.03)  
1838 39(0.71)  166(0.47)  167(0.23)  442(0.63)  763(0.95)  1273(0.36)  1966(0.77)  3383(0.66)  4080(0.34)  4516(0.64)  
1839 39(0.65)  89(0.23)  1348(0.36)  2099(0.06)  2511(0.83)  2759(1.0)  
1840 39(0.5)  48(0.54)  837(0.8)  1080(0.1)  2126(0.84)  2622(0.91)  2990(0.84)  2997(0.42)  3053(0.27)  3795(0.12)  
1841 48(0.9)  71(0.24)  4286(0.97)  4517(0.32)  
1842 11(0.52)  39(0.67)  48(0.47)  95(0.51)  117(0.93)  156(0.69)  249(0.34)  310(0.31)  407(0.21)  421(0.25)  851(0.8)  856(0.53)  861(0.83)  961(0.62)  1198(0.94)  1257(0.78)  1282(0.4)  1329(0.26)  1336(0.55)  1867(0.03)  1934(0.37)  2030(0.44)  2078(0.48)  2097(0.87)  2431(0.77)  2514(0.77)  2599(0.05)  2661(0.74)  2830(0.04)  3321(0.19)  3462(0.54)  3632(0.12)  4055(0.43)  4067(0.63)  4281(0.3)  4307(0.63)  4518(0.65)  4519(0.64)  4520(0.27)  4521(0.13)  4522(0.56)  4523(0.87)  4524(0.42)  4525(0.29)  
1843 39(0.87)  41(0.45)  48(0.69)  4445(0.79)  
1844 39(0.94)  48(0.08)  89(0.64)  117(0.81)  242(0.29)  352(0.01)  426(0.14)  1659(0.27)  1787(0.88)  1956(0.47)  2445(0.8)  2612(0.61)  3098(0.19)  3852(0.1)  4526(0.87)  4527(0.26)  4528(0.51)  4529(0.67)  4530(0.5)  4531(0.86)  4532(0.08)  4533(0.3)  
1845 39(0.17)  48(0.46)  78(0.46)  229(0.69)  367(0.9)  407(0.9)  810(0.2)  854(0.54)  1877(0.98)  1909(0.25)  2126(0.36)  2994(0.42)  3411(0.62)  3735(0.23)  4534(0.19)  4535(0.45)  4536(0.99)  4537(0.42)  
1846 38(0.35)  39(0.73)  41(0.32)  47(0.97)  592(0.25)  740(0.92)  906(0.46)  1145(0.7)  1740(0.26)  2059(0.44)  2592(0.37)  3903(0.95)  4105(0.44)  4538(0.83)  
1847 2(0.6)  18(0.02)  26(0.8)  32(0.27)  36(0.15)  38(0.67)  206(0.5)  249(0.96)  467(0.07)  481(0.98)  533(0.4)  833(0.84)  1044(0.38)  1214(0.93)  1327(0.18)  1479(0.23)  1481(0.41)  2990(0.74)  3762(0.44)  3988(0.4)  4539(0.38)  
1848 39(0.14)  225(0.44)  771(0.39)  1004(0.43)  1520(0.33)  1640(0.08)  1704(0.5)  2851(0.72)  4540(0.53)  4541(0.04)  4542(0.07)  4543(0.3)  
1849 52(0.17)  189(0.43)  1546(0.18)  3020(0.01)  3966(0.44)  
1850 38(0.5)  39(0.78)  41(0.52)  48(0.96)  2170(0.81)  2736(0.73)  3005(0.65)  4544(0.13)  4545(0.39)  
1851 32(0.17)  39(0.56)  48(0.56)  101(0.11)  189(0.06)  271(0.41)  522(0.14)  604(0.37)  1180(0.1)  1349(0.18)  1739(0.1)  1814(0.84)  2091(0.93)  2187(0.96)  2793(0.06)  4546(0.77)  
1852 39(0.16)  48(0.12)  60(0.1)  1415(0.37)  2667(0.42)  4547(0.01)  4548(0.43)  
1853 39(0.49)  48(0.74)  1318(0.25)  2337(0.89)  3946(0.71)  
1854 38(0.47)  39(0.47)  41(0.27)  48(0.71)  170(0.31)  249(0.01)  905(0.48)  1112(0.22)  4013(0.26)  4549(0.92)  
1855 23(0.29)  38(0.49)  39(0.64)  41(0.69)  48(0.1)  170(0.81)  718(0.01)  2633(0.95)  
1856 39(0.35)  48(0.57)  1121(0.15)  1123(0.53)  2673(0.31)  2737(0.11)  2988(0.67)  3539(0.93)  4048(0.44)  4096(0.65)  4550(0.36)  
1857 0(0.96)  32(0.62)  48(0.04)  147(0.77)  414(0.88)  488(0.69)  522(0.14)  553(0.32)  778(0.98)  798(0.15)  824(0.37)  988(0.24)  1048(0.66)  1278(0.71)  1371(0.39)  1589(0.6)  1782(0.39)  1809(0.54)  1924(0.89)  2598(0.16)  2599(0.83)  2764(0.07)  2987(0.79)  3240(0.1)  4080(0.79)  4270(0.25)  4551(0.79)  4552(0.22)  4553(0.62)  4554(0.62)  
1858 39(0.58)  41(0.15)  48(0.06)  236(0.78)  237(0.21)  566(0.7)  598(0.8)  1210(0.58)  1344(0.35)  1435(0.82)  1476(0.54)  1714(0.54)  1919(0.24)  2184(0.6)  2723(0.41)  2746(0.27)  3495(0.22)  3504(0.69)  4091(0.9)  4294(0.72)  4555(0.96)  4556(0.34)  4557(0.82)  
1859 0(0.7)  32(0.24)  155(0.15)  237(0.09)  396(0.16)  1280(0.5)  4558(0.66)  4559(0.92)  
1860 39(0.46)  2749(0.7)  3988(0.95)  4011(0.01)  
1861 36(0.99)  38(0.29)  39(0.87)  41(0.39)  604(0.77)  
1862 39(0.56)  41(0.98)  48(0.82)  80(0.21)  111(0.81)  163(0.39)  185(0.87)  267(0.98)  1344(0.81)  2505(0.36)  2673(0.99)  2848(0.44)  3270(0.71)  3891(0.04)  4094(0.63)  4193(0.27)  4560(0.17)  
1863 39(0.51)  41(0.29)  48(0.55)  461(0.67)  2775(0.85)  4561(0.75)  
1864 48(0.45)  60(0.08)  604(0.54)  2492(0.27)  2538(0.39)  2638(0.58)  3119(0.27)  3966(0.71)  4562(0.05)  4563(0.7)  
1865 37(0.91)  38(0.95)  4564(0.14)  
1866 39(0.89)  48(0.55)  89(0.18)  237(0.91)  240(0.36)  475(0.95)  950(0.03)  1362(0.17)  2951(0.42)  4382(0.35)  4565(0.53)  4566(0.76)  
1867 48(0.62)  2747(0.84)  3493(0.04)  3494(0.36)  3907(0.7)  4567(0.29)  4568(0.91)  
1868 195(0.57)  612(0.19)  615(0.83)  783(0.37)  1051(0.08)  1243(0.41)  1618(1.0)  1625(0.13)  2167(0.1)  2550(0.17)  2965(0.31)  2990(0.27)  2994(0.05)  3173(0.68)  3186(0.17)  3735(0.56)  4415(0.7)  4569(0.99)  
1869 39(0.25)  41(0.28)  83(0.05)  
1870 41(0.04)  48(0.24)  65(0.21)  430(0.85)  592(0.61)  1004(0.35)  1739(0.78)  1783(0.66)  2559(0.85)  2990(0.81)  3409(0.07)  3501(0.32)  3693(0.86)  3774(0.69)  4202(0.24)  4236(0.84)  4570(0.3)  4571(0.7)  4572(0.62)  
1871 39(0.17)  179(0.43)  246(0.94)  592(0.47)  1911(0.29)  2064(0.61)  2245(0.82)  3740(0.19)  4357(0.18)  4573(0.05)  
1872 39(0.32)  267(0.27)  278(0.62)  782(0.25)  967(0.96)  3411(0.16)  3759(0.17)  4158(0.84)  4574(0.82)  4575(0.35)  4576(0.73)  4577(0.73)  4578(0.25)  
1873 41(0.66)  48(0.76)  1344(0.2)  1561(0.39)  3053(0.84)  4579(0.43)  
1874 39(0.36)  101(0.45)  147(0.68)  408(0.08)  423(0.63)  669(0.77)  2550(0.24)  
1875 41(0.53)  48(0.24)  783(0.13)  1308(0.92)  
1876 32(0.01)  65(0.23)  1214(0.44)  2054(0.74)  2080(0.47)  2398(0.85)  3078(0.57)  3838(0.19)  3994(0.87)  3995(0.75)  
1877 18(0.89)  60(0.43)  62(0.3)  119(0.39)  301(0.75)  533(0.53)  660(0.62)  1315(0.83)  2212(0.64)  4037(0.1)  4269(0.43)  
1878 32(0.24)  48(0.28)  352(0.33)  421(0.17)  468(0.68)  1715(0.61)  2186(0.51)  2266(0.2)  3840(0.58)  4107(0.87)  4580(0.79)  
1879 48(0.16)  3569(0.37)  
1880 60(0.13)  272(0.08)  299(0.58)  589(0.55)  598(0.12)  604(0.88)  702(0.84)  783(0.09)  841(0.53)  935(0.8)  1121(0.53)  2187(0.38)  2271(0.96)  2436(0.44)  2770(0.79)  2793(0.71)  2929(0.05)  4581(0.72)  4582(0.75)  
1881 39(0.93)  48(0.99)  604(0.82)  981(0.3)  1180(0.79)  1349(0.45)  1368(0.88)  1670(0.66)  1715(0.6)  1796(0.85)  2269(0.24)  3323(0.81)  3586(0.03)  3840(0.86)  4525(0.66)  4583(0.29)  
1882 38(0.84)  39(0.23)  41(0.18)  48(0.8)  94(0.14)  105(0.76)  281(0.57)  540(0.93)  846(0.53)  1089(0.18)  1214(0.41)  1381(0.96)  1403(0.27)  2473(0.42)  2852(0.25)  2990(0.73)  3313(0.76)  3578(0.43)  4584(0.08)  
1883 48(0.98)  195(0.43)  206(0.7)  535(0.77)  1065(0.67)  1328(0.19)  3274(0.25)  3436(0.06)  3708(0.36)  3815(0.35)  4585(0.26)  4586(0.6)  
1884 39(0.04)  48(0.12)  89(0.48)  785(0.95)  984(0.25)  2259(0.16)  2796(0.97)  
1885 38(0.98)  39(0.15)  41(0.19)  170(0.29)  862(0.07)  1475(0.56)  2018(0.97)  2443(0.8)  3045(0.87)  4229(0.06)  4587(0.94)  4588(0.92)  
1886 535(0.36)  1121(0.99)  1901(0.11)  1958(0.31)  3179(0.48)  3668(0.16)  3891(0.19)  4005(0.71)  
1887 39(0.94)  48(0.63)  89(0.6)  101(0.1)  340(0.28)  374(0.03)  479(0.31)  525(0.1)  616(0.63)  925(0.84)  978(0.76)  995(0.99)  1052(0.36)  1198(0.25)  1249(0.33)  1293(0.92)  1461(0.9)  1625(0.39)  1635(0.55)  1659(0.2)  1715(0.95)  1856(0.44)  1964(0.32)  2010(0.33)  2054(0.62)  2216(0.84)  2250(0.15)  2397(0.34)  3323(0.75)  3666(0.12)  3840(0.79)  4188(0.91)  4422(0.34)  4573(0.11)  4589(0.76)  4590(0.27)  4591(0.2)  4592(0.88)  4593(0.16)  4594(0.4)  4595(0.92)  4596(0.42)  
1888 39(0.91)  41(0.03)  60(0.63)  604(0.36)  749(0.35)  785(0.43)  855(0.26)  1121(0.15)  1146(0.29)  1384(0.41)  1385(0.87)  1696(0.31)  2775(0.84)  2793(0.85)  2961(0.96)  3259(0.34)  4597(0.85)  4598(0.48)  4599(0.25)  4600(0.54)  
1889 32(0.15)  39(0.51)  189(0.95)  375(0.57)  414(0.87)  438(0.44)  571(0.16)  1393(0.22)  2297(0.15)  4111(0.11)  4601(0.27)  4602(0.62)  
1890 39(0.09)  48(0.71)  438(0.52)  495(0.5)  3054(0.85)  4603(0.72)  
1891 39(0.3)  41(0.21)  352(0.46)  555(0.89)  661(0.08)  697(0.57)  1252(0.39)  2998(0.34)  
1892 1942(0.03)  4604(0.17)  
1893 237(0.2)  2065(0.7)  2294(0.11)  3148(0.01)  3459(0.72)  4096(0.58)  4605(0.78)  
1894 38(0.82)  39(0.2)  310(0.49)  488(0.82)  1327(0.58)  1590(0.02)  1715(0.96)  1765(0.24)  1834(0.15)  2266(0.49)  2325(0.35)  4064(0.14)  4606(0.75)  4607(0.47)  
1895 41(0.14)  48(0.98)  269(0.52)  592(0.26)  716(0.26)  1071(0.81)  1501(0.17)  1562(0.98)  1780(0.2)  1861(0.0)  2049(0.06)  2115(0.93)  2527(0.01)  3168(0.78)  3677(0.84)  4057(0.81)  4350(0.88)  4608(0.41)  4609(0.73)  4610(0.31)  
1896 210(0.74)  592(0.72)  
1897 39(0.45)  48(0.89)  116(0.5)  126(0.67)  175(0.75)  349(0.03)  442(0.23)  475(0.72)  660(0.2)  1124(0.01)  1397(0.86)  1767(0.06)  1803(0.52)  2540(0.35)  2990(0.74)  2991(0.03)  3028(0.47)  3503(0.02)  3827(0.17)  4611(0.19)  
1898 48(0.6)  66(0.15)  179(0.62)  251(0.23)  1368(0.45)  3735(0.89)  4287(0.22)  4448(0.82)  
1899 39(0.08)  41(0.59)  52(0.99)  147(0.75)  492(0.51)  941(0.7)  1537(0.72)  3504(0.02)  
1900 39(0.96)  48(0.91)  65(0.59)  336(0.6)  439(0.51)  535(0.3)  1010(0.68)  1103(0.6)  1976(0.86)  2031(0.91)  3434(0.96)  3742(0.28)  4612(0.63)  
1901 41(0.8)  249(0.32)  749(0.11)  861(0.06)  1144(0.9)  4127(0.29)  4166(0.86)  4562(0.47)  
1902 1035(0.89)  1132(0.65)  1542(0.74)  1741(0.58)  1986(0.6)  3094(0.23)  3950(0.17)  3992(0.27)  4198(0.54)  4613(0.19)  4614(0.67)  4615(0.84)  
1903 39(0.56)  48(0.12)  1561(0.87)  3973(0.51)  
1904 23(0.97)  39(0.06)  41(0.27)  
1905 60(0.86)  71(0.76)  402(0.42)  682(0.74)  792(0.43)  904(0.24)  1779(0.55)  2492(0.04)  2764(0.5)  3194(0.01)  3354(0.51)  3642(0.5)  3874(0.57)  4057(0.88)  
1906 36(0.15)  38(0.71)  48(0.32)  110(0.12)  244(0.68)  
1907 96(0.76)  522(0.02)  536(0.95)  677(0.21)  679(0.27)  844(0.21)  973(0.38)  1624(0.45)  1634(0.41)  1715(0.62)  2191(0.45)  2446(0.97)  2894(0.65)  3514(0.88)  3761(0.62)  4214(0.8)  
1908 32(0.24)  41(0.29)  275(0.68)  304(0.89)  328(0.69)  1187(0.62)  2386(0.7)  3678(0.29)  4169(0.3)  4616(0.44)  4617(0.62)  4618(0.29)  4619(0.06)  
1909 32(0.62)  39(0.62)  48(0.6)  
1910 39(0.68)  48(0.09)  60(0.98)  334(0.66)  571(0.24)  740(0.76)  1062(0.17)  1266(0.33)  2694(0.64)  2780(0.22)  3182(0.11)  3411(0.19)  3547(0.16)  3739(0.99)  3759(0.57)  4620(0.02)  
1911 38(0.1)  48(0.47)  110(0.53)  170(0.47)  570(0.05)  855(0.06)  1113(0.5)  1714(0.49)  2761(0.42)  4621(0.49)  4622(0.63)  4623(0.14)  
1912 48(0.69)  739(0.75)  1652(0.32)  1736(0.51)  3034(0.78)  3645(0.5)  4624(0.9)  4625(0.3)  4626(0.11)  4627(0.71)  
1913 1264(0.83)  1368(0.75)  4628(0.02)  
1914 39(0.33)  2022(0.82)  3343(0.2)  3888(0.86)  4629(0.85)  
1915 39(0.34)  50(0.73)  65(0.75)  201(0.78)  348(0.33)  535(0.51)  571(0.4)  1547(0.59)  2123(0.54)  2425(0.2)  2692(0.27)  3270(0.4)  4054(0.24)  4630(0.1)  4631(0.05)  4632(0.83)  4633(0.66)  
1916 38(0.75)  39(0.29)  41(0.73)  48(0.5)  694(0.63)  1020(0.37)  1831(0.66)  1938(0.56)  3618(0.68)  4634(0.4)  4635(0.55)  
1917 39(0.1)  48(0.63)  3966(0.91)  4119(0.34)  4636(0.21)  
1918 38(0.42)  39(0.88)  170(0.92)  446(0.61)  790(0.38)  2879(0.26)  2990(0.9)  2994(0.47)  3250(0.94)  3270(0.2)  3735(0.21)  4637(0.43)  
1919 22(0.7)  39(0.12)  48(0.86)  53(0.98)  59(0.49)  123(0.24)  827(0.31)  1121(0.68)  1540(0.11)  2191(0.08)  2856(0.48)  4632(0.8)  4638(0.31)  4639(0.19)  
1920 32(0.31)  38(0.61)  39(0.83)  41(0.27)  48(0.61)  54(0.74)  105(0.57)  392(0.18)  751(0.02)  974(0.98)  975(0.44)  1184(0.22)  1316(0.58)  1446(0.88)  1625(0.45)  1765(0.32)  1976(0.02)  2325(0.32)  2395(0.45)  2720(0.15)  3059(0.08)  3463(0.76)  3494(0.55)  3774(0.14)  4567(0.95)  4640(0.49)  4641(0.6)  
1921 4642(0.3)  4643(0.2)  
1922 32(0.1)  3486(0.77)  3981(0.09)  4644(0.13)  4645(0.4)  
1923 39(0.37)  893(0.28)  
1924 39(0.12)  3505(0.11)  
1925 41(0.54)  48(0.0)  81(0.24)  207(0.43)  379(0.79)  442(0.37)  494(0.68)  581(0.44)  616(0.48)  715(0.14)  723(0.25)  956(0.63)  976(0.56)  1249(0.36)  1518(0.47)  1640(0.28)  2080(0.93)  2137(0.13)  2159(0.31)  2392(0.17)  2546(0.26)  2868(0.76)  3371(0.62)  4307(0.85)  4374(0.29)  4419(0.17)  4646(0.12)  4647(0.68)  4648(0.24)  4649(0.89)  4650(0.21)  
1926 39(0.39)  94(0.54)  352(0.41)  1372(0.68)  1715(0.09)  1740(0.99)  1859(0.78)  2374(0.59)  2425(0.64)  2786(0.3)  3074(0.69)  3539(0.01)  3663(0.01)  3664(0.77)  3840(0.61)  4107(0.85)  4371(0.25)  4651(0.18)  
1927 1130(0.12)  1153(0.18)  1154(0.87)  3259(0.44)  
1928 39(0.31)  255(0.19)  1789(0.79)  3102(0.61)  3173(0.33)  4652(0.23)  
1929 2(0.65)  94(0.81)  598(0.13)  1481(0.28)  1600(0.39)  2552(0.45)  4653(0.1)  4654(0.68)  
1930 39(0.93)  41(0.37)  
1931 39(0.9)  41(0.39)  48(0.84)  1113(0.45)  2182(0.54)  2334(0.73)  2701(0.34)  2764(0.85)  3321(0.75)  3353(0.28)  3850(0.25)  3886(0.08)  3979(0.65)  4137(0.67)  4142(0.56)  4655(0.32)  
1932 39(0.21)  703(0.05)  749(0.71)  4117(0.52)  4656(0.66)  
1933 16(0.01)  39(0.91)  48(0.24)  1433(0.42)  3347(0.58)  4657(0.74)  
1934 23(0.52)  39(0.94)  48(0.15)  591(0.64)  811(0.8)  1128(0.26)  1349(0.68)  2983(0.57)  
1935 38(0.51)  39(0.32)  155(0.01)  246(0.88)  281(0.67)  352(0.74)  1859(0.3)  1951(0.76)  2199(0.14)  
1936 984(0.94)  1661(0.8)  1796(0.41)  2249(0.62)  3644(0.18)  
1937 44(0.01)  76(0.77)  155(0.77)  195(0.74)  533(0.2)  612(0.08)  781(0.88)  927(0.48)  1600(0.27)  1779(0.48)  1937(0.1)  2141(0.3)  2245(0.81)  2262(0.13)  2487(0.94)  2528(0.43)  2907(0.95)  3038(0.08)  3086(0.79)  3109(0.35)  3161(0.4)  3280(0.16)  3347(0.46)  3547(0.4)  3569(0.45)  3609(0.89)  3641(0.04)  3878(0.45)  4036(0.25)  4037(0.49)  4143(0.51)  4292(0.36)  4597(0.64)  4658(0.8)  4659(0.63)  4660(0.74)  4661(0.16)  4662(0.95)  4663(0.21)  4664(0.69)  
1938 39(0.42)  48(0.08)  60(0.08)  1313(0.17)  4037(0.11)  4269(0.51)  4665(0.78)  4666(0.58)  
1939 32(0.41)  1489(0.21)  3548(0.29)  4056(0.35)  4667(0.98)  4668(0.41)  
1940 39(0.5)  494(0.85)  612(0.44)  664(0.63)  893(0.01)  954(0.08)  1013(0.71)  1391(0.4)  1490(0.76)  1572(0.02)  2068(0.86)  2509(0.33)  2693(0.4)  2958(0.2)  3074(0.99)  3155(0.25)  3662(0.1)  3663(0.6)  3913(0.14)  4538(0.7)  4669(0.44)  4670(0.7)  4671(0.22)  4672(0.84)  4673(0.97)  4674(0.99)  4675(0.92)  4676(0.01)  4677(0.18)  4678(0.73)  4679(0.59)  4680(0.68)  4681(0.5)  
1941 32(0.04)  39(0.97)  48(0.37)  677(0.57)  1920(0.11)  2054(0.99)  2580(0.47)  2611(0.66)  2747(0.35)  2775(0.63)  2958(0.81)  3526(0.6)  4457(0.15)  4682(0.48)  4683(0.28)  4684(0.4)  
1942 48(0.24)  59(0.32)  161(0.71)  573(0.13)  707(0.37)  713(0.79)  986(0.29)  989(0.96)  1267(0.43)  1631(0.94)  2062(0.53)  2617(0.45)  3992(0.96)  4019(0.69)  4208(0.75)  4464(0.73)  4685(0.93)  4686(0.32)  
1943 225(0.31)  924(0.16)  1742(0.16)  3663(0.51)  
1944 39(0.18)  
1945 39(0.55)  49(0.45)  71(0.16)  107(0.6)  1067(0.84)  3309(0.29)  4687(0.54)  4688(0.94)  4689(0.7)  4690(0.94)  
1946 166(0.67)  2084(0.05)  2481(0.39)  4617(0.53)  4686(0.92)  4691(0.4)  4692(0.73)  4693(0.55)  
1947 39(0.66)  48(0.34)  941(0.12)  4694(0.34)  
1948 39(0.83)  48(0.55)  1739(0.23)  
1949 48(0.33)  1659(0.27)  4105(0.91)  4695(0.38)  
1950 39(0.93)  291(0.01)  560(0.09)  740(0.46)  3724(0.34)  4696(0.08)  4697(0.53)  
1951 39(0.75)  48(0.07)  1966(0.19)  
1952 32(0.02)  41(0.42)  48(0.52)  529(0.09)  2267(0.25)  3965(0.66)  4698(0.63)  
1953 39(0.38)  48(0.63)  49(0.23)  414(0.72)  451(0.53)  543(0.95)  544(0.79)  689(0.05)  984(0.08)  1315(0.43)  1444(0.63)  1715(0.87)  1804(0.91)  1930(0.69)  2103(0.72)  2188(0.74)  2374(0.14)  2659(0.44)  2953(0.41)  3321(0.86)  3552(1.0)  4113(0.26)  4251(0.51)  4386(0.03)  4699(0.94)  4700(0.23)  4701(0.28)  4702(0.81)  
1954 19(0.44)  39(0.3)  352(0.69)  778(0.71)  874(0.03)  970(0.2)  1342(0.54)  2633(0.24)  2714(0.8)  3942(0.85)  4238(0.65)  
1955 39(0.29)  48(0.77)  2168(0.31)  2370(0.42)  4703(0.71)  
1956 39(0.09)  48(0.25)  4704(0.39)  4705(0.31)  
1957 23(0.64)  39(0.77)  41(0.07)  48(0.46)  60(0.26)  89(0.01)  114(0.18)  161(0.65)  384(0.62)  604(0.61)  749(0.74)  1061(0.6)  1344(0.56)  1808(0.95)  2150(0.63)  2413(0.97)  2492(0.09)  2592(0.99)  2749(0.64)  2793(0.81)  3763(0.72)  3966(0.2)  3970(0.17)  4124(0.6)  4706(0.38)  
1958 38(0.11)  48(0.76)  170(0.28)  740(0.25)  2793(0.99)  2798(0.52)  4707(0.18)  4708(0.99)  
1959 48(0.97)  796(0.74)  1156(0.43)  1870(0.88)  4709(0.89)  4710(0.68)  
1960 48(0.01)  846(0.67)  1624(0.29)  2492(0.41)  2990(0.65)  3693(0.42)  3735(0.09)  
1961 4711(0.82)  4712(0.73)  
1962 39(0.16)  41(0.56)  48(0.36)  237(0.29)  1489(0.43)  1513(0.53)  4156(0.46)  
1963 32(0.99)  39(0.21)  255(0.57)  604(0.02)  1214(0.07)  3308(0.55)  4713(0.67)  
1964 76(0.9)  406(0.79)  433(0.41)  538(0.82)  584(0.53)  879(0.29)  892(0.24)  1280(0.4)  1425(0.95)  1595(0.14)  1769(0.46)  1786(0.06)  1905(0.35)  1909(0.29)  2032(0.2)  2147(0.32)  2171(0.86)  2325(0.99)  2471(0.16)  2524(0.98)  2544(0.62)  2555(0.3)  2919(0.53)  3179(0.43)  3270(0.46)  3316(0.45)  3458(0.36)  3598(0.41)  4162(0.5)  4208(0.42)  4714(0.42)  4715(0.46)  
1965 39(0.49)  4048(0.72)  
1966 32(0.16)  39(0.78)  48(0.72)  123(0.56)  423(0.87)  592(0.8)  738(0.51)  749(0.7)  824(0.83)  1642(0.85)  2399(0.36)  2702(0.56)  3218(0.69)  3553(0.45)  3987(0.93)  4716(0.1)  4717(0.87)  
1967 38(0.95)  41(0.57)  48(0.8)  89(0.44)  170(0.05)  260(0.18)  536(0.97)  604(0.93)  1146(0.1)  1600(0.18)  2793(0.09)  3373(0.97)  4111(0.48)  4160(0.06)  4718(0.2)  4719(0.26)  
1968 32(0.99)  48(0.72)  749(0.33)  846(0.83)  1214(0.8)  1327(0.44)  1536(0.01)  3358(0.98)  4720(0.08)  
1969 38(0.52)  41(0.21)  48(0.76)  110(0.49)  1192(0.71)  2384(0.17)  2552(0.2)  4272(0.14)  4721(0.89)  
1970 32(0.33)  39(0.25)  48(0.03)  66(0.33)  94(0.23)  152(0.35)  741(0.2)  742(0.6)  743(0.24)  981(0.65)  1796(0.81)  1914(0.04)  2388(0.28)  2413(0.38)  3278(0.98)  3358(0.29)  4072(0.08)  4140(0.41)  4657(0.13)  4722(0.84)  4723(0.49)  
1971 89(0.99)  426(0.54)  1194(0.37)  1513(0.98)  1664(0.26)  2239(0.44)  3192(0.92)  3195(0.65)  3250(0.43)  3304(0.92)  4724(0.38)  4725(0.24)  4726(0.38)  4727(0.03)  4728(0.79)  4729(0.38)  
1972 39(0.65)  48(0.25)  53(0.85)  60(0.74)  65(0.72)  89(0.44)  181(0.04)  195(0.25)  255(0.41)  256(0.36)  260(0.34)  326(0.25)  399(0.2)  414(0.89)  422(0.19)  481(0.4)  521(0.88)  772(0.33)  924(0.34)  1080(0.17)  1121(0.66)  1184(0.64)  1198(0.71)  1232(0.26)  1233(0.52)  1312(0.84)  1378(0.6)  1380(0.8)  1429(0.56)  1715(0.78)  2184(0.53)  2492(0.1)  2601(0.75)  2626(0.94)  2633(0.53)  2876(0.04)  2879(0.11)  2987(0.95)  3502(0.77)  3565(0.7)  3642(0.12)  3710(0.51)  3782(0.38)  3796(0.6)  3913(0.86)  4265(0.14)  4493(0.15)  4626(0.42)  4730(0.8)  4731(0.03)  4732(0.5)  4733(0.38)  4734(0.27)  4735(0.34)  4736(0.49)  4737(0.81)  4738(0.67)  
1973 39(0.09)  796(0.2)  865(0.54)  1002(0.74)  1156(0.26)  1533(0.21)  1534(0.28)  1807(0.32)  2320(0.13)  2525(0.19)  2652(0.4)  3135(0.25)  3545(0.87)  3690(0.53)  4739(0.12)  4740(0.16)  4741(0.24)  
1974 2193(0.41)  
1975 18(0.16)  92(0.35)  94(0.24)  176(0.18)  208(0.43)  338(0.27)  438(0.17)  728(0.86)  797(0.96)  846(0.87)  878(0.01)  913(0.37)  1153(0.31)  1154(0.09)  1214(0.63)  1872(0.42)  2741(0.02)  2834(0.88)  2907(0.12)  3151(0.83)  3715(0.29)  4075(0.47)  4113(0.89)  4256(0.9)  4357(0.01)  4742(0.8)  4743(0.87)  4744(0.23)  
1976 39(0.81)  41(0.16)  438(0.04)  604(0.68)  697(0.92)  1104(0.06)  2097(0.25)  2146(0.72)  4745(0.78)  4746(0.11)  
1977 9(0.13)  48(0.63)  96(0.65)  338(0.57)  454(0.04)  479(0.01)  856(0.61)  1925(0.78)  2822(0.4)  4747(0.22)  
1978 41(0.98)  420(0.95)  846(0.15)  852(0.47)  1360(0.44)  1393(0.88)  2495(0.89)  
1979 48(0.43)  65(0.41)  89(0.08)  1194(0.93)  2106(0.82)  
1980 352(0.87)  1715(0.79)  2916(0.53)  3028(0.82)  4107(0.35)  
1981 39(0.63)  48(0.26)  1574(0.92)  1624(0.27)  1859(1.0)  4374(0.93)  
1982 375(0.27)  675(0.66)  931(0.86)  979(0.81)  1568(0.17)  2633(0.36)  3462(0.89)  
1983 32(0.17)  36(0.38)  38(0.48)  39(0.27)  
1984 32(0.42)  39(0.34)  1029(0.54)  4748(0.34)  
1985 39(0.12)  41(0.57)  48(0.6)  2238(0.64)  3022(0.34)  3025(0.02)  4538(0.25)  4749(0.88)  4750(0.95)  4751(0.77)  
1986 32(0.28)  36(0.3)  38(0.24)  39(0.94)  41(0.94)  48(0.42)  374(0.46)  522(0.94)  737(0.45)  1296(0.43)  2168(0.81)  3840(0.53)  
1987 32(0.73)  39(0.76)  48(0.01)  94(0.89)  225(0.32)  301(0.64)  570(0.97)  1096(0.35)  1214(0.1)  1368(0.13)  1715(0.76)  1765(0.4)  2741(0.31)  4067(0.74)  4486(0.32)  4752(0.12)  4753(0.36)  
1988 48(0.37)  503(0.66)  1468(0.89)  2267(0.13)  2399(0.1)  2740(0.02)  3942(0.37)  4754(0.49)  
1989 122(0.18)  179(0.26)  310(0.56)  421(0.29)  426(0.89)  444(0.49)  531(0.87)  625(0.33)  860(0.95)  874(0.73)  918(0.18)  1158(0.21)  1402(0.92)  1425(0.56)  1494(0.35)  1589(0.28)  1800(0.06)  2407(0.96)  3558(0.81)  4080(0.2)  4207(0.04)  4755(0.15)  4756(0.61)  4757(0.93)  4758(0.72)  4759(0.37)  4760(0.55)  4761(0.72)  4762(0.22)  4763(0.93)  4764(0.94)  
1990 310(0.29)  374(0.9)  1113(0.62)  1404(0.03)  2847(0.46)  4765(0.98)  
1991 604(0.22)  1121(0.01)  1123(0.53)  1791(0.99)  2054(0.31)  2900(0.31)  3224(0.96)  4392(0.07)  4755(0.78)  4766(0.18)  4767(0.48)  
1992 39(0.84)  48(0.49)  171(0.62)  1239(0.86)  1956(0.49)  2133(0.16)  3299(0.57)  4768(0.36)  
1993 39(0.7)  60(0.93)  78(0.09)  543(0.08)  1408(0.93)  1677(0.63)  2150(0.31)  
1994 39(0.59)  48(0.05)  89(0.15)  123(0.53)  186(0.7)  250(0.19)  260(0.72)  522(0.48)  788(0.78)  916(0.05)  1322(0.36)  1853(0.4)  2515(0.76)  2610(0.5)  2815(0.76)  2990(0.77)  2994(0.76)  3323(0.84)  3693(0.72)  3735(0.39)  3977(0.01)  4160(0.13)  4430(0.24)  4624(0.05)  4769(0.43)  4770(0.21)  4771(0.43)  
1995 32(0.72)  41(0.1)  48(0.69)  270(0.98)  352(0.07)  795(0.39)  1107(0.55)  1631(0.3)  1739(0.88)  4340(0.33)  4448(0.39)  
1996 39(0.35)  89(0.23)  242(0.55)  249(0.02)  260(0.03)  310(0.85)  1480(0.78)  1912(0.95)  2186(0.21)  2351(0.4)  
1997 36(0.42)  41(0.95)  1112(0.49)  1628(0.4)  
1998 39(0.93)  1840(0.67)  4772(0.34)  
1999 39(0.0)  1257(0.54)  4773(0.65)  
2000 39(0.87)  45(0.55)  79(0.78)  232(0.09)  681(0.33)  4774(0.08)  
2001 32(0.35)  480(0.75)  575(0.01)  1341(0.86)  1891(0.45)  2187(0.32)  2793(0.7)  3840(0.85)  4256(0.17)  4257(0.23)  4775(0.1)  4776(0.89)  4777(0.14)  
2002 48(0.6)  341(0.21)  489(0.86)  490(0.57)  571(0.56)  2042(0.22)  2861(0.56)  4778(0.66)  
2003 44(0.42)  48(0.1)  72(0.79)  208(0.47)  225(0.2)  340(0.3)  479(0.21)  677(0.12)  717(0.41)  2654(0.44)  2696(0.6)  2938(0.29)  4495(0.63)  4779(0.47)  4780(0.23)  4781(0.0)  4782(0.2)  4783(0.89)  
2004 31(0.31)  352(0.54)  1043(0.78)  
2005 38(0.27)  39(0.66)  48(0.34)  51(0.7)  156(0.04)  162(0.35)  208(0.0)  310(0.65)  381(0.61)  425(0.02)  592(0.16)  604(0.97)  605(0.2)  611(0.97)  636(0.64)  717(0.28)  961(0.91)  1038(0.08)  1067(0.14)  1160(0.25)  1174(0.04)  1188(0.38)  1218(0.05)  1425(0.78)  1787(0.34)  1847(0.51)  2011(0.6)  2091(0.47)  2423(0.48)  2449(0.87)  2485(0.48)  2521(0.37)  2905(0.77)  2906(0.27)  3215(0.32)  3221(0.13)  3551(0.74)  3565(0.1)  3596(0.79)  4024(0.34)  4784(0.05)  4785(0.11)  
2006 39(0.74)  48(0.2)  59(0.82)  164(0.33)  165(0.24)  166(0.67)  270(0.41)  347(0.42)  378(0.71)  445(0.89)  463(0.44)  677(0.3)  683(0.98)  727(0.71)  1159(0.98)  1320(0.83)  1344(0.42)  2420(0.15)  2783(0.5)  3065(0.14)  3119(0.14)  3270(0.08)  3521(0.02)  3598(0.55)  4441(0.34)  4786(0.02)  4787(0.88)  
2007 78(0.47)  229(0.62)  2164(0.95)  4788(0.12)  4789(0.87)  4790(0.64)  
2008 39(0.11)  156(0.04)  856(0.99)  1877(0.14)  1883(0.23)  3195(0.8)  3253(0.85)  4791(0.0)  
2009 32(0.94)  39(0.4)  41(0.53)  48(0.97)  433(0.98)  589(0.89)  604(0.66)  695(0.77)  740(0.97)  1035(0.49)  1233(0.72)  1715(0.29)  2326(0.38)  2425(0.41)  2559(0.52)  2649(0.35)  2990(0.27)  3303(0.93)  3304(0.97)  3305(0.15)  3306(0.56)  3693(0.56)  3977(0.27)  4031(0.11)  4457(0.16)  4792(0.02)  
2010 39(0.52)  48(0.16)  740(0.83)  1598(0.87)  
2011 615(0.23)  2994(0.53)  
2012 748(0.42)  1221(0.27)  3250(0.44)  
2013 15(0.57)  65(0.26)  425(0.26)  846(0.2)  1594(0.11)  1679(0.76)  1896(0.9)  3240(0.13)  4534(0.25)  4793(0.94)  4794(0.87)  
2014 32(0.79)  48(0.3)  640(0.41)  1318(0.35)  1882(0.55)  2684(0.06)  3195(0.85)  4099(0.1)  4795(0.59)  4796(0.32)  4797(0.59)  4798(0.86)  
2015 38(0.09)  45(0.81)  48(0.28)  286(0.02)  846(0.64)  1344(0.78)  3976(0.83)  4188(0.35)  4799(0.37)  
2016 32(0.44)  36(0.42)  38(0.74)  42(0.41)  44(0.59)  45(0.08)  48(0.25)  93(0.31)  1344(0.57)  3775(0.22)  4800(0.29)  
2017 39(0.71)  1064(0.6)  1557(0.13)  1813(0.88)  1815(0.48)  2894(0.19)  3724(0.13)  3960(0.15)  4801(0.39)  
2018 39(0.82)  426(0.17)  1765(0.77)  1821(0.04)  2266(0.3)  2847(0.5)  2856(0.88)  3347(0.05)  3358(0.94)  3548(0.13)  4096(0.79)  4345(0.14)  4802(0.5)  4803(0.26)  
2019 39(0.96)  41(0.54)  48(0.98)  76(0.76)  123(0.69)  167(0.02)  206(0.25)  284(0.89)  364(0.23)  438(0.72)  475(0.24)  723(0.67)  743(0.64)  757(0.88)  796(0.32)  1152(0.25)  1543(0.43)  1699(0.82)  1704(0.42)  1914(0.68)  1922(0.17)  2023(0.28)  2100(0.74)  2364(0.44)  2489(0.61)  2541(0.2)  2741(0.82)  3083(0.28)  3311(0.49)  3643(0.37)  3876(0.85)  4079(0.51)  4650(0.38)  4804(0.72)  4805(0.19)  4806(0.07)  4807(0.23)  
2020 38(0.59)  39(0.44)  50(0.88)  110(0.85)  1590(0.08)  2805(0.73)  2990(0.21)  2994(0.44)  3250(0.22)  3735(0.83)  4019(0.61)  
2021 48(0.54)  512(0.04)  
2022 39(0.92)  41(0.17)  48(0.34)  272(0.55)  549(0.98)  621(0.05)  961(0.18)  2051(0.21)  2286(0.84)  2437(0.42)  2720(0.37)  4139(0.47)  4808(0.25)  4809(0.64)  4810(0.46)  4811(0.31)  4812(0.29)  
2023 36(0.29)  38(0.11)  39(0.49)  48(0.53)  396(0.14)  705(0.28)  2934(0.35)  4741(0.92)  4813(1.0)  4814(0.74)  
2024 32(0.34)  1215(0.04)  4140(0.64)  4406(0.99)  4815(0.51)  
2025 2794(0.41)  
2026 38(0.42)  170(0.01)  352(0.83)  1501(0.85)  1681(0.7)  1859(0.24)  
2027 38(0.73)  39(0.72)  41(0.04)  110(0.31)  1659(0.91)  2284(0.43)  3347(0.85)  
2028 5(0.27)  9(0.3)  48(0.56)  150(0.33)  254(0.61)  352(0.51)  442(0.32)  463(0.18)  544(0.36)  560(0.82)  976(0.67)  985(0.86)  1082(0.99)  1198(0.77)  1233(0.01)  1275(0.67)  2535(0.45)  2604(0.97)  2742(0.22)  2906(0.94)  3468(0.74)  3783(0.62)  4174(0.76)  4816(0.7)  4817(0.09)  
2029 39(0.37)  41(0.17)  48(0.63)  147(0.24)  271(0.17)  379(0.11)  548(0.99)  549(0.08)  604(0.25)  675(0.69)  1004(0.21)  1131(0.5)  1158(0.16)  1417(0.14)  1497(0.72)  2151(0.25)  2267(0.41)  2815(0.26)  2965(0.25)  3186(0.2)  4004(0.63)  4013(0.12)  4818(0.19)  
2030 32(0.12)  3347(0.37)  4819(0.3)  4820(0.96)  
2031 101(0.15)  677(0.42)  1198(0.93)  
2032 572(0.62)  4821(0.23)  
2033 39(0.67)  41(0.73)  48(0.7)  157(0.99)  158(0.43)  159(0.89)  208(0.64)  463(0.26)  808(0.3)  1086(0.65)  1281(0.19)  1285(0.9)  1563(0.48)  1768(0.77)  1963(0.39)  2157(0.13)  2425(0.13)  3273(0.68)  3529(0.35)  3551(0.97)  3942(0.86)  4270(0.43)  4553(0.21)  4822(0.86)  4823(0.98)  4824(0.29)  4825(0.31)  4826(0.13)  4827(0.84)  
2034 20(0.26)  39(0.17)  352(0.65)  522(0.34)  2187(0.1)  2638(0.32)  4202(0.49)  4828(0.97)  
2035 39(0.28)  41(0.69)  48(0.92)  1591(0.05)  1786(0.51)  3613(0.54)  
2036 1121(0.94)  2815(0.28)  3444(0.73)  3462(0.07)  4354(0.75)  4488(0.0)  
2037 32(0.92)  
2038 19(0.68)  30(0.18)  32(0.87)  161(0.75)  163(0.43)  237(0.47)  310(0.4)  2166(0.5)  2900(0.44)  3279(0.14)  4829(0.29)  
2039 32(0.04)  39(0.66)  48(0.9)  245(0.49)  1497(0.39)  1765(0.54)  2425(0.38)  
2040 30(0.77)  32(0.78)  82(0.45)  215(0.68)  348(0.98)  838(0.91)  1086(0.03)  1630(0.15)  1756(0.72)  1859(0.37)  3102(0.12)  4181(0.81)  4830(0.27)  4831(0.03)  4832(0.95)  
2041 32(0.71)  39(0.14)  182(0.67)  357(0.91)  687(0.11)  740(0.65)  783(0.14)  792(0.29)  815(0.94)  956(0.73)  1149(0.96)  1150(0.38)  1151(0.16)  1152(0.21)  1229(0.18)  1342(0.93)  1393(0.04)  1439(0.18)  1680(0.26)  1681(0.0)  2965(0.14)  3177(0.84)  3486(0.56)  3522(0.36)  3768(0.79)  3876(0.02)  3942(0.54)  4113(0.7)  4251(0.09)  4720(0.32)  4833(0.09)  4834(0.02)  
2042 48(0.2)  82(0.01)  4158(0.68)  
2043 36(0.14)  38(0.88)  544(0.62)  1307(0.06)  
2044 38(0.46)  39(0.21)  45(0.25)  48(0.63)  170(0.55)  374(0.95)  408(0.16)  4208(0.03)  4835(0.57)  4836(0.16)  
2045 38(0.8)  39(0.75)  165(0.05)  286(0.61)  2034(0.31)  
2046 39(0.53)  1433(0.78)  1909(0.75)  2042(0.99)  2550(0.91)  
2047 39(0.12)  48(0.6)  260(0.29)  279(0.49)  533(0.48)  808(0.36)  878(0.53)  1020(0.95)  1344(0.76)  1783(0.34)  2239(0.13)  3393(0.31)  3651(0.6)  3981(0.31)  4031(0.67)  4837(0.22)  
2048 3347(0.79)  4224(0.15)  4828(0.55)  
2049 38(0.1)  39(0.2)  48(0.54)  170(0.28)  371(0.99)  1188(0.17)  
2050 39(0.57)  48(0.71)  2116(0.98)  2413(0.85)  3246(0.06)  3660(0.69)  4284(0.84)  4838(0.83)  
2051 32(0.3)  39(0.96)  48(0.13)  1123(0.87)  1766(0.86)  
2052 32(0.92)  39(0.79)  41(0.77)  48(0.71)  136(0.74)  267(0.67)  310(0.61)  346(1.0)  347(0.12)  442(0.46)  548(0.08)  715(0.92)  860(0.99)  921(0.94)  1163(0.73)  1315(0.43)  1905(0.07)  2051(0.71)  2075(0.58)  2250(0.88)  2802(0.06)  2951(0.08)  3142(0.77)  4839(0.32)  4840(0.25)  4841(0.28)  
2053 39(0.67)  48(0.46)  235(0.91)  267(0.07)  830(0.49)  1231(0.56)  1233(0.29)  1239(0.38)  1443(0.41)  1600(0.71)  1859(0.91)  2058(0.65)  2147(0.63)  2386(0.3)  2501(0.96)  2633(0.24)  3531(0.82)  4753(0.69)  4842(0.81)  4843(0.31)  
2054 2384(0.03)  
2055 39(0.82)  48(0.61)  267(0.41)  643(0.58)  1257(0.15)  1715(0.93)  2958(0.52)  3109(0.95)  4720(0.49)  4844(0.36)  
2056 32(0.66)  39(0.33)  48(0.08)  690(0.61)  750(0.46)  878(0.86)  1130(0.7)  3452(0.3)  3503(0.08)  3793(0.72)  4845(0.06)  4846(0.69)  
2057 39(0.3)  1809(0.58)  2156(0.23)  
2058 48(0.83)  456(0.24)  846(0.02)  1494(0.51)  2025(0.14)  2116(0.98)  3507(0.56)  3717(0.29)  4097(0.54)  
2059 39(0.62)  41(0.64)  160(0.7)  2606(0.52)  4616(0.78)  4847(0.33)  
2060 39(0.66)  41(0.71)  1964(0.14)  2080(0.99)  2239(0.53)  3307(0.01)  
2061 32(0.4)  39(0.16)  359(0.5)  
2062 39(0.95)  1407(0.59)  2749(0.85)  3411(0.72)  3501(0.86)  4848(0.28)  4849(0.25)  
2063 39(0.61)  48(0.13)  118(0.34)  956(0.92)  1126(0.65)  1368(0.07)  1715(0.32)  1787(0.33)  1833(0.81)  2269(0.16)  2447(0.58)  2650(0.02)  2990(0.07)  2994(0.09)  3074(0.15)  3186(0.05)  3400(0.7)  3462(0.26)  3664(0.76)  3693(0.38)  3735(0.04)  3840(0.11)  3977(0.19)  4201(0.07)  4354(0.18)  4850(0.81)  
2064 32(0.62)  60(0.77)  262(0.23)  301(0.83)  592(0.17)  936(0.04)  1600(0.26)  1715(0.24)  1861(0.61)  3270(0.77)  3323(0.42)  3417(0.77)  3662(0.77)  3965(0.18)  4851(0.73)  4852(0.11)  
2065 483(0.86)  674(0.85)  768(0.33)  2043(0.41)  3531(0.15)  3539(0.67)  4853(0.02)  
2066 39(0.81)  41(0.29)  48(0.29)  
2067 39(0.3)  48(0.84)  374(0.93)  1016(0.35)  1325(0.43)  2228(0.04)  2775(0.18)  3036(0.71)  3697(0.37)  4854(0.87)  
2068 48(0.72)  535(0.07)  1744(0.17)  2370(0.44)  4072(0.26)  4451(0.6)  4855(0.87)  
2069 48(0.82)  278(0.69)  352(0.11)  691(0.39)  734(0.08)  893(0.27)  1275(0.4)  1479(0.32)  1481(0.31)  3102(0.03)  3400(0.16)  4002(0.96)  4856(0.37)  4857(0.06)  4858(0.34)  4859(0.19)  4860(0.82)  
2070 32(0.54)  48(0.97)  249(0.35)  352(0.52)  753(0.46)  894(0.81)  936(0.13)  1809(0.49)  2031(0.76)  2946(0.77)  3402(0.54)  3826(0.42)  3999(0.78)  4861(0.46)  4862(0.27)  
2071 10(0.89)  48(0.34)  783(0.76)  1715(0.79)  3549(0.6)  3840(0.5)  4225(0.82)  4304(0.26)  4765(0.92)  4863(0.77)  4864(0.12)  
2072 39(0.62)  89(0.46)  1547(0.32)  2766(0.5)  4284(0.31)  
2073 1755(0.17)  1756(0.95)  2578(0.11)  4493(0.51)  4865(0.67)  
2074 39(0.57)  925(0.45)  1327(0.16)  1540(0.48)  1715(0.79)  1752(0.04)  2100(0.69)  2481(0.43)  2665(0.78)  3184(0.55)  3569(0.98)  4686(0.44)  4866(0.38)  
2075 39(0.82)  41(0.12)  117(0.11)  225(0.29)  337(0.09)  338(0.56)  550(0.44)  855(0.52)  976(0.9)  2238(0.01)  4178(0.68)  4867(0.14)  
2076 38(0.53)  48(0.62)  101(0.24)  308(0.4)  408(0.05)  1378(0.92)  1379(0.08)  1831(0.75)  2657(0.01)  2670(0.54)  2947(0.07)  3270(0.23)  3320(0.88)  4655(0.77)  4868(0.93)  
2077 40(0.85)  234(0.74)  274(0.67)  1671(0.74)  1796(0.54)  2472(0.14)  
2078 2(0.03)  32(0.27)  38(0.49)  39(0.77)  41(0.03)  48(0.3)  80(0.48)  101(0.16)  135(0.87)  170(0.88)  272(0.41)  348(0.55)  352(0.81)  589(0.29)  770(0.87)  840(0.75)  865(0.73)  892(0.25)  950(0.33)  1051(0.66)  1081(0.55)  1128(0.37)  1333(0.07)  1859(0.33)  2291(0.01)  2599(0.11)  2708(0.25)  2776(0.64)  2784(0.49)  2987(0.45)  3458(0.24)  3550(0.41)  3688(0.52)  4336(0.11)  4869(0.91)  4870(0.84)  4871(0.42)  4872(0.31)  4873(0.81)  
2079 39(0.14)  48(0.79)  381(0.3)  966(0.07)  987(0.94)  1194(0.99)  1275(0.2)  3235(0.45)  4874(0.88)  4875(0.25)  4876(0.18)  
2080 32(0.32)  80(0.47)  89(0.8)  215(0.32)  901(0.27)  1198(0.16)  1290(0.67)  1435(0.59)  1638(0.06)  2440(0.47)  3037(0.13)  3409(0.99)  4155(0.99)  4877(0.18)  4878(0.39)  4879(0.94)  4880(0.1)  
2081 2(0.81)  32(0.08)  39(0.77)  48(0.94)  156(0.87)  186(0.8)  215(0.98)  225(0.3)  232(0.12)  237(0.99)  255(0.6)  397(0.7)  535(0.37)  592(0.67)  675(0.92)  696(0.43)  699(0.69)  739(0.42)  749(0.15)  816(0.95)  848(0.88)  910(0.54)  956(0.63)  967(0.27)  986(0.46)  1058(0.71)  1344(0.64)  1435(0.45)  1534(0.84)  1591(0.83)  1602(0.41)  1704(0.02)  1794(0.66)  1807(0.35)  1915(0.74)  2080(0.55)  2212(0.32)  2374(0.34)  2388(0.27)  2395(0.94)  2784(0.11)  3299(0.63)  3607(0.74)  3715(0.58)  3783(0.21)  4042(0.35)  4303(0.79)  4698(0.74)  4786(0.53)  4881(0.3)  4882(0.85)  
2082 39(0.52)  48(0.33)  319(0.1)  2528(0.87)  4883(0.55)  
2083 38(0.14)  286(0.13)  
2084 3274(0.09)  3687(0.57)  4072(0.64)  
2085 255(0.79)  1755(0.89)  4884(0.57)  
2086 19(0.38)  60(0.36)  189(0.48)  204(0.7)  393(0.76)  812(0.1)  1996(0.71)  2172(0.6)  2793(0.76)  3373(0.26)  3651(0.25)  3966(0.35)  4489(0.45)  4885(0.63)  
2087 19(0.79)  39(0.64)  62(0.38)  449(0.83)  717(0.44)  1701(0.2)  1930(0.93)  3159(0.15)  4886(0.99)  
2088 4887(0.52)  4888(0.37)  
2089 39(0.83)  48(0.01)  49(0.57)  1741(0.63)  1789(0.32)  4682(0.72)  4889(0.61)  
2090 15(0.27)  41(0.88)  156(0.71)  184(0.68)  189(0.85)  201(0.06)  206(0.38)  259(0.49)  441(0.65)  475(0.79)  913(0.3)  1143(0.62)  1343(0.81)  1421(0.36)  1714(0.8)  1789(0.19)  2191(0.17)  2233(0.48)  2293(0.38)  2370(0.56)  2474(0.81)  3047(0.43)  3724(0.18)  4890(0.05)  
2091 32(0.67)  48(0.76)  854(0.64)  4891(0.52)  
2092 1391(0.3)  3195(0.69)  
2093 38(0.21)  110(0.13)  546(0.15)  1327(0.78)  
2094 38(0.55)  55(0.97)  1174(0.28)  1347(0.58)  
2095 48(0.02)  1073(0.46)  
2096 271(0.06)  359(0.3)  788(0.44)  1861(0.27)  2425(0.27)  2612(0.48)  3331(0.02)  3678(0.14)  3882(0.46)  4100(0.72)  4871(0.49)  4892(0.6)  
2097 32(0.93)  41(0.48)  79(0.41)  3262(0.97)  
2098 48(0.87)  1121(0.94)  
2099 39(0.87)  2763(0.69)  
2100 39(0.95)  48(0.18)  176(0.63)  185(0.94)  716(0.88)  848(0.2)  1228(0.14)  1397(0.1)  1442(0.98)  1772(0.39)  1809(0.7)  2527(0.68)  2728(0.61)  3057(0.13)  3756(0.38)  3800(0.28)  4339(0.37)  4883(0.76)  4893(0.08)  4894(0.78)  4895(0.69)  4896(0.27)  
2101 36(0.59)  38(0.59)  102(0.99)  152(0.72)  264(0.11)  274(0.98)  983(0.71)  1760(0.37)  2425(0.84)  2480(0.47)  4897(0.36)  4898(0.07)  
2102 41(0.56)  48(0.33)  1232(0.22)  3282(0.83)  3599(0.19)  4256(0.81)  
2103 41(0.6)  291(0.98)  4899(0.01)  
2104 39(0.94)  48(0.25)  255(0.62)  1138(0.63)  1470(0.3)  1655(0.38)  3347(0.32)  3425(0.41)  3802(0.88)  4462(0.87)  
2105 89(0.63)  501(0.54)  592(0.73)  1198(0.92)  
2106 39(0.28)  48(0.9)  101(0.36)  189(0.82)  310(0.44)  352(0.39)  408(0.21)  673(0.66)  941(0.94)  1051(0.8)  2191(0.81)  2453(0.24)  3502(0.11)  4156(0.17)  4900(0.14)  
2107 9(0.61)  348(0.61)  352(0.22)  416(0.95)  604(0.6)  681(0.57)  783(0.96)  1010(0.62)  1121(0.46)  1430(1.0)  1755(0.78)  1859(0.73)  3186(0.55)  3272(0.11)  3462(0.71)  3709(0.72)  4901(0.87)  4902(0.6)  
2108 36(0.42)  38(0.89)  39(0.93)  48(0.11)  199(0.05)  414(0.7)  1556(0.03)  3019(0.14)  3593(0.27)  4099(0.53)  
2109 32(0.67)  39(0.33)  41(0.44)  78(0.55)  201(0.54)  225(0.71)  271(0.55)  346(0.09)  407(0.66)  2283(0.1)  3192(0.75)  3404(0.03)  3799(0.05)  4294(0.27)  4630(0.55)  4883(0.02)  
2110 94(0.73)  185(0.87)  310(0.87)  338(0.83)  348(0.37)  352(0.88)  604(0.62)  947(0.79)  1421(0.45)  1513(0.86)  1702(0.17)  1859(0.19)  1984(0.15)  2437(0.96)  2702(0.57)  3462(0.3)  3709(0.11)  4208(0.56)  4349(0.7)  4525(0.37)  4561(0.21)  4903(0.33)  4904(0.31)  
2111 32(0.56)  38(0.47)  110(0.15)  
2112 37(0.07)  38(0.05)  39(0.76)  48(0.15)  592(0.8)  681(0.37)  1714(0.54)  2210(0.18)  3353(0.71)  4395(0.62)  4642(0.56)  4905(0.98)  
2113 48(0.72)  
2114 39(0.99)  41(0.58)  48(0.74)  268(0.59)  352(0.27)  905(0.49)  1113(0.93)  1456(0.63)  1714(0.56)  1859(0.78)  2103(0.06)  2633(0.65)  2775(0.39)  2786(0.64)  3112(0.77)  3270(0.91)  3462(0.46)  4899(0.29)  4906(0.14)  4907(0.44)  
2115 107(0.37)  108(0.72)  112(0.76)  854(0.54)  1002(0.09)  1067(0.39)  1362(0.77)  1617(0.53)  1758(0.63)  1806(0.85)  1875(0.96)  2135(0.46)  2227(0.61)  3186(0.35)  4146(0.39)  4558(0.86)  4580(0.85)  4908(0.8)  
2116 32(0.3)  38(0.66)  39(0.34)  47(0.22)  48(0.13)  615(0.04)  785(0.91)  4909(0.05)  4910(0.09)  
2117 39(0.61)  41(0.9)  48(0.42)  189(0.58)  310(0.14)  1783(0.01)  2495(0.71)  2673(0.81)  4911(0.22)  
2118 48(0.35)  155(0.7)  179(0.36)  846(0.64)  850(0.3)  1121(0.72)  1349(0.76)  2764(0.49)  3419(0.16)  3487(0.23)  4912(0.52)  
2119 31(0.07)  4148(0.73)  
2120 389(0.88)  1578(0.51)  3164(0.32)  
2121 36(0.23)  38(0.49)  39(0.65)  48(0.65)  147(0.95)  237(0.81)  244(0.85)  1557(0.92)  1824(0.57)  2756(0.93)  2978(0.78)  3345(0.17)  4913(0.19)  
2122 236(0.82)  246(0.37)  1209(0.87)  1479(0.6)  2284(0.74)  2468(0.05)  3762(0.91)  
2123 10(0.76)  25(0.95)  36(0.72)  38(0.83)  39(0.53)  41(0.57)  48(0.7)  110(0.76)  258(0.72)  264(0.57)  529(0.16)  718(0.19)  1619(0.23)  4389(0.72)  
2124 36(0.71)  38(0.09)  39(0.67)  48(0.93)  706(0.18)  976(0.21)  1121(0.12)  1654(0.67)  1779(0.95)  2006(0.98)  2053(0.27)  2694(0.81)  2773(0.01)  
2125 38(0.59)  48(0.38)  170(0.98)  694(0.08)  3659(0.67)  4533(0.69)  
2126 39(0.07)  48(0.46)  53(0.65)  89(0.32)  156(0.01)  1184(0.69)  1344(0.67)  1872(0.29)  2164(0.38)  2746(0.66)  
2127 32(0.31)  38(0.6)  170(0.52)  1344(0.98)  2199(0.61)  2520(0.09)  4027(0.4)  4286(0.54)  
2128 23(0.34)  39(0.03)  41(0.1)  442(0.8)  1593(0.24)  3417(0.8)  3641(0.96)  4914(0.68)  
2129 39(0.86)  41(0.24)  79(0.06)  4091(0.93)  
2130 39(0.79)  1741(0.41)  2915(0.6)  
2131 23(0.84)  32(0.41)  39(0.56)  348(0.56)  352(0.11)  396(0.8)  1113(0.21)  1808(0.94)  1853(0.73)  1859(0.32)  2638(0.69)  2694(0.35)  2749(0.48)  3045(0.42)  3067(0.0)  3091(0.08)  3117(0.77)  3411(0.58)  3642(0.61)  3930(0.97)  3988(0.86)  4011(0.64)  4064(0.72)  4915(0.93)  
2132 39(0.15)  62(0.1)  962(0.87)  2638(0.35)  3981(0.3)  4010(0.03)  4916(0.45)  
2133 38(0.74)  370(0.82)  371(0.01)  
2134 39(0.36)  60(0.13)  604(0.53)  1126(0.57)  4917(0.24)  4918(0.6)  
2135 9(0.72)  32(0.99)  39(0.43)  41(0.91)  48(0.38)  101(0.16)  246(0.26)  1073(0.57)  1130(0.97)  1320(0.46)  1446(0.74)  1877(0.53)  2127(0.71)  2245(0.27)  2813(0.9)  4207(0.95)  4448(0.68)  4631(0.94)  4919(0.7)  4920(0.88)  
2136 32(0.42)  48(0.37)  101(0.79)  293(0.72)  358(0.66)  475(0.41)  846(0.34)  956(0.16)  1004(0.71)  2100(0.99)  2709(0.14)  3693(0.08)  4236(0.35)  4921(0.08)  4922(0.81)  
2137 48(0.56)  981(0.17)  1627(0.03)  4430(0.18)  
2138 38(0.72)  39(0.05)  48(0.13)  51(0.82)  53(0.71)  281(0.05)  475(0.92)  536(0.93)  623(0.27)  956(0.59)  1595(0.02)  1910(0.43)  2208(0.53)  2233(0.41)  2673(0.32)  3119(0.5)  3642(0.59)  4326(0.18)  4923(0.53)  
2139 32(0.59)  39(0.26)  41(0.14)  48(0.42)  49(0.35)  235(0.39)  261(0.9)  264(0.53)  1144(0.64)  1234(0.61)  1985(0.72)  3037(0.7)  3250(0.81)  3505(0.74)  4427(0.98)  4924(0.75)  4925(0.5)  
2140 39(0.48)  41(0.65)  71(0.96)  237(0.54)  384(1.0)  398(0.04)  438(0.77)  1494(0.72)  1625(0.67)  2127(0.69)  2343(0.6)  2493(0.88)  3179(0.45)  
2141 32(0.38)  38(0.5)  48(0.63)  131(0.62)  170(0.38)  397(0.34)  420(0.72)  518(0.08)  610(0.21)  622(0.15)  837(0.06)  1425(0.49)  1444(0.44)  1619(0.61)  1787(0.85)  1821(0.35)  1999(0.38)  2526(0.91)  2555(0.58)  2990(0.68)  3761(0.19)  4193(0.83)  4891(0.72)  4926(0.43)  4927(0.75)  4928(0.41)  
2142 48(0.02)  77(0.68)  548(0.77)  643(0.09)  677(0.86)  903(0.5)  966(0.73)  987(0.93)  1182(0.73)  1558(0.1)  1853(0.43)  1875(0.88)  2030(0.35)  2118(0.45)  2395(0.61)  2507(0.31)  2934(0.27)  2935(0.41)  3228(0.24)  3297(0.57)  3299(0.32)  3638(0.13)  3799(0.96)  3817(0.51)  3982(0.61)  4167(0.39)  4929(0.47)  4930(0.73)  4931(0.45)  4932(0.27)  
2143 39(0.13)  41(0.44)  310(0.67)  413(0.29)  1090(0.99)  1158(0.71)  1185(0.27)  1277(0.19)  1288(0.68)  1438(0.46)  1616(0.59)  1701(0.49)  1920(0.31)  2205(0.98)  2272(0.44)  2655(0.98)  2689(0.46)  2788(0.3)  3218(0.13)  4026(0.33)  4080(0.82)  4169(0.87)  4376(0.18)  4933(0.76)  4934(0.75)  4935(0.88)  4936(0.17)  4937(0.46)  4938(0.75)  4939(0.26)  4940(0.56)  4941(0.32)  
2144 32(0.3)  39(0.72)  41(0.76)  48(0.76)  189(0.16)  275(0.41)  288(0.15)  591(0.73)  623(0.14)  703(0.82)  1086(0.91)  1327(0.62)  1699(0.32)  2290(0.85)  3858(0.05)  4942(0.96)  4943(0.29)  4944(0.42)  
2145 209(0.3)  488(0.72)  824(0.32)  1209(0.98)  1578(0.42)  2470(0.7)  2607(0.15)  2764(0.29)  2975(0.18)  3277(0.59)  3991(0.98)  4271(0.99)  4945(0.43)  4946(0.46)  4947(0.48)  4948(0.89)  
2146 32(0.6)  48(0.44)  56(0.36)  105(0.67)  345(0.02)  424(0.2)  425(0.97)  612(1.0)  988(0.91)  992(0.41)  1004(0.56)  1013(0.33)  2015(0.95)  2034(0.42)  2573(0.21)  2654(0.5)  4097(0.48)  4685(0.8)  4744(0.3)  4927(0.0)  4949(0.13)  4950(0.76)  
2147 32(0.87)  39(0.17)  48(0.5)  
2148 9(0.66)  189(0.68)  402(0.28)  749(0.22)  978(0.95)  2135(0.86)  4951(0.75)  4952(0.88)  4953(0.42)  
2149 39(0.58)  572(0.78)  1585(0.19)  2638(0.2)  3576(0.27)  4954(0.91)  4955(0.7)  
2150 604(0.58)  3267(0.65)  4956(0.7)  
2151 413(0.42)  1748(0.39)  2143(0.83)  2144(0.81)  4158(0.23)  
2152 41(0.88)  48(0.75)  60(0.97)  107(0.44)  598(0.18)  788(0.89)  865(0.8)  1369(0.21)  1505(0.27)  2033(0.64)  2476(0.75)  2492(0.46)  2682(0.08)  2815(0.24)  4198(0.06)  4394(0.8)  4650(0.34)  
2153 9(0.15)  32(0.86)  38(0.01)  39(0.0)  53(0.47)  175(0.97)  185(0.22)  338(0.4)  536(0.88)  837(0.82)  840(0.65)  842(0.41)  956(0.99)  1291(0.17)  2193(0.86)  3196(0.51)  3465(0.04)  4719(0.99)  4957(0.86)  4958(0.67)  
2154 41(0.61)  48(0.15)  249(0.5)  433(0.91)  524(0.92)  546(0.76)  1055(0.3)  1387(0.31)  1393(0.27)  3405(0.65)  4374(0.5)  4959(0.3)  
2155 37(0.31)  38(0.36)  39(0.35)  41(0.69)  48(0.3)  1402(0.92)  4701(0.54)  
2156 31(0.1)  39(0.63)  82(0.45)  155(0.38)  260(0.85)  591(0.95)  779(0.17)  812(0.23)  824(0.39)  837(0.57)  846(0.88)  1062(0.05)  1184(1.0)  1537(0.59)  1934(0.52)  2329(0.17)  2814(0.98)  3025(0.2)  3119(0.36)  3174(0.82)  3970(0.03)  4236(0.22)  4242(0.64)  4539(0.44)  4960(0.56)  
2157 39(0.42)  41(0.78)  
2158 352(0.41)  1859(0.79)  4753(0.91)  
2159 98(0.17)  190(0.91)  246(0.98)  259(0.75)  535(0.99)  536(0.61)  571(0.7)  673(0.33)  704(0.51)  808(0.81)  966(0.9)  986(0.67)  1082(0.55)  1585(0.96)  1600(0.22)  1602(0.54)  2120(0.41)  2135(0.51)  2193(0.98)  2343(0.5)  2672(0.44)  2961(0.25)  3065(0.58)  3352(0.99)  3756(0.1)  3806(0.8)  3841(0.21)  4056(0.48)  4111(0.67)  4143(0.42)  4166(0.71)  4218(0.59)  4349(0.16)  4357(0.07)  4514(0.76)  4592(0.85)  4682(0.24)  4793(0.91)  4900(0.72)  4911(0.38)  4961(0.2)  4962(0.81)  4963(0.64)  4964(0.53)  4965(0.25)  4966(0.71)  4967(0.97)  
2160 38(0.75)  39(0.02)  48(0.75)  110(0.67)  
2161 32(0.34)  38(0.12)  39(0.72)  41(0.13)  60(0.79)  110(0.87)  175(0.93)  279(0.42)  468(0.3)  479(0.55)  595(0.15)  690(0.32)  691(0.19)  735(0.41)  947(0.95)  1004(0.92)  1035(0.05)  1043(0.23)  1108(0.55)  1331(0.53)  1400(0.84)  1744(0.23)  1797(0.81)  2515(0.03)  2554(0.35)  2701(0.5)  2847(0.56)  2990(0.13)  3236(0.71)  3347(0.51)  3735(0.55)  3799(0.31)  3977(0.31)  4008(0.18)  4363(0.03)  4429(0.48)  4457(0.23)  4968(0.77)  4969(0.12)  4970(0.5)  4971(0.33)  4972(0.68)  
2162 32(1.0)  39(0.89)  41(0.28)  48(0.34)  65(0.08)  83(0.07)  175(0.74)  199(0.85)  271(0.81)  338(0.69)  464(0.4)  598(0.36)  783(0.87)  791(0.74)  842(0.02)  1342(0.77)  1354(0.77)  1846(0.92)  2212(0.9)  2476(0.18)  3075(0.99)  3228(0.39)  3324(0.08)  3411(0.16)  4156(0.2)  4973(0.97)  4974(0.32)  4975(0.52)  
2163 38(0.93)  39(0.68)  41(0.89)  48(0.79)  156(0.76)  260(0.68)  504(0.43)  2523(0.08)  2631(0.18)  3179(0.59)  3242(0.49)  3402(0.7)  3535(0.04)  4777(0.91)  4976(0.76)  4977(0.06)  
2164 39(0.26)  48(0.56)  170(0.02)  255(0.78)  340(0.76)  352(0.23)  423(0.87)  479(0.09)  592(0.86)  749(0.35)  1425(0.8)  1656(0.07)  1675(0.72)  1867(0.16)  2049(0.87)  2201(0.94)  2443(0.36)  2938(0.01)  3859(0.09)  3936(0.94)  4191(0.58)  4336(0.32)  4978(0.94)  4979(0.77)  4980(0.77)  4981(0.28)  4982(0.54)  
2165 38(0.81)  48(0.56)  251(0.11)  286(0.61)  2329(0.51)  3276(0.95)  
2166 48(0.63)  89(0.16)  544(0.23)  596(0.48)  706(0.51)  1875(0.55)  2053(0.42)  4207(0.7)  4468(0.6)  4717(0.52)  
2167 346(0.25)  396(0.78)  718(0.9)  783(0.57)  910(0.85)  1043(0.3)  1105(0.01)  1126(0.08)  1558(0.03)  1929(0.7)  2436(0.49)  2793(0.11)  3924(0.49)  4983(0.51)  
2168 32(0.97)  39(0.97)  41(0.05)  179(0.09)  414(0.24)  595(0.65)  1002(0.79)  1104(0.36)  1139(0.12)  1342(0.16)  1999(0.61)  2002(0.38)  2062(0.96)  2157(0.6)  2554(0.08)  2912(0.29)  2984(0.0)  3174(0.73)  3482(0.59)  3981(0.6)  4984(0.51)  4985(0.23)  4986(0.18)  
2169 39(0.36)  225(0.25)  604(0.06)  2238(0.45)  2281(0.79)  
2170 39(0.32)  89(0.01)  183(0.34)  1285(0.76)  3194(0.09)  3796(0.95)  4906(0.84)  
2171 533(0.23)  1657(0.3)  4987(0.69)  4988(0.39)  
2172 9(0.73)  39(0.93)  60(0.72)  119(0.13)  122(0.93)  539(0.03)  604(0.88)  773(0.56)  990(0.6)  1422(0.85)  1558(0.09)  2184(0.32)  2671(0.33)  2793(0.57)  4416(0.49)  4989(0.6)  4990(0.61)  
2173 39(0.19)  41(0.28)  536(0.91)  2343(0.28)  2344(0.85)  2990(0.28)  2994(0.62)  3693(0.92)  3735(0.8)  3977(0.48)  4160(0.09)  4430(0.59)  4905(0.25)  
2174 38(0.95)  39(0.31)  41(0.44)  48(0.12)  170(0.4)  310(0.26)  647(0.39)  1034(0.42)  
2175 38(0.45)  39(0.63)  170(0.39)  
2176 38(0.72)  39(0.24)  41(0.31)  48(0.74)  89(0.28)  170(0.32)  201(0.28)  203(0.97)  229(0.48)  269(0.49)  338(0.1)  440(0.78)  653(0.66)  690(0.55)  956(0.63)  1815(0.1)  2212(0.94)  2413(0.07)  2915(0.95)  2990(0.65)  3279(0.82)  3625(0.69)  3735(0.32)  3841(0.75)  3966(0.13)  4111(0.1)  4162(0.79)  4326(0.91)  4464(0.94)  4512(0.39)  4581(0.3)  4624(0.27)  4991(0.29)  
2177 1198(0.45)  
2178 39(0.82)  41(0.54)  48(0.34)  310(0.09)  865(0.98)  910(0.39)  956(0.25)  1226(0.21)  1257(0.04)  1805(0.28)  2201(0.28)  2310(0.68)  2516(0.3)  3102(0.41)  3774(0.4)  4992(0.64)  
2179 26(0.77)  41(0.94)  123(0.7)  126(0.97)  352(0.52)  374(0.99)  433(0.85)  543(0.3)  751(0.29)  1254(0.81)  1859(0.33)  1872(0.21)  2116(0.8)  3338(0.21)  3357(0.08)  3462(0.76)  4002(0.84)  4076(0.8)  4993(0.57)  4994(0.78)  4995(0.85)  
2180 39(0.56)  60(0.17)  66(0.49)  208(0.58)  381(0.18)  536(0.94)  706(0.4)  839(0.58)  1123(0.33)  1733(0.67)  2762(0.47)  2883(0.52)  3411(0.63)  3735(0.51)  4097(0.46)  4127(0.99)  
2181 32(0.42)  39(0.2)  41(0.92)  53(0.31)  72(0.21)  85(0.99)  352(0.77)  413(0.23)  677(0.18)  979(0.74)  1634(0.06)  2051(0.53)  2259(0.01)  2573(0.96)  3048(0.81)  3330(0.38)  3502(0.15)  3503(0.47)  3882(0.84)  3946(0.63)  3989(0.77)  4042(0.21)  4996(0.55)  4997(0.98)  
2182 349(0.57)  478(0.95)  1165(0.59)  1172(0.38)  1310(0.53)  1440(0.46)  2793(0.89)  3735(0.88)  
2183 32(0.29)  38(0.44)  39(0.74)  41(0.09)  48(0.32)  107(0.2)  110(0.87)  604(0.44)  961(0.75)  2437(0.44)  3857(0.46)  4522(0.94)  4998(0.85)  
2184 39(0.65)  301(0.14)  349(0.02)  432(0.03)  715(0.62)  750(0.62)  779(0.79)  789(0.33)  2344(0.5)  2682(0.77)  2786(0.72)  2815(0.53)  3694(0.02)  3966(0.91)  4198(0.9)  4258(0.77)  4580(0.24)  4999(0.63)  5000(0.08)  5001(0.51)  
2185 39(0.94)  48(0.43)  514(0.07)  839(0.59)  1513(0.11)  2151(0.62)  2942(0.15)  3981(0.37)  4701(0.18)  5002(0.53)  
2186 9(0.21)  39(0.1)  112(0.02)  
2187 1236(0.16)  1888(0.89)  5003(0.25)  5004(0.65)  
2188 2894(0.37)  
2189 32(0.8)  48(0.35)  86(0.55)  147(0.87)  536(0.89)  621(0.66)  1010(0.28)  1417(0.19)  1841(0.09)  1908(0.97)  2206(0.85)  2250(0.95)  2673(0.72)  3417(0.05)  5005(0.99)  5006(0.65)  
2190 1004(0.24)  5007(0.31)  5008(0.5)  
2191 2(0.83)  32(0.01)  38(0.08)  39(0.89)  41(0.44)  48(0.85)  790(0.71)  1309(0.39)  1516(0.04)  1703(0.8)  2958(0.57)  3802(0.08)  4013(0.27)  4156(0.36)  5009(0.14)  5010(0.89)  5011(0.28)  
2192 32(0.29)  
2193 1127(1.0)  2108(0.14)  2843(0.34)  3371(0.1)  5012(0.84)  
2194 39(0.13)  111(0.65)  189(0.28)  751(0.88)  981(0.68)  1121(0.36)  1132(0.12)  1715(0.91)  2212(0.81)  2815(0.71)  3267(0.04)  3638(0.98)  3663(0.51)  4354(1.0)  4457(0.11)  4464(0.03)  4969(0.11)  5013(0.53)  5014(0.16)  
2195 39(0.44)  66(0.93)  92(0.99)  319(0.58)  535(0.34)  1439(0.78)  1501(0.25)  1654(0.03)  1986(0.31)  2141(0.62)  3695(0.5)  3896(0.21)  5015(0.4)  5016(0.69)  5017(0.21)  5018(0.59)  5019(0.46)  
2196 31(0.83)  32(0.36)  38(0.16)  39(0.05)  40(0.65)  55(0.41)  102(0.69)  189(0.17)  236(0.88)  237(0.98)  1570(0.09)  1578(0.48)  1741(0.72)  3400(0.93)  4737(0.35)  5020(0.37)  
2197 38(0.88)  39(0.5)  281(0.01)  604(0.11)  1618(0.36)  1954(0.66)  2238(0.29)  2638(0.92)  4175(0.69)  4516(0.15)  5021(0.6)  
2198 32(0.22)  1045(0.97)  3384(0.23)  
2199 32(0.08)  39(0.39)  41(0.63)  48(0.02)  95(0.27)  147(0.5)  464(0.6)  706(0.54)  798(0.17)  1165(0.96)  1277(0.04)  1811(0.6)  2286(0.72)  2492(0.04)  2811(0.15)  2822(0.63)  3179(0.73)  3217(0.4)  4571(0.62)  5022(0.53)  
2200 32(0.52)  39(0.13)  41(0.05)  48(0.03)  198(0.19)  225(0.36)  318(0.11)  493(0.3)  1543(0.98)  1600(0.43)  1768(0.84)  2486(0.54)  2887(0.62)  3462(0.25)  4002(0.93)  4198(0.84)  4279(0.32)  4354(0.16)  4433(0.2)  4630(0.67)  4969(0.43)  5023(0.01)  5024(0.77)  
2201 1264(0.18)  1456(0.52)  1577(0.33)  2164(0.24)  2325(0.71)  2894(0.41)  2987(0.59)  5025(0.1)  5026(0.93)  
2202 32(0.45)  38(0.01)  39(0.24)  41(0.79)  48(0.44)  110(0.69)  170(0.95)  171(0.81)  267(0.64)  424(0.81)  438(0.93)  495(0.32)  877(0.91)  1075(0.74)  1282(0.73)  1291(0.69)  2126(0.74)  2721(0.45)  2749(0.69)  2817(0.01)  3221(0.35)  3884(0.9)  3988(0.35)  4011(0.58)  4339(0.52)  4345(0.04)  4515(0.37)  4715(0.81)  4945(0.32)  5027(0.93)  
2203 38(0.55)  39(0.72)  48(0.71)  65(0.43)  170(0.12)  2385(0.13)  2709(0.21)  
2204 604(0.76)  2127(0.82)  4445(0.49)  
2205 32(0.16)  65(0.55)  
2206 39(0.12)  48(0.61)  1592(0.24)  
2207 39(0.26)  48(0.01)  4294(0.62)  
2208 39(0.48)  48(0.46)  79(0.8)  89(0.94)  222(0.81)  237(0.23)  340(0.39)  622(0.31)  691(0.85)  993(0.43)  1360(0.22)  1394(0.81)  1446(0.46)  1557(0.41)  1619(0.59)  2033(0.04)  2519(0.29)  2544(0.28)  2561(0.39)  2637(0.52)  2675(0.56)  2763(0.5)  3724(0.56)  3735(0.45)  4111(0.55)  4131(0.23)  4272(0.17)  
2209 32(0.98)  64(0.7)  175(0.29)  1355(0.72)  1433(0.1)  
2210 39(0.02)  48(0.7)  795(0.75)  1818(0.43)  1819(0.79)  2263(0.8)  2767(0.64)  3311(0.06)  4278(0.83)  4813(0.24)  5028(0.16)  
2211 209(0.56)  269(0.48)  558(0.77)  3221(0.25)  3358(0.56)  4397(0.65)  4685(0.93)  5029(0.29)  
2212 32(0.62)  38(0.08)  41(0.12)  48(0.51)  79(0.46)  110(0.78)  276(0.22)  595(0.97)  974(0.57)  1411(0.6)  1831(0.65)  2847(0.67)  5030(0.64)  5031(0.33)  5032(0.89)  5033(0.8)  
2213 38(0.02)  39(0.71)  112(0.78)  260(0.54)  286(0.27)  2250(0.78)  3323(0.52)  3644(0.24)  
2214 39(0.04)  41(0.76)  48(0.57)  297(0.71)  310(0.89)  336(0.19)  388(0.31)  522(0.19)  535(0.72)  612(0.94)  855(0.52)  911(0.3)  1060(0.03)  1281(0.91)  1282(0.79)  1911(0.3)  3171(0.58)  3315(0.95)  4156(0.96)  4223(0.44)  4657(0.73)  4801(0.55)  
2215 39(0.52)  48(0.69)  52(0.54)  2639(0.62)  4636(0.68)  
2216 38(0.48)  39(0.42)  41(0.71)  390(0.32)  785(0.39)  1903(0.23)  4422(0.66)  4573(0.86)  4913(0.28)  
2217 142(0.44)  717(0.33)  1497(0.28)  3175(0.14)  4215(0.97)  4784(0.52)  5034(0.83)  5035(0.45)  5036(0.96)  
2218 39(0.43)  1082(0.45)  3924(0.81)  4150(0.39)  4796(0.63)  5037(0.54)  5038(0.52)  5039(0.75)  
2219 32(0.53)  39(0.47)  41(0.24)  48(0.57)  79(0.55)  101(0.44)  161(0.75)  533(0.95)  596(0.01)  1123(0.18)  1371(0.74)  1625(0.47)  1715(0.66)  2164(0.86)  2631(0.18)  2795(0.95)  2822(1.0)  3144(0.43)  4433(0.85)  4486(0.77)  
2220 39(0.83)  41(0.3)  232(0.05)  364(0.88)  1236(0.8)  1740(0.77)  1766(0.94)  2276(0.02)  2329(0.84)  3642(0.59)  3695(0.12)  5007(0.84)  5040(0.17)  
2221 41(0.86)  364(0.41)  2052(0.76)  
2222 38(0.8)  41(0.25)  65(0.64)  301(0.58)  352(0.53)  604(0.32)  749(0.21)  783(0.96)  1529(0.12)  1859(0.76)  2250(0.44)  4430(0.02)  
2223 39(0.34)  48(0.55)  65(0.71)  749(0.37)  2108(0.65)  2343(0.39)  2749(0.13)  4069(0.0)  5041(0.21)  
2224 39(0.25)  41(0.87)  
2225 32(0.2)  39(0.52)  48(0.38)  74(0.48)  346(0.27)  4270(0.95)  5042(0.76)  5043(0.0)  5044(0.72)  
2226 32(0.2)  39(0.05)  48(0.73)  79(1.0)  749(0.24)  2749(0.85)  4764(0.72)  
2227 32(0.19)  73(0.93)  475(0.24)  1155(0.71)  1963(0.48)  2064(0.3)  2191(0.42)  2565(0.39)  2600(0.75)  2963(0.77)  5045(0.29)  
2228 39(0.57)  41(0.86)  48(0.89)  175(0.44)  264(0.25)  349(0.59)  438(0.11)  749(0.15)  1355(0.61)  1789(0.42)  3179(0.88)  
2229 36(0.26)  38(0.36)  5046(0.14)  5047(0.22)  
2230 258(0.96)  407(0.19)  413(0.95)  961(0.02)  973(0.88)  1619(0.74)  1714(0.76)  2186(0.81)  2814(0.37)  3124(0.93)  3855(0.77)  4122(0.91)  4585(0.51)  4962(0.97)  5048(0.59)  5049(0.89)  
2231 32(0.49)  48(0.67)  1344(0.5)  3323(0.2)  4718(0.31)  5050(0.31)  
2232 8(0.93)  439(0.32)  
2233 39(0.79)  41(0.51)  48(0.38)  94(0.66)  100(0.85)  267(0.75)  352(0.81)  458(0.23)  464(0.1)  533(0.59)  592(0.21)  728(0.8)  798(0.43)  1172(0.71)  1228(0.27)  1315(0.78)  1580(0.35)  2049(0.34)  2144(0.18)  2151(0.75)  2537(0.99)  2644(0.35)  2775(0.68)  2915(0.55)  3265(0.44)  3468(0.04)  3516(0.52)  5051(0.61)  5052(0.06)  5053(0.87)  5054(0.05)  5055(0.01)  
2234 32(0.51)  36(0.82)  38(0.92)  39(0.58)  41(0.33)  48(0.34)  204(0.73)  286(0.73)  301(0.46)  544(0.94)  585(0.58)  676(0.83)  749(0.28)  770(0.52)  1112(0.81)  1147(0.88)  1239(0.44)  1265(0.39)  1550(0.88)  1896(0.23)  1971(0.91)  2141(0.16)  2328(0.32)  2394(0.39)  2464(0.98)  2555(0.28)  2891(0.93)  2919(0.69)  2998(0.9)  3093(0.3)  3270(0.27)  3323(0.9)  4780(0.44)  5056(0.23)  5057(0.75)  5058(0.35)  5059(0.92)  5060(0.95)  5061(0.33)  5062(0.84)  5063(0.32)  5064(0.62)  
2235 39(0.87)  861(0.65)  961(0.21)  3859(0.74)  4258(0.12)  4962(0.94)  5048(0.76)  5065(0.82)  5066(0.63)  
2236 209(0.79)  1478(0.61)  1587(0.7)  1588(0.92)  1866(0.32)  2151(0.9)  2554(0.66)  4646(0.39)  5025(0.05)  5067(0.43)  5068(0.38)  
2237 39(0.99)  616(0.39)  986(0.9)  1139(0.33)  1239(0.96)  1349(0.14)  1385(0.24)  1617(0.37)  1715(0.61)  1782(0.57)  1842(0.0)  1930(0.86)  1966(0.07)  2015(0.36)  2084(0.96)  2162(0.77)  2709(0.0)  2754(0.08)  2762(0.52)  3133(1.0)  3135(0.47)  3173(0.1)  3452(0.53)  3778(0.06)  3805(0.68)  3840(0.39)  4360(0.66)  4591(0.8)  4779(0.76)  5069(0.2)  5070(0.52)  5071(0.7)  5072(0.32)  5073(0.61)  5074(0.64)  5075(0.31)  5076(0.08)  
2238 39(0.34)  48(0.51)  763(0.02)  773(0.48)  878(0.73)  1287(0.2)  1658(0.2)  1838(0.99)  1947(0.73)  2293(0.42)  2965(0.95)  3624(0.88)  3625(0.08)  3827(0.11)  4301(0.63)  4580(0.96)  5077(0.11)  
2239 39(0.29)  48(0.97)  
2240 38(0.84)  39(0.22)  105(0.06)  1372(0.97)  1513(0.65)  1910(0.08)  2065(0.41)  2374(0.21)  2633(0.58)  2714(0.78)  3358(0.01)  3981(0.6)  4056(0.82)  4156(0.05)  4258(0.66)  4386(0.38)  
2241 39(0.19)  363(0.67)  381(0.99)  563(0.16)  2644(0.61)  3434(0.42)  4220(0.81)  
2242 39(0.48)  5078(0.28)  
2243 39(0.1)  189(0.04)  1000(0.97)  
2244 32(0.76)  41(0.78)  60(0.78)  381(0.1)  413(0.31)  604(0.35)  896(0.41)  1043(0.95)  1391(0.38)  2876(0.65)  2967(0.82)  3539(0.62)  3782(0.13)  
2245 39(0.23)  48(0.21)  402(0.95)  1880(0.1)  2383(0.06)  5079(0.76)  
2246 18(0.52)  32(0.1)  248(1.0)  295(0.61)  522(0.85)  618(0.09)  913(0.08)  2290(0.55)  2542(0.77)  2557(0.27)  
2247 848(0.6)  1315(0.06)  1425(0.82)  1616(0.61)  1776(0.74)  3502(0.95)  4376(0.27)  5080(0.28)  5081(0.9)  
2248 48(0.59)  225(0.82)  589(0.7)  
2249 39(0.69)  48(0.39)  101(0.25)  279(0.37)  310(0.13)  381(0.17)  766(0.67)  1389(0.47)  5082(0.33)  
2250 36(0.65)  38(0.19)  39(0.62)  376(0.38)  
2251 39(0.89)  48(0.75)  60(0.23)  124(0.73)  188(0.24)  408(0.48)  536(0.12)  877(0.89)  1280(0.21)  1316(0.0)  2377(0.73)  2684(0.32)  3533(0.13)  4149(0.58)  4302(0.2)  4797(0.63)  4837(0.18)  4900(0.13)  5083(0.83)  5084(0.21)  5085(0.96)  5086(0.63)  5087(0.08)  
2252 39(0.7)  48(0.17)  147(0.93)  175(0.87)  189(0.62)  389(0.95)  573(0.85)  806(0.83)  849(0.6)  1037(0.18)  1192(0.53)  2981(0.07)  3988(0.3)  5088(0.55)  5089(0.27)  5090(0.53)  5091(0.77)  
2253 32(0.54)  3362(0.51)  
2254 32(0.89)  39(0.61)  1872(0.18)  1891(0.77)  2856(0.19)  5092(0.56)  5093(0.3)  5094(0.21)  
2255 39(0.04)  48(0.46)  89(0.97)  310(0.41)  940(0.04)  1499(0.72)  1659(0.77)  3317(0.22)  3388(0.0)  4269(0.76)  4334(0.95)  5095(0.26)  
2256 32(0.29)  260(0.9)  1861(0.51)  2523(0.65)  4037(0.34)  5096(0.03)  
2257 39(0.29)  48(0.57)  60(0.63)  189(0.8)  297(0.52)  352(0.05)  567(0.23)  697(0.7)  861(0.12)  963(0.92)  976(0.15)  1173(0.73)  1393(0.75)  1765(0.07)  1867(0.8)  1872(0.13)  2130(0.49)  2425(0.38)  2612(0.15)  3358(0.35)  3411(0.21)  3412(0.01)  3548(0.89)  3678(0.08)  4072(0.87)  4214(1.0)  5097(0.57)  5098(0.85)  
2258 39(0.82)  179(0.55)  4099(0.4)  4756(0.54)  5099(0.07)  
2259 39(0.89)  279(1.0)  1925(0.18)  1930(0.39)  4967(0.04)  5100(0.21)  
2260 39(0.04)  41(0.46)  230(0.33)  246(0.74)  599(0.78)  1228(0.89)  3368(0.03)  5101(0.17)  
2261 39(0.35)  48(0.64)  2130(0.56)  2187(0.41)  2990(0.2)  3611(0.41)  3735(0.06)  4111(0.45)  
2262 32(0.38)  48(0.04)  179(0.06)  604(0.43)  1715(0.88)  1738(0.48)  2019(0.49)  3164(0.57)  4128(0.77)  5102(0.52)  5103(0.16)  5104(0.83)  
2263 222(0.23)  237(0.79)  251(0.36)  372(0.49)  380(0.66)  677(0.67)  1254(0.44)  1417(0.73)  1784(0.63)  2119(0.02)  2634(0.08)  2714(0.12)  3668(0.36)  4326(0.48)  4394(0.92)  5105(0.81)  
2264 32(0.09)  39(0.51)  48(0.49)  271(0.45)  352(0.87)  475(0.66)  1355(0.9)  1715(0.63)  2325(0.15)  2506(0.03)  2656(0.63)  2847(0.94)  2951(0.49)  2958(0.37)  3186(0.66)  3644(0.78)  3840(0.47)  4096(0.66)  4107(0.7)  4705(0.24)  
2265 32(0.04)  39(0.16)  48(0.59)  115(0.74)  169(0.24)  189(0.96)  251(0.89)  956(0.95)  1479(0.66)  2329(0.2)  2771(0.21)  3035(0.82)  5106(0.9)  5107(0.2)  5108(0.19)  5109(0.64)  5110(0.48)  
2266 48(0.72)  79(0.09)  101(0.14)  113(0.57)  207(0.32)  348(0.19)  548(0.72)  549(0.21)  783(0.1)  1183(0.71)  1675(0.34)  2254(0.66)  2583(0.09)  2966(0.63)  2983(0.68)  2987(0.87)  4336(0.55)  5111(0.64)  5112(0.26)  
2267 32(0.34)  203(0.32)  208(0.82)  533(0.44)  789(0.38)  824(0.48)  828(0.33)  1246(0.21)  1629(0.99)  1827(0.04)  2115(0.87)  3101(0.08)  3879(0.27)  4149(0.76)  4571(0.88)  5062(0.63)  5113(0.86)  
2268 147(0.34)  209(0.41)  234(0.13)  237(0.79)  381(0.65)  727(0.87)  1121(0.05)  1376(0.28)  1468(0.77)  1568(0.35)  2638(0.87)  2775(0.27)  2815(0.25)  2992(0.85)  4035(0.91)  4269(0.97)  5114(0.73)  5115(0.98)  
2269 65(0.71)  77(0.34)  156(0.48)  184(0.26)  229(0.27)  346(0.83)  772(0.91)  803(0.01)  826(0.55)  916(0.81)  1274(0.57)  1964(0.44)  2069(0.06)  2164(0.19)  2242(0.71)  2481(0.32)  2492(0.04)  3608(0.47)  4587(0.89)  4686(0.98)  5116(0.27)  5117(0.5)  5118(0.7)  
2270 39(0.86)  43(0.99)  823(0.61)  1991(0.32)  5119(0.6)  5120(0.52)  5121(0.98)  5122(0.27)  
2271 39(0.25)  48(0.58)  376(0.25)  706(0.77)  1010(0.43)  1481(0.22)  1552(0.06)  2613(0.38)  2663(0.32)  2990(0.61)  3641(0.13)  3693(0.18)  3735(0.22)  4097(0.62)  
2272 38(0.71)  39(0.63)  41(0.92)  48(0.32)  76(0.44)  105(0.9)  184(0.55)  208(0.58)  515(0.02)  797(0.42)  1047(0.69)  1090(0.01)  1150(0.59)  1151(0.19)  1153(0.99)  1154(0.29)  1156(0.7)  1438(0.81)  1517(0.51)  1562(0.92)  1629(0.4)  1762(0.16)  1848(0.31)  2417(0.91)  2624(0.84)  2694(0.0)  2697(0.16)  2865(0.2)  3609(0.4)  3636(0.96)  3678(0.65)  3876(0.84)  3879(0.18)  3912(0.34)  4949(0.49)  5123(0.52)  5124(0.22)  5125(0.28)  5126(0.24)  
2273 256(0.22)  3680(0.63)  
2274 39(0.55)  48(0.31)  300(0.41)  387(0.83)  426(0.36)  592(0.94)  715(0.87)  1459(0.76)  2069(0.8)  2464(0.55)  3323(0.97)  5127(0.38)  
2275 38(0.62)  39(0.17)  41(0.38)  48(0.93)  56(0.03)  2834(0.34)  4983(0.49)  
2276 37(0.66)  38(0.63)  48(0.95)  466(0.99)  790(0.88)  2906(0.31)  5128(0.97)  5129(0.17)  5130(1.0)  5131(0.02)  5132(0.65)  
2277 345(0.4)  352(0.19)  592(0.92)  766(0.48)  772(0.93)  861(0.09)  887(0.34)  2191(0.26)  4284(0.92)  5133(0.11)  5134(0.05)  5135(0.68)  
2278 38(0.08)  39(0.76)  41(0.94)  673(0.46)  697(0.12)  790(0.55)  856(0.64)  1138(0.78)  2154(0.71)  5019(0.53)  5136(0.25)  
2279 38(0.85)  39(0.59)  41(0.23)  170(0.08)  348(0.17)  413(0.91)  460(0.47)  947(0.11)  1013(0.27)  1257(0.91)  1393(0.17)  2048(0.04)  2060(0.26)  2170(0.31)  3106(0.91)  4198(0.37)  
2280 31(0.58)  39(0.86)  41(0.72)  79(0.8)  475(0.93)  645(0.82)  847(0.06)  975(0.77)  1089(0.42)  1281(0.7)  1543(0.67)  2201(0.5)  2594(0.61)  2663(0.67)  4127(0.97)  4661(0.27)  
2281 39(0.55)  64(0.29)  272(0.89)  706(0.44)  750(0.27)  806(1.0)  1062(0.16)  1077(0.04)  1120(0.18)  1361(0.88)  1437(0.36)  2424(0.6)  2880(0.16)  3774(0.35)  3966(0.54)  4899(0.74)  5137(0.66)  5138(0.01)  5139(0.96)  
2282 38(0.17)  39(0.09)  48(0.54)  53(0.68)  84(0.98)  189(0.62)  385(0.17)  432(0.37)  433(0.58)  504(0.66)  535(0.93)  1123(0.65)  1572(0.65)  1881(0.26)  2528(0.09)  4525(0.97)  4753(0.38)  5133(0.71)  5140(0.66)  5141(0.91)  
2283 39(0.05)  48(0.02)  475(0.77)  812(0.55)  4270(0.03)  5142(0.28)  
2284 39(0.8)  48(0.46)  1310(0.01)  1791(0.61)  2574(0.1)  4563(0.18)  
2285 39(0.96)  41(0.28)  310(0.36)  2293(0.49)  2488(0.71)  5143(0.33)  
2286 38(0.83)  170(0.79)  5144(0.72)  
2287 39(0.58)  249(0.96)  312(0.73)  348(0.26)  1819(0.32)  1870(0.28)  2374(0.86)  2638(0.98)  2797(0.75)  3311(0.29)  3688(0.38)  5145(0.84)  5146(0.62)  
2288 32(0.04)  39(0.48)  492(0.44)  1686(0.79)  1704(0.97)  1804(0.59)  2006(0.87)  2715(0.95)  2747(0.75)  2894(0.22)  3059(0.35)  3907(0.66)  4489(0.93)  4567(0.92)  5147(0.38)  5148(0.9)  5149(0.38)  
2289 39(0.89)  94(0.59)  185(0.62)  604(0.24)  1121(0.92)  1991(0.96)  3858(0.2)  
2290 9(0.89)  32(0.54)  41(0.43)  48(0.32)  123(0.77)  338(0.93)  652(0.55)  760(0.64)  817(0.49)  1412(0.54)  1562(0.62)  1629(0.41)  2051(0.44)  2118(0.47)  2212(0.65)  2278(0.8)  3611(0.67)  4164(0.88)  4304(0.85)  4325(0.09)  5150(0.05)  
2291 117(0.55)  178(0.87)  806(0.97)  1026(0.13)  2266(0.12)  
2292 32(0.78)  39(0.04)  41(0.39)  42(0.85)  48(0.7)  475(0.81)  533(0.82)  591(0.5)  861(0.78)  886(0.11)  989(0.88)  1349(0.49)  2052(0.8)  
2293 107(0.5)  251(0.87)  1481(0.95)  1656(0.95)  1966(0.95)  2117(0.44)  2785(0.61)  5151(0.08)  
2294 39(0.06)  65(0.51)  402(0.32)  511(0.72)  5152(0.73)  
2295 5(0.98)  48(0.3)  338(0.22)  413(0.61)  535(0.7)  681(0.09)  812(0.8)  839(0.78)  1159(0.2)  2023(0.33)  4164(0.18)  
2296 39(0.72)  41(0.06)  189(0.08)  413(0.55)  3120(0.8)  
2297 39(0.71)  41(0.64)  48(0.87)  89(0.64)  310(0.86)  426(0.32)  514(0.34)  640(0.0)  777(0.18)  1184(0.88)  1393(0.29)  1756(0.92)  2011(0.36)  2437(0.33)  2524(0.85)  3245(0.6)  3521(0.03)  4843(0.1)  5153(0.94)  5154(0.46)  5155(0.74)  5156(0.78)  
2298 349(0.3)  1237(0.88)  3641(0.08)  4145(0.03)  4198(0.86)  5157(0.17)  
2299 23(0.74)  32(0.08)  48(0.92)  65(0.74)  101(0.29)  116(0.27)  374(0.85)  551(0.66)  560(0.26)  1065(0.68)  1198(0.89)  1408(0.46)  1417(0.47)  1958(0.6)  2056(0.95)  2081(0.46)  2099(0.52)  2775(0.68)  2966(0.81)  3086(0.48)  4389(0.04)  4393(0.88)  5158(0.94)  5159(0.67)  5160(0.85)  
2300 39(0.2)  48(0.07)  5161(0.1)  
2301 10(0.33)  41(0.36)  219(0.32)  622(0.8)  987(0.42)  1290(0.44)  2915(0.3)  3185(0.21)  3760(0.19)  4444(0.8)  
2302 39(0.95)  1958(0.07)  
2303 39(0.81)  48(0.28)  237(0.42)  
2304 32(0.26)  48(0.39)  261(0.34)  534(0.21)  1237(0.38)  1393(0.78)  1415(0.22)  1653(0.44)  1704(0.74)  1872(0.45)  2880(0.1)  3668(0.7)  5162(0.41)  
2305 39(0.05)  41(0.37)  48(0.94)  60(0.86)  783(0.94)  1114(0.82)  1121(0.29)  1146(0.63)  1253(0.05)  1715(0.54)  2103(0.23)  2847(0.24)  5163(0.06)  
2306 39(0.64)  102(0.98)  155(0.5)  205(0.76)  903(0.73)  1196(0.71)  2793(0.95)  4343(0.19)  
2307 5(0.84)  32(0.03)  39(0.72)  41(0.44)  161(0.68)  535(0.57)  574(0.64)  1096(0.92)  1224(0.22)  1775(0.94)  2337(0.39)  
2308 31(0.22)  323(0.61)  675(0.51)  846(0.76)  901(0.22)  976(0.8)  981(0.98)  1096(0.79)  1131(0.92)  1715(0.81)  1796(0.84)  1957(0.58)  2374(0.14)  3827(0.01)  3840(0.56)  4004(0.9)  4198(0.92)  4312(1.0)  5164(0.53)  
2309 86(0.3)  283(0.8)  1787(0.27)  2006(0.75)  3644(0.31)  4636(0.68)  4661(0.92)  
2310 12(0.07)  39(0.55)  147(0.09)  179(0.03)  289(0.43)  426(0.87)  1423(0.55)  2573(0.41)  2894(0.18)  
2311 48(0.96)  308(0.01)  309(0.55)  579(0.19)  580(0.38)  591(0.35)  706(0.88)  824(0.1)  887(0.46)  1080(0.15)  1269(0.55)  1378(0.1)  1379(0.62)  2097(0.02)  2366(0.91)  2804(0.53)  3006(0.59)  5165(0.82)  5166(0.12)  5167(0.67)  
2312 39(0.6)  41(0.8)  93(0.44)  101(0.56)  271(0.1)  706(0.79)  979(0.27)  1930(0.75)  5168(0.49)  
2313 36(0.74)  38(0.25)  90(0.13)  872(0.8)  940(0.9)  1590(0.28)  2436(0.23)  3148(0.92)  4119(0.73)  
2314 39(0.49)  48(0.02)  
2315 9(0.35)  32(0.35)  112(0.04)  260(0.01)  338(0.58)  464(0.57)  475(0.75)  533(0.34)  544(0.04)  653(1.0)  878(0.06)  985(0.77)  1481(0.57)  2990(0.55)  3221(0.67)  3676(0.73)  3842(0.57)  4169(0.61)  4393(0.78)  4697(0.06)  5169(0.02)  5170(0.34)  5171(0.4)  5172(0.85)  5173(0.09)  
2316 36(0.53)  38(0.05)  39(0.36)  41(0.85)  48(0.19)  189(0.1)  592(0.54)  706(0.28)  783(0.72)  788(0.75)  790(0.46)  846(0.9)  1543(0.1)  1702(0.47)  2374(0.4)  3706(0.7)  4246(0.16)  4265(0.29)  4429(0.24)  4457(0.21)  5021(0.43)  
2317 204(0.61)  391(0.24)  682(0.75)  699(0.81)  704(0.69)  2026(0.92)  2323(0.16)  5174(0.87)  
2318 39(0.72)  48(0.23)  306(0.56)  438(0.21)  1819(0.88)  3311(0.36)  5175(0.22)  
2319 39(0.99)  41(0.76)  65(0.63)  500(0.45)  766(0.09)  878(0.5)  1308(0.04)  1986(0.32)  2212(0.42)  2250(0.19)  2554(0.04)  2561(0.42)  3521(0.15)  4714(0.57)  4849(0.28)  5176(0.93)  5177(0.1)  
2320 7(0.16)  1638(0.74)  3581(0.63)  4105(0.39)  4787(0.73)  
2321 9(0.1)  27(0.02)  32(0.71)  41(0.52)  48(0.91)  101(0.7)  123(0.85)  348(0.89)  352(0.35)  581(0.61)  749(0.86)  772(0.04)  783(0.96)  998(0.85)  1859(0.83)  1920(0.94)  2834(0.18)  2839(0.85)  3775(0.1)  4097(0.47)  4251(0.49)  5051(0.63)  5160(0.06)  5178(0.52)  5179(0.59)  5180(0.47)  5181(0.22)  
2322 32(0.43)  38(0.54)  39(0.71)  79(0.86)  170(0.98)  
2323 374(0.88)  2561(0.39)  
2324 32(0.1)  38(0.0)  39(0.27)  41(0.25)  48(0.73)  52(0.73)  105(0.17)  166(0.7)  260(0.38)  348(0.73)  365(0.32)  514(0.76)  690(0.09)  1625(0.6)  1765(0.27)  1767(0.64)  2343(0.9)  3463(0.15)  3678(0.78)  3845(0.09)  3904(0.45)  3981(0.85)  4072(0.13)  4096(0.85)  4164(0.19)  4636(0.97)  4744(0.63)  5182(0.72)  
2325 1480(0.73)  5183(0.69)  5184(0.79)  5185(0.74)  
2326 571(0.44)  907(0.95)  1239(0.44)  
2327 39(0.47)  41(0.41)  45(0.38)  271(0.03)  
2328 189(0.23)  381(0.64)  423(0.86)  458(0.69)  536(0.18)  779(0.03)  887(0.15)  1163(0.11)  1546(0.21)  1585(0.67)  1657(0.79)  2118(0.86)  2343(0.36)  2968(0.27)  3099(0.38)  3124(0.17)  3913(0.13)  4964(0.95)  5040(0.14)  5186(0.93)  5187(0.23)  5188(0.73)  5189(0.3)  
2329 39(0.4)  41(0.58)  48(0.68)  193(0.55)  310(0.89)  849(0.84)  874(0.49)  921(0.06)  1390(0.05)  1404(0.93)  1425(0.94)  1435(0.44)  2544(0.51)  2994(0.13)  2995(0.41)  3159(0.84)  3358(0.14)  3735(0.2)  4096(0.19)  4374(0.27)  5190(0.96)  
2330 1376(0.83)  2197(0.6)  3256(0.76)  5191(0.99)  5192(0.4)  
2331 32(0.88)  39(0.98)  2238(0.6)  2334(0.83)  5064(0.48)  5193(0.42)  5194(0.17)  
2332 5195(0.22)  
2333 32(0.02)  39(0.42)  101(0.25)  128(0.56)  147(0.95)  426(0.57)  435(0.11)  475(0.82)  994(0.19)  2493(0.69)  2544(0.37)  5196(0.77)  5197(0.26)  
2334 39(0.2)  48(0.51)  89(0.76)  413(0.04)  1698(0.87)  2263(0.35)  2598(0.93)  3751(0.17)  
2335 32(0.01)  39(0.85)  41(0.92)  48(0.85)  2286(0.1)  5166(0.33)  
2336 24(0.2)  28(0.13)  36(0.4)  38(0.21)  39(0.61)  41(0.85)  48(0.41)  117(0.81)  208(0.5)  346(0.86)  369(0.62)  978(0.69)  3169(0.72)  3682(0.05)  3946(0.07)  3983(0.68)  4005(0.32)  4187(0.17)  5198(0.85)  
2337 3(0.22)  48(0.68)  413(0.97)  675(0.48)  2168(0.6)  2997(0.77)  3774(0.17)  
2338 32(0.18)  402(0.36)  533(0.96)  1139(0.83)  1192(0.22)  2344(0.14)  2552(0.42)  3117(0.6)  3582(0.98)  5199(0.91)  5200(0.78)  
2339 39(0.84)  123(0.52)  4037(0.34)  4617(0.36)  
2340 339(0.92)  588(0.06)  1417(0.93)  2417(0.55)  4387(0.26)  5201(0.52)  
2341 39(0.02)  48(0.55)  1004(0.35)  1288(0.49)  1714(1.0)  4376(0.42)  4383(0.69)  
2342 32(0.78)  48(0.24)  66(0.6)  89(0.53)  272(0.28)  426(0.95)  1121(0.5)  1329(0.45)  1739(0.4)  1958(0.98)  1972(0.71)  2269(0.16)  2599(0.61)  2775(0.64)  3462(0.32)  4099(0.18)  4131(0.4)  
2343 39(0.04)  260(0.86)  293(0.86)  812(0.34)  846(0.9)  877(0.28)  1229(0.5)  1714(0.97)  1846(0.74)  3186(0.26)  
2344 79(0.37)  301(0.23)  604(0.59)  662(0.98)  673(0.76)  751(0.92)  783(0.44)  789(0.63)  1575(0.8)  2077(0.91)  2633(0.9)  2714(0.18)  3070(0.82)  4096(0.69)  4100(0.6)  4571(0.47)  4737(0.93)  5202(0.93)  5203(0.4)  
2345 39(0.42)  48(0.08)  237(0.28)  604(0.96)  1160(0.22)  1178(0.36)  1202(0.82)  1652(0.89)  1698(0.3)  2269(0.05)  2429(0.17)  2657(1.0)  3662(0.39)  4371(0.93)  4587(0.42)  5204(0.4)  5205(0.42)  
2346 39(0.53)  677(0.1)  1938(0.35)  4322(0.07)  4393(0.58)  5206(0.67)  
2347 32(0.02)  48(0.72)  413(0.97)  449(0.41)  591(0.82)  1800(0.02)  2778(0.39)  3270(0.79)  3279(0.5)  5207(0.95)  
2348 32(0.89)  41(0.92)  246(0.88)  
2349 32(0.32)  48(0.72)  94(0.16)  301(0.99)  367(0.59)  1132(0.23)  1444(0.92)  2694(0.26)  3638(0.39)  4197(0.12)  4198(0.62)  5208(0.02)  5209(0.28)  
2350 38(0.11)  41(0.37)  79(0.8)  189(0.44)  840(0.62)  1206(0.12)  1916(0.34)  2090(0.1)  2679(0.77)  3122(0.8)  4676(0.88)  
2351 39(0.13)  348(0.08)  536(0.51)  861(0.07)  1765(0.21)  1872(0.5)  2266(0.53)  4056(0.46)  4111(0.67)  5210(0.07)  
2352 39(0.11)  60(0.19)  239(0.87)  389(0.39)  536(0.42)  604(0.42)  1698(0.42)  1714(0.28)  2374(0.07)  2775(0.31)  2793(0.31)  4388(0.3)  5211(0.1)  
2353 39(0.44)  41(0.82)  195(0.86)  1738(0.4)  2915(0.9)  3073(0.74)  3254(0.84)  3589(0.48)  5002(0.56)  5194(0.53)  
2354 48(0.04)  359(0.11)  494(0.42)  574(0.75)  636(0.75)  899(0.14)  1081(0.53)  1136(0.37)  1430(0.43)  1436(0.35)  1552(0.08)  1995(0.22)  2193(0.42)  2420(0.78)  3548(0.07)  3589(0.93)  3659(0.14)  3687(0.91)  4086(0.46)  4132(0.73)  4489(0.86)  4636(0.98)  4803(0.55)  5212(0.95)  
2355 38(0.73)  41(0.95)  147(0.08)  170(0.75)  348(1.0)  352(0.11)  749(0.97)  1071(0.26)  1123(0.04)  1715(0.09)  2094(0.48)  2130(0.93)  2443(0.98)  2495(0.75)  3117(0.93)  3221(0.36)  4064(0.23)  4326(0.98)  4697(0.38)  4779(0.31)  
2356 32(0.55)  36(0.77)  39(0.67)  41(0.57)  48(0.58)  281(0.77)  352(0.54)  384(0.86)  690(0.63)  789(0.17)  1237(0.8)  1679(0.39)  1859(0.32)  2187(0.18)  2413(0.48)  2429(0.1)  2458(0.91)  3642(0.05)  4148(0.26)  4226(0.85)  5213(0.76)  
2357 9(0.01)  32(0.43)  39(0.1)  48(0.93)  60(0.21)  189(0.76)  237(0.3)  301(0.21)  1185(0.44)  4026(0.4)  
2358 38(0.58)  39(0.63)  41(0.79)  48(0.5)  52(0.62)  170(0.32)  570(0.46)  750(0.0)  2033(0.87)  2378(0.36)  2958(0.54)  3664(0.33)  4162(0.49)  4581(0.76)  5214(0.7)  5215(0.55)  
2359 32(0.59)  38(0.04)  170(0.58)  330(0.93)  3680(0.99)  
2360 36(0.13)  38(0.78)  39(0.08)  790(0.34)  
2361 32(0.39)  38(0.47)  110(0.14)  5216(0.82)  
2362 39(0.57)  41(0.74)  821(0.9)  1233(0.97)  1273(0.09)  1805(0.69)  2625(0.88)  2634(0.31)  2793(0.91)  3693(0.25)  3977(0.3)  4201(0.32)  4430(0.18)  
2363 32(0.55)  48(0.55)  3910(0.05)  4944(0.71)  5217(0.05)  5218(0.21)  5219(0.27)  
2364 39(0.11)  60(0.71)  89(0.6)  413(0.88)  1713(0.41)  1760(0.66)  2151(0.82)  
2365 32(0.63)  37(0.05)  38(0.76)  117(0.45)  170(0.29)  270(0.52)  380(0.36)  645(0.72)  677(0.69)  779(0.16)  878(0.82)  1016(0.53)  1056(0.5)  1126(0.81)  1325(0.38)  1327(0.65)  1353(0.51)  1372(0.15)  1395(0.47)  1403(0.79)  1696(0.42)  2355(0.78)  2516(0.71)  2577(0.57)  2611(0.23)  3189(0.7)  3312(0.12)  3371(0.49)  3468(0.7)  3641(0.85)  3896(0.31)  4009(0.49)  4035(0.37)  4115(0.33)  4204(0.35)  4629(0.79)  4852(0.05)  5220(0.95)  5221(0.38)  5222(0.38)  5223(0.26)  5224(0.08)  
2366 38(0.51)  39(0.89)  50(0.65)  133(0.53)  170(0.11)  595(0.22)  696(0.12)  699(0.34)  874(0.6)  893(0.43)  1307(0.37)  1591(0.64)  1752(0.65)  2147(0.33)  2511(0.26)  2539(0.97)  2802(0.89)  2883(0.54)  3177(0.22)  3240(0.66)  3358(0.07)  3848(1.0)  3881(0.15)  3988(0.36)  4047(0.09)  4111(0.56)  4248(0.12)  4363(0.04)  4710(0.25)  4776(0.29)  5146(0.59)  5194(0.83)  5225(0.75)  5226(0.68)  5227(0.87)  5228(0.8)  5229(0.8)  5230(0.99)  5231(0.94)  5232(0.43)  5233(0.69)  
2367 32(0.38)  48(0.76)  151(0.9)  308(0.23)  309(0.01)  1080(0.1)  1132(0.15)  1269(0.4)  1378(0.36)  1379(0.22)  1380(0.76)  5234(0.56)  
2368 39(0.91)  48(0.41)  1020(0.43)  1039(0.16)  1122(0.9)  1783(0.92)  2493(0.63)  3765(0.87)  5235(0.82)  5236(0.21)  5237(0.7)  
2369 32(0.43)  39(0.8)  48(0.04)  205(0.23)  449(0.13)  492(0.41)  570(0.79)  592(0.66)  783(0.07)  913(0.98)  1052(0.83)  1113(0.09)  1206(0.98)  1765(0.8)  1890(0.13)  2038(0.44)  2524(0.83)  2633(0.33)  3028(0.02)  4160(0.49)  4161(0.58)  4251(0.53)  4420(0.87)  4430(0.43)  4642(0.49)  4694(0.67)  5156(0.62)  5238(0.04)  
2370 39(0.11)  48(0.65)  65(0.78)  479(0.86)  616(0.07)  783(0.58)  862(0.69)  2492(0.23)  2689(0.98)  4129(0.91)  5239(0.17)  
2371 32(0.52)  48(0.26)  80(0.54)  810(0.28)  1853(0.55)  1987(0.6)  2751(0.49)  2994(0.38)  3253(0.87)  5240(0.94)  
2372 2515(0.06)  5241(0.74)  
2373 38(0.84)  170(0.43)  260(0.96)  384(0.78)  4126(0.03)  
2374 2169(0.41)  5242(0.71)  
2375 39(0.11)  41(0.22)  45(0.17)  48(0.5)  374(0.59)  2374(0.47)  2464(0.72)  3502(0.7)  3573(0.78)  
2376 39(0.77)  48(0.9)  79(0.51)  102(0.18)  175(0.42)  243(0.82)  270(0.88)  342(0.14)  398(0.77)  438(0.01)  548(0.78)  585(0.91)  967(0.68)  1060(0.6)  1163(0.08)  1280(0.43)  1619(0.54)  1772(0.94)  2493(0.15)  2792(0.6)  3276(0.43)  3358(0.16)  4595(0.39)  4983(0.09)  5243(0.45)  5244(0.86)  
2377 32(0.13)  39(0.27)  48(0.36)  53(0.09)  60(0.1)  65(0.08)  237(0.67)  258(0.88)  413(0.48)  604(0.14)  641(0.71)  1525(0.92)  2413(0.88)  2874(0.44)  2902(0.87)  3644(0.04)  4209(0.14)  4251(0.89)  5245(0.15)  
2378 39(0.2)  48(0.79)  79(0.88)  237(0.43)  1872(0.11)  2847(0.2)  3462(0.79)  
2379 39(0.33)  41(0.99)  48(0.89)  338(0.67)  604(0.74)  1710(0.78)  1715(0.05)  3027(0.14)  5246(0.88)  
2380 38(0.38)  39(0.42)  41(0.44)  56(0.52)  161(0.33)  682(0.94)  683(0.3)  779(0.83)  812(0.68)  1048(0.89)  1080(0.63)  1360(0.6)  1379(0.69)  1872(0.74)  2173(0.46)  2496(0.39)  4564(0.36)  4621(0.49)  
2381 4024(0.43)  5247(0.33)  
2382 39(0.93)  48(0.05)  677(0.06)  727(0.1)  1783(0.35)  2180(0.69)  3903(0.04)  4967(0.33)  
2383 32(0.37)  39(0.17)  41(0.48)  342(0.92)  1600(0.38)  3890(0.19)  
2384 32(0.43)  
2385 38(0.92)  39(0.74)  41(0.36)  48(0.14)  60(0.77)  371(0.35)  1552(0.04)  4587(0.18)  5248(0.06)  
2386 38(0.72)  39(0.04)  41(0.14)  48(0.28)  286(0.45)  349(0.14)  725(0.23)  785(0.2)  2547(0.49)  2633(0.39)  2698(0.07)  3497(0.44)  4100(0.69)  4834(0.51)  5249(0.7)  5250(0.88)  
2387 768(0.14)  3367(0.41)  5251(0.67)  
2388 5(0.75)  32(0.8)  38(0.08)  39(0.28)  41(0.75)  48(0.33)  52(0.16)  151(0.62)  381(0.82)  535(0.38)  604(0.89)  640(0.32)  749(0.16)  1121(0.1)  1183(0.99)  1240(0.08)  1773(0.38)  1776(0.09)  2012(0.9)  2075(0.65)  2239(0.17)  2378(0.45)  3013(0.45)  3904(0.06)  4171(0.71)  4475(0.15)  5026(0.26)  5252(0.11)  5253(0.06)  5254(0.81)  5255(0.09)  5256(0.37)  5257(0.41)  
2389 39(0.62)  264(0.58)  789(0.81)  2051(0.83)  2399(0.88)  2432(0.95)  3091(0.53)  4018(0.75)  5258(0.93)  
2390 38(0.91)  39(0.73)  79(0.44)  110(0.15)  
2391 823(0.64)  1615(0.74)  
2392 10(0.91)  503(0.78)  552(0.87)  567(0.29)  685(0.82)  793(0.26)  995(0.47)  1056(0.44)  1121(0.73)  1174(0.94)  1218(0.73)  1313(0.97)  1357(0.7)  1677(0.32)  1776(0.35)  2432(0.57)  2572(0.14)  2776(0.66)  2795(0.46)  3065(0.0)  3345(0.46)  3689(0.05)  4027(0.52)  4873(0.13)  5258(0.63)  5259(0.4)  5260(0.62)  5261(0.88)  5262(0.54)  5263(0.07)  5264(0.56)  5265(0.01)  5266(0.35)  5267(0.55)  
2393 32(0.16)  48(0.41)  52(0.68)  205(0.1)  248(0.68)  369(0.4)  572(0.67)  662(0.11)  1481(0.27)  1826(0.87)  1897(0.41)  2197(0.7)  2314(0.18)  3186(0.89)  3270(0.21)  3450(0.54)  3509(0.16)  4037(0.54)  4269(0.36)  4394(0.38)  4843(0.8)  5202(0.56)  5268(0.79)  5269(0.18)  
2394 50(0.13)  60(0.59)  66(0.8)  95(0.41)  373(0.26)  581(0.0)  647(0.3)  651(0.29)  760(0.01)  769(0.2)  797(0.09)  1153(0.48)  1275(0.99)  1280(0.29)  1384(0.89)  1385(0.26)  1744(0.78)  1772(0.8)  1856(0.53)  2015(0.92)  2056(0.16)  2097(0.98)  2241(0.4)  2736(0.84)  2800(0.64)  2891(0.87)  3502(0.78)  4056(0.56)  5108(0.38)  5270(0.18)  5271(0.04)  
2395 88(0.82)  616(0.25)  697(0.07)  913(0.65)  2995(0.07)  5272(0.63)  
2396 39(0.38)  48(0.26)  749(0.79)  2990(0.98)  
2397 37(0.25)  38(0.57)  584(0.21)  5273(0.85)  
2398 39(0.53)  270(0.51)  348(0.61)  1859(0.97)  2686(0.12)  3886(0.81)  4051(0.01)  
2399 32(0.38)  
2400 23(0.13)  66(0.87)  218(0.56)  1337(0.98)  1494(0.42)  1708(0.87)  2153(0.18)  2492(0.24)  4228(0.09)  5196(0.39)  5274(0.59)  5275(0.59)  5276(0.75)  
2401 9(0.19)  39(0.47)  41(0.86)  48(0.97)  117(0.95)  310(0.61)  643(0.53)  861(0.0)  1874(0.93)  2296(0.88)  2633(0.61)  2661(0.91)  2930(0.56)  3678(0.22)  3735(0.45)  3867(0.52)  4056(0.72)  4111(0.28)  4112(0.67)  4251(0.94)  5277(0.84)  5278(0.4)  
2402 5(0.45)  11(0.77)  31(0.86)  41(0.06)  48(0.32)  89(0.02)  103(0.12)  320(0.74)  389(0.86)  426(0.92)  522(0.83)  532(0.13)  563(0.14)  604(0.94)  930(0.96)  947(0.23)  950(0.67)  1754(0.6)  1867(0.06)  1954(0.02)  1958(0.73)  2191(0.74)  2383(0.78)  3015(0.2)  3970(0.15)  4891(0.97)  5279(0.16)  5280(0.86)  5281(0.98)  5282(0.37)  5283(0.57)  
2403 3623(0.28)  
2404 950(0.82)  1174(0.02)  2494(0.99)  5284(0.22)  5285(0.48)  5286(0.05)  
2405 32(0.54)  41(0.81)  48(0.77)  65(0.0)  101(0.83)  250(0.1)  301(0.99)  475(0.75)  1607(0.26)  2421(0.62)  2914(0.08)  3853(0.35)  5287(0.33)  
2406 48(0.42)  938(0.93)  2468(0.15)  4610(0.02)  5250(0.43)  5288(0.02)  5289(0.82)  5290(0.88)  
2407 32(0.15)  48(0.72)  227(0.55)  
2408 39(0.7)  41(0.96)  48(0.66)  438(0.09)  536(0.66)  749(0.4)  1113(0.65)  1765(0.07)  1809(0.65)  2130(0.27)  3462(0.46)  4031(0.01)  4161(0.03)  4270(0.52)  4430(0.95)  4485(0.19)  4969(0.41)  
2409 38(0.35)  48(0.27)  103(0.2)  508(0.95)  511(0.63)  708(0.54)  790(0.82)  1441(0.23)  2801(0.96)  3040(0.6)  3965(0.87)  4097(0.45)  
2410 1796(0.72)  4002(0.09)  4153(0.31)  
2411 301(0.73)  690(0.41)  1061(0.13)  2990(0.44)  5291(0.07)  
2412 267(0.43)  1769(0.69)  2721(0.38)  3756(0.97)  3925(0.63)  4039(0.53)  4541(0.9)  5292(0.92)  5293(0.44)  5294(0.92)  5295(0.95)  5296(0.32)  5297(0.48)  
2413 271(0.23)  727(0.36)  892(0.23)  924(0.65)  1211(0.22)  2402(0.4)  2633(0.75)  2681(0.96)  3400(0.33)  4829(0.28)  5298(0.43)  5299(0.7)  5300(0.15)  5301(0.22)  
2414 39(0.11)  129(0.17)  157(0.25)  592(0.67)  763(0.0)  1418(0.42)  1435(0.62)  2343(0.69)  3162(0.19)  3503(0.1)  3783(0.04)  4221(0.81)  4224(0.57)  4397(0.67)  4562(0.95)  5302(0.76)  
2415 38(0.71)  39(0.1)  110(0.5)  286(0.48)  
2416 32(0.04)  38(0.3)  39(0.24)  41(0.06)  48(0.34)  49(0.64)  109(0.15)  123(0.47)  179(0.33)  215(0.72)  225(0.14)  301(0.91)  371(0.32)  1149(0.31)  1874(0.68)  1966(0.48)  2238(0.34)  2326(0.6)  2408(0.82)  2440(0.42)  2830(0.11)  3722(0.98)  5303(0.06)  5304(0.87)  
2417 41(0.11)  111(0.18)  339(0.5)  535(0.57)  544(0.54)  885(0.54)  1549(0.7)  2056(0.38)  2080(0.42)  2555(0.72)  2846(0.25)  2891(0.75)  2967(0.7)  3320(0.74)  3789(0.13)  4655(0.43)  4755(0.22)  5305(0.64)  5306(0.97)  
2418 772(0.13)  2066(0.67)  2294(0.11)  2738(0.53)  3195(0.1)  3394(0.88)  3548(0.94)  3646(0.18)  5307(0.2)  5308(0.73)  5309(0.26)  5310(0.85)  
2419 65(0.52)  3641(0.83)  
2420 525(0.69)  1034(0.42)  2950(0.4)  4921(0.87)  
2421 48(0.53)  572(0.65)  846(0.56)  1353(0.93)  1823(0.45)  3715(0.82)  
2422 48(0.94)  65(0.82)  1121(0.35)  2187(0.24)  
2423 32(0.53)  39(0.92)  41(0.85)  338(0.55)  824(0.77)  3761(0.16)  
2424 32(0.9)  38(0.15)  41(0.54)  48(0.27)  225(0.35)  479(0.04)  790(0.55)  1233(0.62)  1435(0.26)  1765(0.7)  2042(0.23)  2239(0.01)  2425(0.85)  2550(0.48)  2685(0.3)  3270(0.74)  
2425 1121(0.52)  2492(0.97)  2556(0.46)  3384(0.32)  
2426 39(0.39)  41(0.63)  98(0.6)  475(0.99)  652(0.13)  1014(0.01)  2284(0.46)  4563(0.13)  5150(0.57)  5202(0.09)  
2427 32(0.68)  38(0.82)  39(0.95)  41(0.72)  48(0.68)  110(0.72)  147(0.0)  185(0.79)  225(0.79)  310(0.06)  475(0.02)  790(0.76)  1596(0.71)  2208(0.28)  2749(0.76)  3904(0.25)  3988(0.34)  
2428 107(0.95)  420(0.81)  475(0.7)  704(0.81)  1067(0.17)  
2429 39(0.09)  48(0.62)  3981(0.64)  
2430 6(0.94)  32(0.97)  38(0.82)  39(0.58)  48(0.27)  110(0.33)  189(0.45)  849(0.21)  3061(0.98)  3677(0.39)  4207(0.01)  5050(0.44)  5311(0.95)  
2431 11(0.58)  39(0.96)  41(0.66)  65(0.63)  402(0.74)  594(0.28)  697(0.45)  1132(0.62)  1368(0.96)  1372(0.84)  1393(0.51)  1671(0.76)  1715(0.38)  2079(0.76)  2325(0.56)  2374(0.25)  3411(0.63)  3444(0.46)  3614(0.21)  3992(0.45)  5072(0.65)  5312(0.51)  5313(0.24)  
2432 39(0.39)  48(0.8)  161(0.6)  189(0.6)  855(0.66)  2404(0.07)  2635(0.79)  3965(0.69)  5314(0.69)  
2433 147(0.5)  237(0.25)  592(0.22)  681(0.95)  1052(0.84)  2046(0.9)  2187(0.48)  2259(0.76)  5315(0.61)  
2434 39(0.21)  41(0.64)  407(0.57)  604(0.75)  614(0.91)  849(0.12)  917(0.38)  1280(0.21)  1342(0.1)  2638(0.76)  2787(0.73)  3047(0.09)  4720(0.14)  
2435 39(0.75)  41(0.31)  48(0.32)  117(0.36)  242(0.4)  270(0.58)  290(0.59)  550(0.57)  764(0.41)  976(0.32)  1176(0.27)  1308(0.52)  1506(0.55)  1507(0.45)  1781(0.07)  2225(0.13)  2238(0.51)  2418(0.46)  2460(0.91)  2461(0.2)  2625(0.92)  2633(0.56)  2694(0.84)  2963(0.14)  3448(0.16)  4289(0.54)  4875(0.76)  5114(0.76)  5125(0.2)  5222(0.48)  5316(0.84)  5317(0.44)  5318(0.18)  5319(0.44)  5320(0.25)  
2436 262(0.23)  749(0.45)  1486(0.28)  3641(0.75)  
2437 39(0.91)  41(0.27)  352(0.3)  690(0.38)  1189(0.11)  1432(0.29)  1568(0.52)  2058(0.48)  2413(0.54)  4636(0.93)  5321(0.72)  
2438 39(0.23)  604(0.21)  3571(0.13)  3981(0.16)  5322(0.1)  5323(0.65)  5324(0.47)  
2439 749(0.03)  
2440 15(0.13)  65(0.3)  246(0.81)  894(0.6)  2353(0.32)  2446(0.56)  2592(0.91)  5325(0.52)  
2441 39(0.5)  41(0.58)  155(0.81)  272(0.46)  1361(0.8)  
2442 39(0.12)  48(0.29)  65(0.57)  106(0.76)  244(0.84)  264(0.02)  426(0.72)  548(0.52)  549(0.87)  1308(0.51)  1715(0.12)  1915(0.02)  2011(0.44)  2464(0.67)  3070(0.55)  3323(0.77)  4774(0.47)  
2443 9(0.78)  185(0.51)  189(0.56)  338(0.2)  352(0.87)  475(0.84)  861(0.39)  1368(0.85)  1972(0.63)  2399(0.06)  2633(0.57)  2847(0.35)  2883(0.16)  3018(0.81)  3074(0.04)  3964(0.29)  4547(0.23)  5326(0.45)  
2444 31(0.74)  237(0.67)  449(0.74)  1121(0.09)  1347(0.92)  1771(0.71)  2374(0.18)  4371(0.11)  5327(0.71)  
2445 1982(0.8)  
2446 38(0.09)  39(0.35)  48(0.98)  209(0.53)  237(0.28)  604(0.76)  861(0.72)  903(0.49)  978(0.59)  1286(0.02)  1746(0.83)  2559(0.95)  2793(0.79)  2805(0.02)  5164(0.48)  
2447 48(0.25)  107(0.16)  179(0.12)  549(0.3)  772(0.88)  1067(0.17)  1180(0.5)  1804(0.15)  1815(0.09)  2990(0.83)  3028(0.75)  3533(0.9)  3735(0.89)  3977(0.98)  4131(0.11)  4429(0.03)  5074(0.0)  5328(0.3)  5329(0.65)  
2448 30(0.46)  32(0.45)  39(0.1)  108(0.11)  449(0.73)  1067(0.01)  2374(0.61)  3323(0.27)  
2449 32(0.76)  274(0.26)  1497(0.97)  
2450 32(0.83)  381(0.42)  3102(0.05)  3611(0.99)  5330(0.16)  5331(0.04)  
2451 32(0.27)  39(0.55)  48(0.01)  438(0.19)  2997(0.9)  3501(0.21)  3981(0.3)  
2452 1497(0.4)  2958(0.5)  
2453 723(0.45)  
2454 32(0.52)  39(0.08)  41(0.62)  109(0.49)  123(0.24)  176(0.56)  267(0.2)  340(0.27)  771(0.49)  812(0.92)  981(0.02)  1025(0.06)  1172(0.48)  1683(0.23)  1939(0.98)  2046(0.24)  2228(0.94)  2593(0.01)  2596(0.56)  2745(0.16)  3456(0.21)  3663(0.82)  3664(0.12)  4002(0.41)  4140(0.61)  4247(0.84)  4540(0.09)  4541(0.85)  4552(0.43)  4828(0.31)  5332(0.64)  5333(0.69)  
2455 32(0.92)  1184(0.4)  1872(0.0)  3227(0.18)  4417(1.0)  5334(0.76)  
2456 39(0.16)  89(0.8)  101(0.02)  237(0.86)  274(0.8)  346(0.92)  677(0.99)  681(0.93)  694(0.56)  856(0.51)  1043(0.95)  1218(0.5)  1562(0.23)  3337(0.61)  3504(0.6)  3973(0.07)  5335(0.87)  5336(0.56)  
2457 189(0.11)  301(0.92)  566(0.94)  827(0.12)  916(0.16)  1041(0.09)  2191(0.99)  2377(0.75)  3532(0.99)  
2458 58(0.29)  420(0.34)  438(0.73)  877(0.79)  2559(0.65)  2673(0.43)  5337(0.71)  
2459 39(0.39)  589(0.91)  604(0.89)  887(0.19)  956(0.86)  1282(0.85)  1291(0.39)  1315(0.09)  1634(0.01)  1741(0.56)  2168(0.25)  2532(0.8)  3393(0.61)  3858(0.71)  
2460 22(0.89)  48(0.95)  743(0.83)  2639(0.12)  3055(0.84)  3523(0.18)  4623(0.81)  4774(0.93)  5338(0.3)  5339(0.54)  
2461 48(0.44)  111(0.14)  341(0.08)  398(0.7)  475(0.65)  542(0.83)  640(0.36)  971(0.81)  1160(0.11)  1291(0.58)  1657(0.89)  2080(0.91)  2259(0.39)  2659(0.76)  2660(0.15)  3410(0.4)  4220(0.67)  5327(0.69)  5340(0.65)  5341(0.64)  5342(0.28)  
2462 60(0.27)  2891(0.7)  4127(0.57)  
2463 6(0.24)  53(0.14)  338(0.21)  555(0.44)  751(0.9)  783(0.47)  824(0.95)  829(0.86)  1198(0.54)  1232(0.5)  1478(0.61)  1516(0.2)  1559(0.01)  1561(0.9)  1683(0.09)  1693(0.78)  1773(0.42)  1780(0.73)  1962(0.87)  2046(0.84)  2284(0.04)  2424(0.34)  2505(0.49)  2506(0.63)  2620(0.51)  2764(0.54)  2786(0.65)  2815(0.03)  2951(0.82)  2989(0.51)  3250(0.68)  3361(0.09)  3404(0.59)  3660(0.25)  3742(0.64)  4269(0.74)  4304(0.34)  4358(0.42)  4737(0.56)  5279(0.95)  5343(0.17)  5344(0.12)  5345(0.26)  5346(0.44)  5347(0.85)  5348(0.81)  5349(0.7)  5350(0.61)  
2464 18(0.42)  41(0.31)  589(0.64)  1096(0.86)  1659(0.81)  3462(0.33)  3802(0.35)  
2465 48(0.05)  664(0.29)  690(0.05)  851(0.12)  1121(0.13)  1372(0.14)  1796(0.63)  2612(0.19)  2815(0.49)  2990(0.81)  3026(0.91)  3400(0.76)  3462(0.2)  3693(0.0)  3735(0.75)  3977(0.12)  4015(0.34)  4201(0.03)  4224(0.94)  4326(0.24)  4354(0.98)  4489(0.52)  4562(0.71)  4636(0.84)  4852(0.98)  
2466 32(0.05)  39(0.88)  41(0.87)  50(0.72)  65(0.71)  161(0.43)  255(0.02)  338(0.98)  604(0.14)  783(0.51)  1066(0.12)  1121(0.48)  1513(0.97)  2056(0.13)  2470(0.77)  2763(0.27)  3186(0.68)  3194(0.61)  3763(0.69)  3848(0.35)  4096(0.97)  4177(0.58)  
2467 32(0.61)  39(0.66)  60(0.35)  65(0.14)  89(0.8)  301(0.24)  348(0.84)  604(0.39)  605(0.37)  899(0.25)  1486(0.73)  1859(0.18)  2187(0.44)  2528(0.76)  2694(0.44)  2793(0.94)  3827(0.91)  4226(0.47)  
2468 39(0.69)  41(0.3)  48(0.58)  225(0.62)  270(0.98)  271(0.5)  346(0.34)  352(0.74)  799(0.67)  818(0.6)  854(0.8)  1172(0.24)  1282(0.68)  1296(0.91)  2352(0.58)  2990(0.26)  3419(0.37)  4228(0.86)  5124(0.68)  5351(0.18)  
2469 206(0.95)  533(0.33)  1373(0.83)  1796(0.14)  3582(0.97)  4097(0.46)  4663(0.81)  4832(0.02)  
2470 60(0.09)  65(0.41)  604(0.38)  1121(0.73)  1861(0.82)  2187(0.04)  3699(0.83)  4131(0.46)  
2471 0(0.56)  65(0.93)  129(0.71)  1543(0.99)  3735(0.74)  4939(0.45)  5352(0.76)  
2472 39(0.94)  41(0.67)  49(0.93)  1773(0.42)  2225(0.01)  
2473 48(0.66)  147(0.67)  604(0.53)  643(0.99)  711(0.74)  1424(0.24)  1741(0.8)  4339(0.83)  4489(0.89)  4636(0.11)  5353(0.29)  
2474 9(0.85)  38(0.14)  39(0.12)  41(0.76)  48(0.13)  208(0.79)  279(0.69)  413(0.91)  1077(0.59)  1103(0.23)  1188(0.77)  3318(0.6)  3321(0.93)  3633(0.29)  3663(0.33)  5354(0.56)  5355(1.0)  5356(0.61)  
2475 39(0.82)  41(1.0)  694(0.98)  713(0.05)  903(0.13)  1432(0.11)  1715(0.4)  2166(0.81)  2840(0.02)  3026(0.28)  3149(0.43)  3253(0.93)  5357(0.59)  
2476 48(0.95)  1898(0.95)  
2477 39(0.8)  533(0.21)  2399(0.92)  2402(0.49)  5358(0.61)  
2478 11(0.14)  32(0.29)  39(0.51)  52(0.92)  76(0.93)  101(0.6)  111(0.04)  118(0.95)  267(0.04)  357(0.12)  381(0.25)  1349(0.62)  1787(0.94)  2006(0.34)  2585(0.49)  2635(0.98)  3228(0.55)  3411(0.14)  3638(0.29)  3676(0.7)  4156(0.33)  4362(0.0)  4485(0.29)  4828(0.64)  4980(0.75)  5359(0.7)  5360(0.31)  
2479 32(0.82)  38(0.89)  48(0.94)  55(0.04)  3641(0.28)  4457(0.28)  4464(0.66)  
2480 32(0.73)  39(0.14)  41(0.25)  48(0.65)  84(0.67)  101(0.5)  220(0.78)  301(0.94)  310(0.18)  470(0.39)  662(0.2)  789(0.7)  986(0.46)  1004(0.6)  1244(0.19)  1316(0.27)  1327(0.02)  1538(0.83)  1677(0.05)  1771(0.14)  2042(0.15)  2097(0.54)  2413(0.4)  2542(0.67)  3052(0.39)  3693(0.58)  4096(0.52)  4306(0.15)  5080(0.1)  5361(0.75)  
2481 39(0.06)  41(0.26)  48(0.73)  49(0.21)  208(0.04)  381(0.81)  604(0.87)  616(0.96)  674(0.6)  791(0.54)  801(0.17)  916(0.18)  1003(0.29)  1021(0.43)  2046(0.08)  2075(0.32)  2107(0.62)  2138(0.88)  2199(0.65)  2388(0.08)  2440(0.1)  2476(0.77)  2554(0.54)  3976(0.5)  4131(0.88)  4401(0.99)  4444(0.11)  5026(0.17)  5160(0.09)  5362(0.5)  5363(0.2)  5364(0.8)  5365(0.54)  5366(0.06)  5367(0.34)  
2482 39(0.57)  48(0.94)  147(0.36)  243(0.16)  381(0.93)  479(0.17)  498(0.71)  536(0.83)  1557(0.5)  2015(0.26)  2856(0.88)  2901(0.64)  3161(0.76)  3330(0.82)  4111(0.28)  5278(0.77)  5368(0.67)  
2483 41(0.54)  301(0.85)  348(0.5)  981(0.8)  1403(0.18)  1613(0.42)  1731(0.42)  1796(0.74)  1859(0.65)  2560(0.28)  2714(0.33)  2741(0.28)  2749(0.25)  3638(0.72)  3662(0.12)  3664(0.28)  4173(0.09)  4663(0.1)  4797(0.19)  4837(0.69)  5369(0.71)  
2484 41(0.3)  60(0.28)  65(0.26)  66(0.31)  95(0.27)  98(0.73)  278(0.33)  289(0.7)  301(0.6)  388(0.08)  661(0.64)  759(0.32)  833(0.34)  885(0.0)  913(0.71)  924(0.91)  1003(0.92)  1285(0.54)  1356(0.37)  2000(0.71)  2015(0.15)  2281(0.13)  2596(0.73)  2674(0.36)  2800(0.38)  2847(0.66)  2891(0.16)  3186(0.82)  3897(0.47)  4389(0.42)  4457(0.61)  4720(0.9)  5370(0.99)  
2485 38(0.01)  39(0.59)  41(0.86)  48(0.02)  170(0.5)  249(0.32)  1185(0.71)  2127(0.68)  
2486 39(0.54)  48(0.04)  89(0.37)  237(0.39)  256(0.43)  279(0.77)  846(0.29)  971(0.54)  2056(0.06)  5371(0.04)  
2487 413(0.63)  2026(0.17)  2052(0.94)  2393(0.77)  2539(0.49)  2861(0.26)  2876(0.63)  3759(0.05)  5372(0.97)  5373(0.27)  
2488 32(0.21)  39(0.88)  41(0.8)  48(0.56)  413(0.91)  475(0.49)  488(0.68)  1064(0.75)  1588(0.81)  1893(0.91)  2013(0.66)  3220(0.0)  3923(0.61)  4642(0.8)  4718(0.26)  5374(0.01)  5375(0.97)  
2489 31(0.19)  32(0.19)  48(0.42)  1585(0.43)  3774(0.1)  4752(0.71)  
2490 5(0.91)  25(0.59)  185(0.28)  258(0.74)  375(0.31)  746(0.08)  798(0.56)  855(0.1)  1072(0.41)  1183(0.67)  1640(0.13)  1735(0.48)  2186(0.78)  2633(0.47)  2694(0.59)  2904(0.95)  3462(0.28)  3760(0.07)  5376(0.16)  
2491 39(0.81)  48(0.79)  60(0.43)  76(0.07)  424(0.16)  536(0.26)  1808(0.29)  2130(0.74)  2847(0.38)  3638(0.46)  3644(0.01)  3913(0.75)  4430(0.25)  
2492 12(0.55)  41(0.43)  109(0.68)  335(0.52)  396(0.67)  772(0.58)  789(0.87)  962(0.61)  1001(0.9)  1004(0.75)  1048(0.04)  1201(0.37)  1329(0.64)  1392(0.94)  1749(0.19)  2621(0.8)  2815(0.89)  2838(0.66)  2870(0.82)  3400(0.95)  3551(0.59)  3604(0.57)  4002(0.82)  4894(0.81)  5245(0.92)  
2493 39(0.25)  48(0.19)  95(0.08)  104(0.42)  259(0.84)  263(0.11)  347(0.92)  409(0.91)  539(0.55)  598(0.37)  652(0.93)  675(0.83)  677(0.22)  1163(0.93)  1253(0.57)  1291(0.31)  1956(0.72)  2072(0.34)  2107(0.72)  2160(0.93)  2701(0.67)  5377(0.07)  5378(0.7)  5379(0.48)  5380(0.95)  5381(0.84)  5382(0.61)  
2494 39(0.18)  75(0.28)  89(0.55)  101(0.19)  381(0.54)  783(0.97)  1003(0.17)  1020(0.15)  1063(0.09)  1356(0.04)  1500(0.94)  1715(0.66)  2387(0.98)  3663(0.22)  
2495 279(0.9)  445(0.12)  660(0.11)  662(0.68)  1000(0.37)  2086(0.91)  2118(0.56)  2679(0.82)  4040(0.13)  4310(0.55)  4317(0.9)  4544(1.0)  5156(0.08)  5383(0.51)  5384(0.14)  5385(0.71)  
2496 39(0.73)  41(0.23)  48(0.28)  53(0.37)  89(0.01)  201(0.42)  258(0.76)  312(0.19)  352(0.65)  515(0.53)  616(0.53)  812(0.89)  1066(0.57)  1395(0.56)  1715(0.77)  1815(0.4)  2130(0.53)  2633(0.38)  2813(0.71)  2972(0.89)  3308(0.19)  3315(0.34)  3474(0.07)  4936(0.08)  5386(0.26)  5387(0.99)  5388(0.74)  
2497 39(0.59)  48(0.2)  1353(0.04)  2399(0.01)  2820(0.11)  5389(0.93)  
2498 32(0.77)  39(0.56)  43(0.76)  60(0.49)  310(0.64)  403(0.3)  544(0.39)  739(0.08)  751(0.69)  1003(0.19)  1714(0.48)  2000(0.92)  3010(0.55)  4026(0.08)  5092(0.7)  
2499 32(0.25)  79(0.24)  1147(0.16)  1501(0.51)  
2500 62(0.74)  575(0.68)  1434(0.25)  1833(0.04)  2320(0.92)  2919(0.98)  5198(0.39)  5390(0.51)  5391(0.86)  5392(0.29)  
2501 32(0.41)  237(0.16)  249(0.58)  1054(0.01)  
2502 39(0.77)  41(0.55)  48(0.31)  66(0.09)  381(0.81)  536(0.59)  662(0.97)  979(0.43)  1549(0.31)  1578(0.34)  1715(0.02)  2550(0.67)  2694(0.39)  4111(0.08)  4248(0.9)  4420(0.18)  
2503 90(0.14)  3148(0.56)  5393(0.46)  
2504 39(0.33)  41(0.36)  48(0.83)  82(0.17)  616(0.93)  857(0.31)  1066(0.38)  1103(0.68)  1249(0.44)  1417(0.04)  1859(1.0)  1910(0.13)  2573(0.31)  2633(0.22)  2698(0.01)  3315(0.77)  4424(0.1)  5394(0.26)  5395(0.56)  5396(0.61)  5397(0.46)  5398(0.19)  
2505 39(0.81)  41(0.11)  48(0.26)  101(0.2)  255(0.76)  399(0.1)  413(0.5)  549(0.53)  824(0.08)  846(0.06)  1679(0.82)  5172(0.92)  
2506 154(0.95)  
2507 38(0.06)  39(0.42)  41(0.19)  48(0.28)  66(0.58)  110(0.51)  345(0.32)  710(0.15)  979(0.19)  1831(0.36)  1833(0.05)  1877(0.75)  2536(0.09)  2561(0.44)  2638(0.79)  2768(0.12)  2822(0.79)  3005(0.78)  3048(0.48)  
2508 5399(0.61)  
2509 32(0.8)  753(0.6)  842(0.34)  1026(0.22)  1355(0.98)  2406(0.51)  
2510 39(0.47)  41(0.27)  48(0.88)  478(0.86)  749(0.54)  801(0.1)  1144(0.32)  2130(0.27)  2173(0.85)  2775(0.22)  3254(0.32)  3259(0.3)  3963(0.7)  4283(0.21)  4484(0.66)  4913(0.99)  
2511 262(0.67)  402(0.9)  757(0.95)  1146(0.72)  1715(0.66)  2325(0.72)  2749(0.1)  
2512 60(0.21)  185(0.43)  402(0.19)  1754(0.27)  1867(0.29)  2052(0.76)  3006(0.06)  5400(0.69)  5401(0.03)  
2513 26(0.39)  39(0.24)  41(0.73)  48(0.8)  50(0.5)  107(0.48)  255(0.5)  262(0.04)  368(0.25)  439(0.75)  581(0.63)  611(0.43)  755(0.87)  760(0.42)  1027(0.46)  1359(0.29)  2286(0.16)  2316(0.7)  2464(0.27)  2876(0.65)  3053(0.91)  3291(0.15)  3935(0.26)  4376(0.88)  5402(0.46)  5403(0.58)  5404(0.19)  5405(0.49)  5406(0.64)  
2514 48(0.2)  827(0.06)  2714(0.6)  3247(0.27)  3446(0.84)  5407(0.0)  
2515 39(0.85)  48(0.4)  103(0.56)  255(0.76)  392(0.11)  444(0.09)  522(0.82)  604(0.62)  1013(0.35)  1345(0.77)  2746(0.99)  3144(1.0)  3400(0.22)  3443(0.14)  3593(0.6)  3662(0.6)  3735(0.87)  4107(0.14)  4224(0.47)  5408(0.8)  5409(0.99)  
2516 41(0.99)  374(0.32)  434(0.9)  492(0.98)  592(0.94)  2965(0.42)  4479(0.91)  4525(0.16)  4908(0.1)  5410(0.92)  
2517 32(0.43)  48(0.39)  4715(0.54)  5411(0.09)  5412(0.91)  
2518 39(0.5)  2039(0.55)  
2519 39(0.3)  41(0.33)  48(0.99)  117(0.28)  285(0.16)  550(0.93)  740(0.49)  793(0.59)  1005(0.12)  1990(0.85)  2793(0.67)  2895(0.17)  3630(0.56)  4899(0.92)  
2520 30(0.21)  41(0.92)  48(0.07)  66(0.32)  94(0.36)  310(0.19)  349(0.34)  604(0.94)  727(0.44)  782(0.43)  872(0.29)  981(0.2)  1068(0.16)  1446(0.22)  1479(0.38)  1796(0.43)  1880(0.67)  1938(0.98)  2786(0.25)  3028(0.67)  3074(0.74)  3186(0.83)  3411(0.41)  3638(0.86)  3641(0.78)  3663(0.45)  3664(0.36)  3735(0.12)  3946(0.47)  3977(0.93)  4065(0.69)  4097(0.46)  4156(0.02)  4238(0.59)  4420(0.97)  4447(0.8)  4722(0.11)  5326(0.24)  5413(0.92)  5414(0.01)  5415(0.11)  5416(0.96)  
2521 38(0.4)  39(0.14)  79(0.02)  195(0.66)  371(0.77)  976(0.45)  1344(0.8)  1715(0.74)  2250(0.12)  3644(0.32)  3799(0.69)  5065(0.46)  
2522 39(0.13)  48(0.11)  153(0.22)  534(0.56)  615(0.35)  690(0.69)  824(0.97)  1010(0.75)  1500(0.19)  1603(0.57)  1625(0.64)  2100(0.48)  2853(0.94)  2854(0.16)  2873(0.38)  3760(0.5)  3841(0.31)  4161(0.13)  5417(0.41)  5418(0.03)  5419(0.68)  
2523 4718(0.06)  
2524 39(0.72)  41(0.27)  48(0.82)  334(0.58)  348(0.89)  687(0.27)  940(0.72)  1150(0.62)  1151(0.5)  1152(0.14)  1586(0.8)  1600(0.35)  1868(0.8)  1878(0.31)  3504(0.99)  3876(0.0)  4198(0.23)  
2525 37(0.67)  38(0.3)  39(0.06)  41(0.44)  48(0.37)  101(0.41)  170(0.42)  258(0.84)  338(0.93)  350(0.08)  464(0.17)  811(0.87)  1739(0.72)  1792(0.48)  1811(0.47)  2002(0.72)  3117(0.29)  4295(0.89)  5420(0.43)  
2526 1882(0.29)  4018(0.29)  
2527 19(0.23)  39(0.55)  48(0.42)  243(0.05)  319(0.01)  398(0.17)  694(0.4)  1124(0.53)  1184(0.39)  1638(0.14)  1749(0.21)  2056(0.31)  2080(0.57)  2938(0.66)  4034(0.24)  4342(0.53)  5421(0.53)  5422(0.81)  
2528 38(0.16)  39(0.79)  41(0.91)  48(0.14)  141(0.86)  170(0.5)  413(0.07)  1052(0.52)  1070(0.39)  1349(0.34)  1517(0.27)  1756(0.38)  1792(0.51)  2276(0.48)  2749(0.89)  3444(0.03)  3966(0.24)  5222(0.15)  5423(0.29)  5424(0.09)  
2529 41(0.99)  48(0.81)  186(0.38)  225(0.74)  441(0.59)  812(0.65)  2994(0.23)  3194(0.64)  3270(0.1)  4100(0.47)  4201(0.53)  5116(0.16)  5425(0.14)  5426(0.43)  
2530 38(0.55)  48(0.21)  65(0.49)  352(0.35)  374(0.89)  783(0.17)  790(0.72)  1080(1.0)  1269(0.25)  1278(0.36)  1380(0.15)  1578(0.05)  1859(0.02)  1949(0.41)  2353(0.97)  2694(0.01)  2832(0.49)  3131(0.37)  3195(0.6)  3411(0.57)  4722(0.69)  5427(0.07)  5428(0.88)  5429(0.03)  
2531 32(0.65)  237(0.36)  342(0.35)  877(0.36)  
2532 32(0.13)  39(0.41)  48(0.59)  60(0.67)  66(0.16)  94(0.66)  123(0.11)  536(0.52)  783(0.92)  854(0.34)  1233(0.3)  1714(0.92)  1765(0.89)  2325(0.76)  2425(0.15)  2815(0.66)  2990(0.08)  2994(0.81)  3411(0.79)  4156(0.0)  4336(0.08)  5430(0.3)  5431(0.46)  
2533 39(1.0)  41(0.33)  48(0.52)  123(0.49)  289(0.8)  346(0.42)  347(0.37)  352(0.0)  573(0.5)  653(0.12)  753(0.83)  772(0.69)  2184(0.22)  2216(0.41)  2620(0.15)  2958(0.16)  4336(0.07)  5051(0.9)  5309(0.45)  5432(0.85)  5433(0.97)  
2534 39(0.78)  208(0.31)  2297(0.07)  2946(0.6)  3535(0.16)  3537(0.31)  
2535 39(0.49)  41(0.76)  48(0.29)  52(0.85)  65(0.4)  75(0.53)  89(0.14)  94(0.18)  165(0.39)  167(0.09)  259(0.05)  365(0.38)  580(0.37)  643(0.15)  783(0.3)  890(0.87)  904(0.16)  916(0.21)  932(0.58)  1002(0.66)  1044(0.15)  1055(0.67)  1123(0.63)  1135(0.19)  1192(0.4)  1309(0.86)  1794(0.69)  1795(0.41)  1809(0.4)  1926(0.74)  1991(0.38)  2101(0.91)  2168(0.72)  2169(0.85)  2550(0.62)  2552(0.73)  2749(0.23)  3036(0.43)  3966(0.03)  4353(0.99)  4744(0.98)  4761(0.71)  4764(0.55)  5358(0.6)  5434(0.54)  5435(0.46)  5436(0.91)  5437(0.69)  5438(0.75)  5439(0.21)  5440(0.15)  
2536 39(0.21)  41(0.59)  225(0.42)  497(0.32)  1355(0.9)  1411(0.21)  4324(0.22)  
2537 39(0.91)  45(0.56)  112(0.94)  352(0.73)  681(0.34)  727(0.73)  753(0.2)  835(0.45)  1163(0.88)  1671(0.73)  1859(0.4)  1947(0.65)  3561(0.69)  4096(0.08)  5441(0.64)  5442(0.69)  
2538 20(0.19)  41(0.54)  175(0.9)  354(0.39)  522(0.63)  548(0.11)  677(0.89)  710(0.41)  712(0.4)  1355(0.34)  1409(0.55)  1559(0.65)  1595(1.0)  1978(0.03)  2996(0.42)  5443(0.95)  5444(0.63)  
2539 41(0.7)  267(0.56)  352(0.83)  475(0.27)  1859(0.98)  3662(0.49)  4226(0.77)  5445(0.69)  
2540 48(0.4)  239(0.38)  328(0.05)  572(0.22)  2220(0.09)  2392(0.28)  3279(0.7)  4231(0.03)  4283(0.41)  4882(0.88)  5057(0.07)  5446(0.29)  5447(0.4)  5448(0.47)  5449(0.92)  5450(0.85)  5451(0.68)  
2541 41(0.58)  48(0.78)  981(0.14)  1615(0.57)  1796(0.17)  1870(0.37)  
2542 39(0.4)  48(0.3)  489(0.88)  1003(0.11)  2014(0.89)  3275(0.6)  
2543 39(0.32)  48(0.64)  232(0.13)  587(0.67)  824(0.23)  1585(0.06)  3047(0.4)  
2544 48(0.36)  225(0.96)  4316(0.58)  5124(0.91)  
2545 209(0.82)  251(0.66)  352(0.25)  402(0.45)  640(0.94)  677(0.68)  727(0.14)  741(0.72)  2110(0.07)  2537(0.51)  3468(0.78)  4201(0.98)  5452(0.1)  
2546 36(0.72)  38(0.16)  39(0.43)  89(0.75)  1196(0.03)  1828(0.25)  
2547 32(0.06)  41(0.43)  48(0.53)  197(0.79)  346(0.95)  533(0.62)  682(0.38)  695(0.42)  3133(0.62)  4744(0.59)  5453(0.25)  
2548 38(0.37)  371(0.19)  480(0.23)  533(0.29)  1059(0.92)  1867(0.45)  
2549 38(0.57)  39(0.65)  110(0.02)  1130(0.53)  1290(0.03)  2658(0.54)  2800(0.18)  2869(0.69)  3888(0.67)  3890(0.36)  4725(0.06)  5454(0.21)  
2550 22(0.39)  32(0.94)  406(0.51)  824(0.52)  1444(0.36)  2267(0.7)  2565(0.91)  2701(0.02)  2907(0.16)  3174(0.0)  3236(0.05)  3612(0.68)  3773(0.08)  4626(0.25)  4723(0.76)  5028(0.92)  5045(0.43)  5455(0.08)  
2551 48(0.69)  50(0.07)  67(0.86)  68(0.1)  1123(0.43)  2638(0.13)  2958(0.69)  3966(0.01)  3988(0.76)  4161(0.32)  5315(0.07)  
2552 32(0.31)  38(0.5)  286(0.62)  
2553 39(0.35)  48(0.01)  117(0.4)  166(0.29)  186(0.62)  555(0.13)  1178(0.55)  2084(0.19)  3021(0.11)  3055(0.66)  3106(0.07)  3364(0.42)  4360(0.92)  4744(0.57)  5351(0.25)  
2554 279(0.57)  808(0.95)  1675(0.3)  2413(0.17)  2995(0.53)  2998(0.21)  3028(0.78)  
2555 48(0.82)  255(0.39)  301(0.62)  1081(0.13)  1121(0.76)  1866(0.44)  2684(0.74)  3789(0.31)  
2556 39(0.61)  340(0.69)  432(0.37)  1867(0.4)  4056(0.79)  4113(0.5)  5456(0.17)  5457(0.9)  5458(0.21)  
2557 32(0.54)  352(0.98)  856(0.84)  1587(0.53)  1859(0.22)  2004(0.31)  2471(0.3)  3195(0.85)  3297(0.99)  5316(0.33)  5459(0.89)  5460(0.0)  
2558 32(0.04)  39(0.16)  41(0.83)  189(0.98)  497(0.22)  4161(0.3)  4429(0.33)  
2559 32(0.32)  66(0.42)  101(0.31)  107(0.55)  117(0.63)  118(0.3)  189(0.48)  201(0.75)  208(0.35)  589(0.3)  604(0.23)  763(0.74)  892(0.02)  916(0.45)  930(0.41)  976(0.15)  1185(0.22)  1481(0.56)  1517(0.09)  1787(0.15)  2171(0.98)  2362(0.32)  2429(0.54)  2620(0.17)  2879(0.5)  4113(0.29)  4209(0.72)  4251(0.38)  4447(0.91)  4464(0.11)  4942(0.77)  4980(0.16)  5181(0.87)  5461(0.06)  
2560 48(0.57)  125(0.3)  229(0.73)  349(0.66)  750(0.24)  795(0.03)  1096(0.95)  1318(0.36)  1818(0.34)  1819(0.47)  1876(0.45)  2515(0.01)  2997(0.93)  3311(0.73)  
2561 48(0.18)  1136(0.02)  4013(0.35)  4096(0.47)  
2562 15(0.09)  38(0.18)  39(0.45)  48(0.64)  286(0.47)  878(0.13)  1060(0.07)  2991(0.44)  
2563 39(0.35)  522(0.73)  1160(0.22)  1651(0.83)  2212(0.55)  2552(0.88)  2820(0.4)  4685(0.84)  
2564 535(0.54)  768(0.84)  3586(0.27)  4644(0.24)  
2565 0(0.92)  605(0.5)  1333(0.36)  5462(0.59)  5463(0.06)  
2566 38(0.17)  39(0.1)  41(0.85)  48(0.8)  170(0.06)  195(0.79)  328(0.04)  671(0.16)  1390(0.67)  3006(0.48)  
2567 164(0.03)  165(0.75)  166(0.32)  167(0.73)  604(0.37)  3932(0.4)  4050(0.73)  4891(0.88)  5464(0.85)  
2568 32(0.99)  39(0.51)  48(0.09)  3936(0.19)  5465(0.03)  5466(0.46)  
2569 38(0.52)  39(0.63)  266(0.32)  1329(0.66)  1619(0.79)  1831(0.25)  2146(0.41)  2650(0.08)  4386(0.66)  5065(0.41)  5467(0.33)  5468(0.65)  5469(0.3)  5470(0.9)  
2570 39(0.35)  1041(0.96)  
2571 39(0.48)  41(0.39)  48(0.07)  208(0.39)  278(0.7)  441(0.36)  809(0.92)  885(0.63)  1239(0.69)  1611(0.02)  2543(0.19)  2612(0.9)  2783(0.76)  3133(0.2)  3135(0.57)  3690(0.91)  4628(0.02)  5071(0.43)  5229(0.73)  5328(0.33)  5471(0.43)  5472(0.82)  
2572 38(0.97)  47(0.65)  156(0.8)  338(0.61)  1327(0.0)  1435(0.13)  2164(0.39)  2771(0.99)  
2573 39(0.09)  41(0.2)  572(0.59)  694(0.45)  892(0.11)  940(0.79)  1103(0.07)  1268(0.67)  1587(0.84)  1910(0.34)  1986(0.33)  2166(0.72)  3172(0.27)  3317(0.81)  5473(0.37)  5474(0.1)  
2574 48(0.45)  837(0.66)  1116(0.78)  1119(0.71)  2666(0.85)  
2575 32(0.46)  101(0.0)  123(0.81)  147(0.77)  305(0.05)  307(0.42)  309(0.07)  311(0.93)  318(0.72)  397(0.27)  533(0.86)  589(0.38)  592(0.23)  694(0.87)  1080(0.32)  1361(0.02)  1779(0.33)  2926(0.15)  3257(0.91)  3316(0.07)  3698(0.38)  3779(0.61)  4037(0.93)  5082(0.04)  
2576 38(0.24)  39(0.97)  189(0.66)  536(0.1)  1121(0.11)  2620(0.33)  3005(0.79)  
2577 39(0.15)  41(0.95)  48(0.94)  189(0.17)  193(0.51)  225(0.86)  430(0.1)  1121(0.7)  1600(0.56)  1683(0.26)  2238(0.74)  2523(0.36)  2910(0.88)  4413(0.24)  4414(0.97)  
2578 32(0.94)  1010(0.44)  4218(0.33)  
2579 2513(0.47)  3863(0.01)  5065(0.43)  
2580 19(0.21)  32(0.54)  48(0.45)  270(1.0)  352(0.7)  3049(0.77)  
2581 506(0.86)  507(0.1)  677(0.65)  1496(0.39)  2327(0.22)  3647(0.22)  4722(0.7)  4918(0.58)  5153(0.29)  5475(0.95)  
2582 2502(0.84)  4630(0.42)  
2583 48(0.87)  2776(0.29)  3688(0.8)  5262(0.58)  
2584 48(0.05)  50(0.86)  118(0.71)  352(0.55)  896(0.61)  1859(0.69)  3946(0.41)  
2585 31(0.24)  1424(0.88)  2042(0.43)  2187(0.37)  2847(0.51)  4204(0.51)  4448(0.6)  
2586 41(0.06)  124(0.84)  184(0.05)  264(0.43)  288(0.71)  301(0.98)  338(0.92)  652(0.72)  674(0.24)  813(0.67)  829(0.36)  857(0.17)  865(0.38)  982(0.06)  986(0.52)  1237(0.9)  1257(0.95)  1435(0.39)  1585(0.55)  1593(0.1)  1675(0.55)  1809(0.65)  1930(0.96)  2056(0.7)  2069(0.1)  2115(0.37)  2119(0.47)  2425(0.55)  2794(0.49)  2800(0.41)  2892(0.86)  3514(0.07)  3923(0.12)  4209(0.11)  4502(0.22)  4595(0.28)  4714(0.75)  4859(0.92)  5138(0.93)  5476(0.44)  
2587 39(0.88)  41(0.98)  48(0.92)  749(0.69)  939(0.04)  1242(0.88)  1776(0.68)  1853(0.82)  2713(0.36)  2990(0.58)  2994(0.79)  3693(0.81)  3733(0.8)  3735(0.88)  4656(0.82)  4984(0.54)  5133(0.93)  5330(0.56)  5412(0.03)  5477(0.26)  5478(0.42)  5479(1.0)  
2588 18(0.1)  32(0.45)  39(0.83)  41(0.61)  189(0.6)  1715(0.1)  2524(0.47)  3027(0.09)  4107(0.66)  5480(0.55)  
2589 32(0.19)  48(0.88)  60(0.88)  66(0.32)  783(0.41)  974(0.67)  1227(0.07)  2374(0.69)  2633(0.83)  2847(0.77)  4013(0.06)  4248(0.49)  4969(0.56)  5158(0.31)  
2590 32(0.27)  718(0.29)  1043(0.81)  
2591 31(0.86)  35(0.73)  94(0.84)  153(0.94)  222(0.21)  408(0.6)  533(0.31)  621(0.23)  653(0.79)  690(0.21)  697(0.72)  753(0.81)  1237(0.15)  1291(0.27)  1368(0.12)  1372(0.87)  1455(0.17)  2049(0.17)  2245(0.91)  2325(0.49)  2355(0.92)  2413(0.37)  2624(0.38)  2650(0.51)  3462(0.18)  3662(0.1)  3683(0.56)  3710(0.76)  4036(0.98)  4512(0.94)  4665(0.82)  5481(0.73)  5482(0.86)  
2592 48(0.64)  237(0.75)  932(0.87)  2000(0.3)  2058(0.79)  2824(0.5)  3258(0.02)  4447(0.21)  
2593 39(0.76)  41(0.33)  48(0.18)  677(0.94)  
2594 32(0.89)  39(0.1)  41(0.59)  45(0.61)  65(0.11)  89(0.03)  101(0.32)  310(0.81)  347(0.36)  352(0.96)  560(0.69)  916(0.35)  942(0.96)  1393(0.11)  1524(1.0)  1535(0.75)  4010(0.82)  
2595 39(0.2)  48(0.41)  65(0.96)  89(0.33)  161(0.89)  209(0.43)  431(0.27)  1613(0.31)  1859(0.59)  2899(0.95)  3625(0.89)  5483(0.97)  
2596 32(0.21)  39(0.43)  41(0.23)  68(0.04)  301(0.63)  751(0.24)  783(0.69)  936(0.88)  1715(0.81)  1767(0.41)  4394(0.6)  4890(0.06)  4969(0.52)  5484(0.14)  
2597 48(0.52)  96(0.8)  402(0.7)  522(0.05)  552(0.39)  1121(0.13)  1123(0.37)  2658(0.11)  
2598 740(0.35)  3226(0.39)  5485(0.3)  
2599 39(0.86)  41(0.12)  1349(0.92)  3227(0.71)  
2600 32(0.79)  1131(0.21)  1296(0.79)  1650(0.33)  2168(0.7)  4198(0.21)  
2601 101(0.03)  4251(0.55)  
2602 10(0.04)  48(0.05)  352(0.83)  374(0.39)  393(0.1)  1376(0.93)  1787(0.85)  1859(0.21)  2266(0.72)  3318(0.38)  3840(0.52)  4004(0.81)  4655(0.68)  4980(0.27)  4981(0.22)  5486(0.45)  5487(0.21)  
2603 10(0.05)  32(0.7)  48(0.18)  242(0.56)  334(0.44)  
2604 32(0.8)  39(0.69)  41(0.67)  846(0.43)  1214(0.05)  1296(0.09)  2489(0.68)  4201(0.14)  5488(0.56)  5489(0.86)  5490(0.58)  
2605 32(0.52)  39(0.49)  41(0.14)  48(0.24)  1056(0.91)  2097(0.84)  2521(0.62)  2856(0.89)  3228(0.61)  3501(0.76)  
2606 39(0.9)  338(0.64)  947(0.01)  1265(0.18)  1698(0.42)  
2607 32(0.13)  41(0.06)  225(0.75)  265(0.43)  3539(0.23)  
2608 39(0.54)  48(0.09)  176(0.73)  515(0.28)  817(0.87)  828(0.3)  2290(0.81)  2666(0.48)  3412(0.45)  3520(0.5)  5491(0.04)  5492(0.05)  
2609 39(0.15)  48(0.45)  2402(0.86)  
2610 189(0.49)  535(0.03)  947(0.56)  3106(0.95)  3709(0.14)  
2611 38(0.51)  39(0.82)  48(0.03)  189(0.72)  264(0.03)  641(0.86)  840(0.14)  1344(0.63)  1558(0.14)  1624(0.46)  1634(0.43)  4193(0.01)  5493(0.07)  
2612 32(0.27)  
2613 9(0.94)  39(0.46)  237(0.44)  274(0.27)  1143(0.62)  
2614 32(0.26)  39(0.96)  41(0.37)  48(0.8)  352(0.28)  470(0.09)  533(0.13)  1435(0.72)  1513(0.09)  2625(0.05)  2768(0.77)  3989(0.28)  4204(0.61)  
2615 39(0.54)  258(0.77)  929(0.27)  2126(0.08)  3975(0.15)  3981(0.89)  5494(0.13)  
2616 229(0.89)  772(0.88)  1683(0.38)  2464(0.97)  2732(0.62)  3695(0.84)  
2617 38(0.2)  39(0.31)  47(0.28)  767(0.93)  1481(0.84)  2726(0.16)  3102(0.77)  4761(0.5)  
2618 38(0.86)  39(0.83)  55(0.58)  319(0.57)  422(0.15)  604(0.83)  612(0.02)  1103(0.19)  1146(0.87)  2177(0.8)  2775(0.32)  3013(0.79)  3270(0.92)  3400(0.02)  3826(0.95)  3988(0.92)  4245(0.17)  4246(0.84)  4247(0.57)  4393(0.82)  4636(0.65)  5495(0.89)  5496(0.82)  5497(0.76)  5498(0.81)  
2619 32(0.89)  39(0.3)  41(0.5)  44(0.33)  48(0.22)  522(0.76)  690(0.47)  749(0.59)  948(0.88)  2168(0.01)  2192(0.83)  
2620 32(0.35)  39(0.86)  41(0.38)  48(0.42)  237(0.96)  272(0.74)  425(0.33)  488(0.59)  749(0.69)  1103(0.09)  1161(0.17)  1624(0.5)  1652(0.52)  1766(0.44)  1804(0.17)  2437(0.57)  4903(0.97)  
2621 39(0.7)  48(0.74)  144(0.42)  237(0.33)  244(0.34)  251(0.53)  651(0.91)  677(0.82)  1260(0.9)  1313(0.6)  1562(0.73)  2015(0.12)  2214(0.36)  2300(0.66)  2377(0.81)  4049(0.36)  4180(0.05)  4620(0.63)  4658(0.35)  4869(0.89)  5187(0.35)  5499(0.51)  5500(0.98)  5501(0.69)  
2622 32(0.11)  464(0.22)  548(0.43)  2437(0.47)  5502(0.04)  
2623 48(0.49)  
2624 48(0.68)  60(0.96)  117(0.05)  271(0.53)  976(0.64)  1327(0.62)  2815(0.16)  3462(0.21)  5503(0.2)  
2625 39(0.3)  48(0.79)  550(0.4)  
2626 1003(0.87)  1060(0.54)  2364(0.36)  5504(0.41)  
2627 48(0.04)  2168(0.19)  2471(0.67)  2639(0.77)  2994(0.55)  3040(0.64)  3250(0.89)  5326(0.63)  5505(0.08)  
2628 39(0.6)  577(0.69)  3981(0.99)  5506(0.97)  
2629 39(0.7)  48(0.33)  592(0.81)  1327(0.9)  1708(0.83)  5507(0.01)  5508(0.16)  
2630 12(0.43)  229(0.89)  1978(0.88)  2966(0.91)  3102(0.21)  
2631 39(0.34)  41(0.03)  205(0.01)  413(0.67)  498(0.38)  547(0.58)  677(0.41)  848(0.81)  947(0.4)  1001(0.19)  1004(0.05)  1327(0.29)  2110(0.54)  2119(0.61)  
2632 39(0.08)  41(0.91)  2388(0.03)  
2633 48(1.0)  49(0.97)  279(0.99)  1146(0.94)  2119(0.33)  2728(0.66)  3361(0.37)  3772(0.88)  5048(0.43)  5509(0.17)  
2634 38(0.62)  41(0.82)  48(0.66)  65(0.25)  301(0.29)  604(0.24)  2168(0.04)  2809(0.08)  3005(0.41)  3270(0.78)  
2635 48(0.6)  813(0.76)  5510(0.09)  
2636 68(0.34)  575(0.08)  893(0.69)  1513(0.72)  2243(0.06)  2420(0.55)  2514(0.42)  3178(0.84)  4269(0.95)  5405(0.53)  5511(0.49)  
2637 48(0.25)  413(0.24)  414(0.74)  522(0.64)  697(0.65)  986(0.4)  2005(0.49)  2537(0.46)  2655(0.61)  3074(0.78)  3664(0.82)  3800(0.88)  4056(0.92)  4091(0.37)  4113(0.3)  5512(0.62)  5513(0.32)  5514(0.28)  5515(0.02)  
2638 38(0.25)  41(0.15)  286(0.06)  3297(0.79)  4218(0.19)  
2639 117(0.6)  259(0.67)  890(0.88)  976(0.36)  1683(0.3)  1930(0.53)  2269(0.46)  5516(0.4)  
2640 41(0.39)  48(0.32)  50(0.21)  225(0.21)  352(0.15)  1022(0.77)  1198(0.76)  1327(0.72)  5489(0.11)  
2641 189(0.71)  1121(0.17)  1618(0.21)  3243(0.55)  
2642 2(0.88)  53(0.42)  101(0.68)  185(0.3)  189(0.75)  328(1.0)  334(0.41)  375(0.64)  583(0.63)  681(0.02)  854(0.76)  916(0.58)  921(0.22)  1012(0.4)  1082(0.41)  1101(0.58)  1281(0.49)  1768(0.53)  2690(0.01)  2833(0.37)  2997(0.89)  3094(0.87)  3465(0.48)  3752(0.87)  4441(0.46)  5517(0.37)  
2643 11(0.01)  48(0.86)  310(0.52)  749(0.6)  905(0.85)  2054(0.31)  4197(0.17)  
2644 39(0.44)  41(0.93)  48(0.6)  189(0.0)  237(0.04)  244(0.85)  258(0.46)  729(0.74)  766(0.96)  1094(0.11)  2332(0.25)  3330(0.37)  3412(0.04)  3468(0.72)  3604(0.91)  3774(0.96)  5518(0.19)  5519(0.82)  5520(0.64)  5521(0.15)  5522(0.86)  5523(0.07)  
2645 41(0.76)  501(0.87)  514(0.56)  647(0.9)  868(0.68)  1146(0.85)  1724(0.98)  2541(0.34)  3083(0.01)  5061(0.72)  
2646 39(0.79)  41(1.0)  48(0.97)  94(0.56)  112(0.7)  225(0.73)  271(0.95)  612(0.84)  719(0.87)  749(0.97)  764(0.48)  783(0.28)  1013(0.75)  1235(0.51)  1568(0.81)  1796(0.48)  1829(0.34)  2180(0.88)  2404(0.78)  2413(0.55)  3462(0.73)  3638(0.47)  3644(0.82)  3662(0.83)  3680(0.48)  3763(0.95)  3979(0.04)  4153(0.98)  4203(0.91)  5524(0.71)  5525(0.26)  
2647 38(0.7)  39(0.12)  48(0.18)  65(0.64)  89(0.58)  107(0.35)  147(0.4)  179(0.75)  286(0.94)  426(0.34)  548(0.2)  668(0.55)  1121(0.04)  1329(0.73)  1697(0.96)  1976(0.09)  2199(0.31)  2413(0.78)  2791(0.34)  2907(0.77)  3002(0.88)  3119(0.36)  3468(0.14)  3696(0.42)  5092(0.41)  5526(0.02)  
2648 32(0.88)  39(0.93)  41(0.35)  80(0.22)  242(0.39)  314(0.69)  488(0.67)  1081(0.38)  1104(0.41)  1121(0.84)  1198(0.71)  1513(0.44)  1846(0.6)  2673(0.11)  3194(0.61)  3250(0.53)  3951(0.57)  4311(0.19)  4558(0.69)  5154(0.38)  
2649 39(0.96)  48(0.09)  147(0.49)  208(0.2)  297(0.66)  460(0.28)  779(0.55)  1071(0.14)  1867(0.42)  2291(0.11)  4429(0.13)  
2650 39(0.23)  913(0.81)  
2651 39(0.82)  41(0.16)  79(0.31)  175(0.13)  225(0.81)  278(0.93)  483(0.98)  637(0.3)  806(0.46)  1479(0.2)  1752(0.92)  1964(0.37)  2138(0.36)  2261(0.58)  2377(0.53)  2436(0.42)  3606(0.7)  5169(0.14)  5259(0.51)  5527(0.12)  5528(0.63)  5529(0.22)  
2652 32(0.75)  39(0.8)  41(0.06)  48(0.68)  52(0.79)  217(0.12)  258(0.18)  270(0.97)  548(0.63)  665(0.18)  978(0.04)  1115(0.78)  1121(0.71)  1135(0.93)  1164(0.55)  1344(0.3)  1411(0.3)  1698(0.68)  1786(0.66)  2238(0.01)  2609(0.02)  2622(0.06)  2640(0.58)  3040(0.75)  3291(0.54)  3774(0.53)  3988(0.51)  5530(0.27)  5531(0.49)  5532(0.85)  5533(0.19)  5534(0.6)  5535(0.33)  
2653 39(0.89)  1081(0.87)  1228(0.25)  2144(0.8)  2620(0.5)  3690(0.99)  3769(0.29)  4583(0.13)  5472(0.8)  5536(0.78)  
2654 535(0.56)  1228(0.53)  1276(0.68)  1318(0.11)  1572(0.31)  1933(0.82)  2988(0.82)  4120(0.79)  5537(0.54)  
2655 32(0.62)  39(0.76)  347(0.3)  589(0.58)  1196(0.4)  2067(0.69)  2116(0.92)  2374(0.42)  5538(0.84)  
2656 39(0.87)  48(0.82)  90(0.41)  133(0.78)  189(0.37)  475(0.45)  539(0.18)  604(0.39)  696(0.9)  699(0.88)  892(0.78)  937(0.53)  1009(0.15)  1372(0.35)  1423(1.0)  1534(0.12)  1585(0.18)  1698(0.87)  1715(0.73)  1796(0.44)  1809(0.35)  2269(0.91)  2327(0.4)  2844(0.89)  2951(0.67)  3040(0.69)  3102(0.94)  3148(0.48)  3279(0.95)  3323(0.93)  3774(0.11)  4414(0.29)  4888(0.12)  5539(0.57)  5540(0.03)  5541(0.24)  5542(0.44)  
2657 39(0.75)  48(0.76)  60(0.91)  123(0.6)  340(0.91)  352(0.26)  570(0.24)  808(0.22)  921(0.01)  1348(0.98)  1349(0.65)  1382(0.52)  1486(0.98)  1946(0.38)  2004(0.14)  2126(0.6)  2344(0.93)  2815(0.65)  2946(0.89)  3150(0.92)  3291(0.2)  3775(0.23)  4181(0.54)  4382(0.78)  5543(0.35)  
2658 39(0.09)  41(0.0)  604(0.88)  1121(0.15)  1783(0.49)  2843(0.01)  2876(0.03)  3225(0.21)  4013(0.71)  4156(0.55)  4669(0.05)  5544(0.88)  5545(0.91)  
2659 48(0.54)  62(0.07)  208(0.95)  592(0.94)  679(0.19)  1327(0.98)  1852(0.11)  2353(0.37)  2380(0.73)  3086(0.83)  3472(0.53)  5546(0.08)  5547(0.89)  5548(0.65)  
2660 32(0.33)  41(0.01)  48(0.42)  79(0.73)  185(0.22)  203(0.9)  282(0.03)  309(0.23)  488(0.11)  906(0.9)  1000(0.41)  1014(0.14)  1378(0.54)  1663(0.18)  2270(0.57)  2437(0.36)  2915(0.65)  2997(0.52)  4459(0.23)  4642(0.99)  4983(0.95)  
2661 48(0.33)  426(0.26)  818(0.98)  883(0.23)  1630(0.31)  2926(0.57)  3451(0.22)  4733(0.23)  5549(0.59)  5550(0.76)  5551(0.48)  5552(0.03)  5553(0.28)  5554(0.08)  5555(0.23)  
2662 41(0.61)  48(0.78)  189(0.96)  432(0.73)  548(0.63)  604(0.18)  1082(0.81)  1198(0.29)  1513(0.72)  1796(0.9)  1854(0.72)  2428(0.49)  2985(0.73)  2989(0.78)  3062(0.5)  3075(0.48)  3319(0.74)  3320(0.44)  3321(0.33)  3827(0.98)  3866(0.24)  4107(0.3)  4422(0.2)  4655(0.86)  5556(0.29)  
2663 48(0.62)  348(0.23)  352(0.72)  664(0.43)  4643(0.3)  
2664 32(0.13)  41(0.84)  77(0.07)  123(0.56)  237(0.36)  351(0.31)  381(0.14)  585(0.32)  611(0.56)  772(0.1)  1619(0.2)  2413(0.06)  2477(0.78)  2777(0.88)  3332(0.52)  4326(0.97)  5557(0.01)  
2665 32(0.75)  39(0.74)  41(0.61)  242(0.04)  271(0.46)  348(0.44)  589(0.46)  966(0.37)  1233(0.96)  1275(0.24)  1765(0.5)  2985(0.13)  3161(0.91)  3570(1.0)  5558(0.82)  
2666 2780(0.66)  
2667 39(0.74)  41(0.69)  1332(0.99)  1595(0.46)  2026(0.06)  3196(0.17)  
2668 19(0.58)  73(0.73)  201(0.77)  348(0.06)  384(0.05)  426(0.14)  542(0.21)  571(0.78)  604(0.56)  661(0.38)  729(0.43)  960(0.18)  1239(0.11)  1459(0.85)  1624(0.21)  1725(0.24)  1758(0.26)  1771(0.69)  2023(0.74)  2208(0.47)  2635(0.44)  2802(0.09)  3189(0.51)  3434(0.11)  3775(0.51)  4976(0.88)  5288(0.4)  5559(0.33)  5560(0.83)  
2669 38(0.33)  225(0.73)  371(0.01)  5561(0.29)  
2670 39(0.19)  48(0.95)  
2671 41(0.63)  310(0.67)  572(0.22)  1329(0.15)  1368(0.74)  1436(0.1)  2106(0.97)  2351(0.6)  2622(0.12)  2942(0.15)  3061(0.34)  3483(0.98)  3794(0.2)  4246(0.31)  4247(0.53)  4262(0.56)  4551(0.9)  5141(0.29)  5562(0.15)  5563(0.48)  
2672 36(0.71)  38(0.09)  39(0.45)  41(0.42)  48(0.86)  310(0.98)  
2673 39(0.19)  48(0.7)  648(0.88)  749(0.14)  1685(0.93)  2104(0.59)  2633(0.03)  2694(0.48)  2786(0.61)  4533(0.75)  5318(0.76)  5564(0.23)  5565(0.6)  
2674 48(0.45)  65(0.6)  101(0.1)  237(0.03)  301(0.76)  763(0.69)  885(0.26)  1353(0.42)  1435(0.6)  1956(0.23)  2241(0.93)  2476(0.36)  2519(0.83)  3343(0.13)  3476(0.07)  3638(0.13)  3784(0.6)  5566(0.23)  
2675 41(0.19)  103(0.57)  806(0.87)  1131(0.35)  
2676 39(0.36)  48(0.24)  123(0.9)  195(0.64)  334(0.62)  479(0.29)  903(0.14)  987(0.33)  1233(0.69)  1268(0.42)  1480(0.9)  1578(0.8)  1765(0.72)  2425(0.59)  5059(0.76)  
2677 39(0.8)  41(0.0)  48(0.49)  164(0.98)  165(0.59)  166(0.33)  167(0.49)  342(0.25)  357(0.31)  534(0.35)  749(0.34)  792(0.6)  1600(0.1)  1805(0.53)  2034(0.73)  2847(0.58)  3243(0.08)  4744(0.58)  5339(0.17)  5567(0.73)  5568(0.83)  
2678 39(0.85)  41(0.81)  48(0.09)  65(0.32)  94(0.41)  258(0.44)  346(0.07)  374(0.29)  479(0.42)  498(0.95)  533(0.96)  1099(0.6)  1368(0.15)  1372(0.17)  
2679 32(0.12)  41(0.63)  48(0.77)  246(0.86)  595(0.89)  690(0.72)  692(0.42)  1172(0.59)  1440(0.62)  1624(0.66)  1738(0.49)  2413(0.43)  2473(0.98)  3056(0.88)  4164(0.18)  4945(0.28)  5563(0.66)  5569(0.51)  5570(0.37)  5571(0.19)  
2680 32(0.64)  533(0.89)  2527(0.24)  3404(0.01)  5293(0.08)  5572(0.38)  
2681 2780(0.73)  
2682 981(0.41)  1796(0.88)  2374(0.0)  2418(0.59)  
2683 32(0.71)  37(0.49)  38(0.51)  39(0.57)  41(0.85)  48(0.64)  175(0.64)  785(0.93)  1188(0.06)  2519(0.33)  5573(0.8)  5574(0.46)  5575(0.55)  
2684 31(0.9)  39(0.04)  48(0.95)  119(0.04)  141(0.03)  251(0.7)  441(0.7)  479(0.7)  588(0.29)  785(0.15)  1206(0.35)  1604(0.01)  1916(0.99)  2319(0.5)  2344(0.63)  2663(0.48)  2838(0.66)  3487(0.14)  3577(0.52)  3793(0.4)  4189(0.11)  4217(0.66)  4308(0.65)  5110(0.37)  5288(0.2)  5576(0.1)  5577(0.32)  5578(0.86)  5579(0.83)  5580(0.52)  5581(0.55)  5582(0.59)  
2685 225(0.9)  232(0.4)  3840(0.94)  
2686 39(0.23)  48(0.61)  570(0.89)  861(0.31)  1715(0.8)  2168(0.08)  2267(0.18)  2423(0.29)  2468(0.15)  3280(0.91)  3317(1.0)  3504(0.29)  3947(0.57)  5248(0.31)  5510(0.64)  5583(0.22)  
2687 38(0.07)  41(0.94)  55(0.54)  270(0.34)  467(0.64)  1630(0.51)  
2688 30(0.56)  48(0.28)  60(0.68)  89(0.53)  770(0.27)  981(0.71)  1638(0.88)  2200(0.95)  2413(0.74)  2847(0.44)  3047(0.87)  3402(0.58)  3453(0.74)  4161(0.61)  4430(0.69)  4642(0.02)  5229(0.79)  
2689 39(0.81)  41(0.35)  48(0.44)  60(0.69)  147(0.09)  310(0.09)  536(0.97)  604(0.61)  697(0.67)  727(0.54)  798(0.99)  936(0.84)  1146(0.13)  1422(0.94)  1697(0.87)  2130(0.83)  2468(0.07)  2633(0.67)  3593(0.96)  3616(0.82)  3933(0.98)  4013(0.48)  4099(0.19)  4148(0.09)  4198(0.05)  4512(0.39)  5584(0.6)  5585(0.7)  5586(0.28)  5587(0.43)  5588(0.97)  5589(0.16)  
2690 39(0.69)  60(0.32)  536(0.64)  604(0.24)  749(0.47)  1713(0.07)  2130(0.59)  
2691 39(0.51)  1291(0.08)  2857(0.99)  3158(0.09)  5356(0.08)  
2692 41(0.15)  48(0.4)  104(0.03)  225(0.27)  270(0.47)  271(0.84)  531(0.42)  803(0.47)  833(0.97)  877(0.06)  910(0.73)  956(0.41)  1867(0.03)  2103(0.47)  2343(0.35)  2355(0.43)  2399(0.78)  2673(0.63)  2676(0.38)  2733(0.31)  3250(0.4)  3988(0.6)  4113(0.27)  5334(0.08)  5590(0.48)  5591(0.48)  
2693 39(0.3)  48(0.48)  65(0.06)  939(0.59)  2393(0.71)  3966(0.03)  
2694 38(0.38)  39(0.68)  40(0.67)  41(0.39)  45(0.9)  48(0.14)  79(0.18)  225(0.01)  249(0.48)  522(0.24)  604(0.27)  1715(0.12)  1804(0.65)  2216(0.09)  2810(0.69)  3904(0.54)  4388(0.93)  4643(0.07)  5592(0.92)  
2695 32(0.12)  39(0.19)  41(0.02)  48(0.84)  52(0.53)  225(0.13)  348(0.66)  352(0.88)  374(0.24)  595(0.51)  612(0.29)  795(0.59)  1227(0.46)  1306(0.57)  1330(0.54)  1739(0.32)  1809(0.13)  1818(0.98)  1819(0.16)  1859(0.49)  2135(0.69)  2266(0.11)  2273(0.04)  2523(0.67)  2786(0.16)  2802(0.7)  3297(0.22)  3311(0.4)  3411(0.3)  3662(0.8)  4013(0.06)  4064(0.31)  4197(0.66)  4198(0.46)  4363(0.66)  4432(0.78)  5116(0.33)  5593(0.07)  5594(0.95)  5595(0.72)  5596(0.52)  5597(0.67)  5598(0.07)  5599(0.87)  
2696 23(0.5)  39(0.46)  41(0.6)  48(0.84)  101(0.04)  127(0.34)  301(0.17)  589(0.75)  963(0.61)  1417(0.6)  2051(0.54)  2599(0.9)  3443(0.77)  5600(0.13)  
2697 41(0.39)  45(0.55)  878(0.18)  2985(0.75)  3987(0.29)  4156(0.04)  
2698 89(0.14)  133(0.87)  164(0.52)  165(0.99)  166(0.5)  167(0.61)  301(0.15)  345(0.0)  439(0.98)  513(0.36)  590(0.61)  592(0.25)  615(0.04)  878(0.86)  1214(0.79)  1277(0.86)  1316(0.14)  1405(0.38)  1613(0.51)  1663(0.1)  1838(0.89)  1870(0.73)  2180(0.38)  2638(0.09)  2925(0.01)  4143(0.81)  4360(0.76)  4636(0.25)  5601(0.14)  5602(0.19)  
2699 9(0.07)  32(0.27)  37(0.18)  38(0.43)  39(0.91)  41(0.98)  237(0.46)  718(0.92)  880(0.45)  3417(0.44)  3489(0.85)  4279(0.32)  5603(0.75)  5604(0.48)  
2700 310(0.28)  916(0.2)  1886(0.94)  4605(0.21)  
2701 32(0.15)  39(0.5)  41(0.55)  79(0.59)  133(0.1)  271(0.31)  475(0.23)  1763(0.49)  4596(0.93)  
2702 48(0.02)  208(0.88)  234(0.95)  255(0.03)  310(0.0)  317(0.07)  514(0.92)  591(0.66)  592(0.22)  593(0.73)  770(0.37)  783(0.19)  887(0.58)  903(0.1)  1043(0.54)  1376(0.39)  1433(0.67)  1568(0.27)  1578(0.06)  2609(0.78)  3256(0.62)  4772(0.71)  4945(0.56)  
2703 39(0.2)  48(0.62)  1051(0.49)  1327(0.5)  2177(0.32)  2492(0.74)  5605(0.56)  
2704 39(0.44)  41(0.67)  52(0.04)  65(0.05)  117(0.16)  550(0.19)  571(0.62)  612(0.49)  751(0.25)  759(0.3)  1013(0.76)  1191(0.62)  1239(0.63)  1765(0.14)  1783(0.97)  2077(0.96)  2247(0.67)  2264(0.77)  2475(0.96)  2519(0.65)  2543(0.99)  2612(0.95)  2994(0.33)  3218(0.26)  3358(0.09)  3570(0.27)  3735(0.43)  4265(0.7)  5461(0.82)  
2705 41(0.12)  48(0.37)  179(0.92)  406(0.6)  547(0.17)  585(0.0)  720(0.25)  831(0.6)  878(0.73)  1435(0.62)  2894(0.43)  3799(0.62)  3935(0.97)  4166(0.64)  5606(0.02)  5607(0.12)  5608(0.06)  
2706 39(0.23)  41(0.58)  94(0.76)  164(0.23)  165(0.78)  185(0.15)  237(0.11)  249(0.35)  259(0.14)  413(0.35)  441(0.04)  475(0.52)  681(0.08)  694(0.93)  730(0.04)  766(0.29)  941(0.38)  1013(0.37)  1144(0.56)  1233(0.26)  1616(0.9)  1842(0.68)  2325(0.2)  3186(0.08)  3317(0.8)  3539(0.35)  4495(0.58)  4606(0.47)  4607(0.72)  4661(0.08)  4939(0.81)  
2707 39(0.44)  41(0.02)  48(0.87)  129(0.74)  357(0.73)  538(0.64)  549(0.27)  569(0.64)  570(0.74)  716(0.49)  892(0.02)  1057(0.73)  1178(0.5)  1189(0.74)  1273(0.39)  1422(0.98)  2284(0.13)  2445(0.66)  2508(0.06)  2613(0.48)  3119(0.32)  3262(0.25)  3835(0.94)  4214(0.59)  4429(0.38)  4573(0.18)  4621(0.24)  4933(0.98)  5609(0.55)  5610(0.29)  5611(0.52)  5612(0.79)  
2708 39(0.68)  60(0.62)  432(0.54)  594(0.02)  783(0.8)  1233(0.9)  1741(0.21)  1765(0.22)  2561(0.91)  
2709 39(0.37)  48(0.72)  668(0.73)  865(0.89)  1620(0.71)  1715(0.05)  1961(0.66)  
2710 32(0.05)  39(0.51)  179(0.23)  1158(0.19)  1198(0.28)  2074(0.07)  2086(0.42)  2533(0.49)  2754(0.5)  2990(0.84)  3437(0.71)  3619(0.15)  4037(0.85)  5613(0.64)  
2711 39(0.18)  48(0.62)  
2712 39(0.6)  41(0.14)  413(0.18)  879(0.95)  2430(0.76)  2595(0.97)  2846(0.37)  3270(0.78)  5136(0.87)  5614(0.88)  
2713 32(0.19)  41(0.95)  48(0.76)  62(0.82)  76(0.08)  79(0.63)  201(0.21)  612(0.18)  623(0.05)  693(0.44)  991(0.72)  1010(0.48)  1086(0.07)  1165(0.67)  1327(0.48)  1600(0.47)  1859(0.07)  1874(0.31)  2031(0.31)  2032(0.69)  2225(0.82)  2254(0.5)  2614(0.71)  2815(0.76)  3367(0.64)  3530(0.68)  4143(0.87)  4336(0.7)  5615(0.58)  5616(0.83)  5617(0.41)  5618(0.11)  5619(0.78)  
2714 1680(0.94)  1756(0.84)  2679(0.1)  2754(0.25)  3547(0.27)  3708(0.29)  5620(0.65)  5621(0.93)  5622(0.77)  
2715 536(0.6)  749(0.54)  2130(0.4)  3505(0.0)  3638(0.82)  
2716 39(0.16)  334(0.51)  606(1.0)  1646(0.0)  3924(0.92)  5623(0.55)  
2717 23(0.62)  39(0.07)  41(0.4)  48(0.87)  117(0.16)  249(0.09)  941(0.29)  1144(0.74)  1435(0.46)  2186(0.01)  2269(0.3)  3662(0.03)  4177(0.26)  4201(0.42)  5151(0.99)  5596(0.99)  5624(0.33)  
2718 39(0.15)  48(0.92)  82(0.52)  107(0.75)  108(0.12)  186(0.28)  208(0.69)  548(0.82)  976(0.57)  1559(0.1)  1854(0.04)  1979(0.28)  1981(0.92)  2049(0.59)  2990(0.62)  3581(0.85)  4787(0.25)  
2719 32(0.42)  39(0.03)  89(0.82)  449(0.83)  516(0.48)  574(0.2)  705(0.39)  928(0.86)  969(0.15)  1145(0.85)  1198(0.76)  1744(0.21)  2708(0.13)  3942(0.18)  5208(0.22)  5625(0.82)  5626(0.92)  
2720 39(0.21)  48(0.61)  155(0.32)  185(0.17)  235(0.81)  237(0.06)  242(0.81)  272(0.89)  320(0.8)  413(0.65)  650(0.27)  916(0.16)  1233(0.62)  1347(0.27)  1376(0.41)  1396(0.69)  1788(0.09)  2205(0.7)  2677(0.97)  2808(0.02)  2832(0.45)  5217(0.69)  5627(0.7)  
2721 18(0.83)  48(0.99)  99(0.96)  201(0.34)  232(0.53)  237(0.74)  384(0.92)  804(0.78)  1027(0.94)  1209(0.57)  1543(0.86)  1951(0.58)  1983(0.04)  2079(0.75)  2284(0.64)  2750(0.05)  2755(0.82)  2803(0.53)  2808(0.0)  3475(0.0)  5269(0.37)  5628(0.46)  5629(0.8)  5630(0.68)  5631(0.25)  5632(0.66)  
2722 39(0.92)  41(0.66)  
2723 39(0.15)  41(0.98)  48(0.25)  95(0.12)  251(0.32)  677(0.14)  704(0.04)  1004(0.98)  1227(0.52)  1315(0.9)  1557(0.21)  1563(0.04)  1762(0.61)  2492(0.62)  2960(0.25)  2997(0.88)  4111(0.61)  4224(0.34)  4601(0.47)  4719(0.26)  4767(0.38)  4903(0.06)  5064(0.5)  5092(0.11)  5633(1.0)  
2724 23(0.35)  24(0.49)  32(0.42)  45(0.52)  89(0.96)  364(0.68)  533(0.48)  596(0.76)  675(0.16)  678(0.07)  713(0.44)  714(0.37)  740(0.62)  846(0.84)  970(0.58)  1327(0.08)  1557(0.36)  1928(0.25)  2947(0.51)  2982(0.54)  3063(0.04)  4119(0.35)  4975(0.92)  5245(0.44)  5364(0.48)  
2725 39(0.71)  41(0.33)  48(0.02)  116(0.07)  643(0.06)  1009(0.33)  1987(0.62)  3411(0.11)  4075(0.81)  5634(0.25)  
2726 39(0.71)  65(0.35)  301(0.09)  3008(0.17)  4072(0.03)  4488(0.98)  5576(0.94)  
2727 39(0.06)  1853(0.64)  3709(0.82)  5635(0.63)  
2728 3267(0.81)  3444(0.79)  5636(0.52)  
2729 41(0.41)  48(0.31)  310(0.85)  956(0.24)  1199(0.14)  2441(0.58)  2519(0.84)  2638(0.79)  
2730 18(0.61)  39(0.06)  48(0.28)  52(0.37)  117(0.22)  161(0.76)  567(0.01)  1233(0.9)  1372(0.19)  1641(0.06)  1710(0.84)  2250(0.32)  2266(0.29)  2620(0.99)  3291(0.33)  3341(0.73)  3462(0.66)  3644(0.71)  3678(0.68)  4013(0.83)  4153(0.94)  4156(0.25)  4464(0.31)  4585(0.39)  4802(0.06)  4969(0.96)  5535(0.43)  5637(0.34)  5638(0.63)  5639(0.42)  
2731 32(0.14)  39(0.45)  41(0.17)  48(0.45)  79(0.73)  345(0.91)  586(0.25)  2286(0.87)  4444(0.99)  5640(0.99)  
2732 12(0.74)  36(0.71)  38(0.11)  39(0.08)  237(0.53)  507(0.2)  3387(0.54)  4081(0.97)  5641(0.41)  
2733 32(0.65)  38(0.65)  39(0.17)  41(0.05)  47(0.56)  48(0.51)  352(0.31)  384(0.45)  522(0.59)  604(0.66)  824(0.42)  1161(0.24)  1360(0.74)  1715(0.44)  3411(0.03)  3722(0.25)  4131(0.08)  4346(0.03)  4562(0.55)  
2734 32(0.53)  39(0.96)  237(0.27)  604(0.5)  1497(0.98)  3593(0.71)  4131(0.59)  4198(0.2)  
2735 39(0.27)  
2736 39(0.23)  348(0.51)  570(0.29)  595(0.51)  824(0.35)  1432(0.09)  1739(0.62)  1951(0.96)  2404(0.57)  2486(0.54)  2786(0.47)  2992(0.47)  2997(0.83)  3411(0.68)  3453(0.93)  4056(0.03)  4557(0.63)  4835(0.17)  5642(0.05)  
2737 39(0.69)  48(0.45)  871(0.73)  1956(0.09)  5293(0.78)  
2738 32(0.27)  49(0.16)  126(0.8)  225(0.49)  476(0.23)  880(0.79)  4099(0.53)  5643(0.11)  
2739 39(0.18)  242(0.5)  479(0.94)  785(0.86)  1257(0.43)  1659(0.46)  2266(0.44)  
2740 260(0.9)  423(0.42)  4080(0.87)  
2741 32(0.56)  1146(0.61)  3616(0.28)  5644(0.5)  
2742 39(0.04)  41(0.29)  48(0.64)  60(0.2)  61(0.89)  65(0.95)  96(0.52)  155(0.27)  441(0.14)  518(0.69)  565(0.62)  581(0.59)  598(0.97)  690(0.89)  877(0.38)  1016(0.85)  1034(0.82)  1355(0.87)  1665(0.1)  1678(0.3)  1763(0.55)  1890(0.1)  2343(0.04)  2673(0.48)  3101(0.3)  3572(0.99)  3866(0.69)  4832(0.36)  5645(0.37)  
2743 5(0.92)  32(0.61)  41(0.47)  189(0.42)  209(0.25)  270(0.83)  271(0.78)  766(0.31)  1404(0.24)  1600(0.41)  1619(0.73)  2132(0.51)  2168(0.04)  2383(0.34)  2492(0.3)  4038(0.87)  4958(0.26)  
2744 39(0.55)  269(0.12)  467(0.88)  488(0.95)  921(0.81)  1257(0.67)  1805(0.69)  2196(0.54)  2235(0.35)  2237(0.73)  2343(0.09)  2519(0.01)  3493(0.18)  4093(0.44)  4436(0.63)  5208(0.94)  5502(0.9)  5562(0.64)  5646(0.66)  
2745 2(0.44)  48(0.15)  161(0.02)  184(0.05)  249(0.39)  285(0.12)  338(0.17)  346(0.69)  451(0.45)  685(0.18)  766(0.4)  783(0.14)  913(0.58)  1280(0.78)  1315(1.0)  1505(0.22)  1823(0.54)  2002(0.96)  2325(0.12)  2447(0.94)  2723(0.76)  2976(0.42)  2997(0.08)  5618(0.52)  5647(0.57)  5648(0.47)  
2746 66(0.54)  776(0.6)  4156(0.99)  5452(0.94)  5649(0.15)  5650(0.07)  
2747 39(0.93)  3038(0.56)  
2748 39(0.19)  41(0.14)  225(0.42)  270(0.95)  271(0.77)  
2749 11(0.38)  31(0.94)  38(0.45)  39(0.64)  41(0.51)  47(0.28)  48(0.7)  301(0.45)  480(0.67)  743(0.67)  915(0.62)  1308(0.61)  2426(0.85)  3259(0.87)  3683(0.7)  4225(0.34)  4548(0.08)  4583(0.78)  4774(0.42)  4822(0.99)  4881(0.41)  5453(0.12)  5486(0.31)  5651(0.27)  5652(0.47)  5653(0.66)  
2750 38(0.32)  39(0.59)  41(0.89)  48(0.94)  261(0.64)  352(0.07)  840(0.5)  958(0.03)  2931(0.33)  
2751 39(0.57)  237(0.13)  476(0.52)  765(0.73)  875(0.83)  1391(0.72)  1542(0.71)  1631(0.03)  1681(0.41)  1736(0.73)  1796(0.67)  1872(0.77)  3269(0.37)  3297(0.98)  3779(0.11)  3800(0.02)  3868(0.17)  4128(0.75)  4263(0.7)  5268(0.08)  5654(0.93)  5655(0.27)  5656(0.5)  5657(0.96)  5658(0.04)  
2752 48(0.43)  1600(0.68)  
2753 39(0.47)  48(0.24)  65(0.48)  374(0.89)  436(0.81)  604(0.14)  981(0.3)  1206(0.97)  1501(0.01)  1643(0.3)  1681(0.84)  1796(0.09)  1916(0.45)  2238(0.37)  3173(0.46)  3664(0.67)  5659(0.33)  
2754 39(0.06)  41(0.69)  48(0.79)  269(0.81)  1011(0.59)  1123(1.0)  1748(0.4)  1895(0.09)  2283(0.21)  2443(0.57)  2773(0.49)  3121(0.66)  3680(0.36)  3981(0.29)  4445(0.42)  5660(0.51)  
2755 10(0.28)  11(0.02)  48(0.06)  147(0.26)  179(0.16)  186(0.9)  486(0.08)  592(0.83)  861(0.76)  1704(0.5)  1715(0.99)  2559(0.21)  2851(0.37)  2990(0.81)  3735(0.29)  4111(0.35)  4162(0.83)  4270(0.48)  5210(0.4)  5645(0.8)  5661(0.61)  
2756 39(0.84)  40(0.06)  89(0.18)  234(0.72)  237(0.24)  1143(0.01)  1473(0.22)  2004(0.56)  3012(0.21)  
2757 41(0.74)  1283(0.03)  3170(0.98)  
2758 32(0.25)  39(0.1)  244(0.63)  1530(0.17)  
2759 39(0.81)  1424(0.39)  
2760 39(0.79)  221(0.67)  535(0.21)  675(0.71)  1041(0.05)  2894(0.22)  3308(0.8)  3947(0.56)  5662(0.07)  
2761 48(0.42)  426(0.83)  3672(0.87)  5663(0.73)  
2762 18(0.77)  19(0.64)  39(0.68)  41(0.85)  48(0.7)  84(0.01)  352(0.22)  757(0.34)  767(0.31)  1277(0.66)  1619(0.1)  2786(0.97)  2847(0.38)  2939(0.32)  4054(0.35)  
2763 39(0.08)  48(0.39)  225(0.51)  475(0.7)  2958(0.86)  5653(0.08)  
2764 38(0.95)  39(0.91)  41(0.43)  48(0.8)  147(0.58)  281(0.79)  319(0.69)  441(0.13)  741(0.47)  784(0.72)  974(0.02)  1296(0.79)  1804(0.5)  1823(0.92)  1870(0.51)  2074(0.48)  2254(0.08)  3463(0.6)  4472(0.94)  4833(0.41)  4891(0.24)  4899(0.52)  5490(0.91)  5664(0.25)  
2765 36(0.99)  38(0.7)  39(0.49)  41(0.6)  48(0.02)  110(0.88)  749(0.78)  1035(0.53)  1043(0.8)  1428(0.74)  1552(0.6)  1715(0.6)  2284(0.15)  2486(0.3)  2505(0.54)  2951(0.83)  3384(0.93)  3411(0.03)  3981(0.29)  4342(0.39)  5164(0.24)  5665(0.57)  5666(0.61)  
2766 38(0.96)  39(0.52)  48(0.56)  110(1.0)  208(0.43)  267(0.38)  572(0.39)  619(0.38)  740(0.59)  2745(0.19)  3503(0.57)  4636(0.88)  4825(0.08)  4826(0.12)  5060(0.93)  5667(0.16)  5668(0.17)  
2767 331(0.13)  332(0.01)  337(0.64)  432(0.05)  1312(0.05)  
2768 38(0.33)  39(0.86)  840(0.42)  1410(0.8)  2515(0.45)  3347(0.33)  3459(0.2)  
2769 48(0.88)  89(0.75)  327(0.73)  369(0.28)  490(0.47)  587(0.11)  695(0.89)  1158(0.2)  1544(0.65)  1773(0.44)  1892(0.6)  2363(0.53)  2541(0.89)  2714(0.42)  3340(0.23)  3431(0.52)  3580(0.12)  3791(0.04)  3858(0.38)  3923(0.85)  3946(0.05)  4010(0.13)  4037(0.86)  4269(0.09)  4377(0.36)  4840(0.38)  4849(0.07)  5078(0.83)  5669(0.65)  
2770 433(0.1)  1054(0.8)  1055(0.71)  1178(0.51)  1198(0.17)  1588(0.18)  3385(0.18)  
2771 179(0.8)  440(0.84)  656(0.2)  1327(0.92)  3551(0.56)  4844(0.5)  
2772 23(0.49)  38(0.8)  39(0.17)  41(0.72)  48(0.42)  110(0.42)  269(0.92)  479(0.51)  1061(0.31)  1146(0.97)  1233(0.07)  1765(0.37)  1779(0.79)  2425(0.49)  2523(0.95)  3616(0.87)  4051(0.67)  4057(0.63)  4663(0.28)  4981(0.44)  
2773 32(0.14)  39(0.73)  48(0.04)  164(0.84)  165(0.04)  167(0.27)  203(0.83)  698(0.55)  851(0.27)  1112(0.18)  1280(0.8)  1501(0.29)  1870(0.15)  2321(0.82)  2626(0.58)  3493(0.6)  3647(0.69)  4470(0.4)  5543(0.9)  
2774 39(0.47)  41(0.76)  479(0.45)  3021(0.45)  3055(0.3)  
2775 39(0.78)  48(0.93)  118(0.24)  123(0.43)  447(0.31)  521(0.64)  604(0.31)  648(0.41)  1126(0.52)  1302(0.29)  1330(0.82)  1769(0.94)  2015(0.91)  2273(0.31)  2438(0.61)  2481(0.63)  2678(0.39)  2741(0.24)  2773(0.45)  3026(0.45)  3082(0.2)  3090(0.14)  3194(0.83)  4198(0.44)  4236(0.94)  4242(0.13)  4657(0.41)  4679(0.85)  4686(0.72)  4962(0.47)  5147(0.51)  5571(0.06)  5670(0.84)  5671(0.74)  5672(0.41)  5673(0.27)  5674(0.15)  5675(0.11)  5676(0.64)  
2776 39(0.08)  41(0.18)  1732(0.53)  5677(0.32)  5678(0.32)  
2777 14(1.0)  39(0.06)  41(0.74)  48(0.87)  88(0.48)  104(0.93)  117(0.8)  225(0.09)  234(0.06)  237(0.97)  249(0.86)  374(0.11)  413(0.83)  464(0.9)  540(0.85)  727(0.36)  730(0.23)  731(0.58)  783(0.58)  795(0.83)  833(0.7)  932(0.13)  1013(0.88)  1428(0.06)  1481(0.62)  1568(0.81)  1683(0.24)  1796(0.35)  1818(0.86)  1819(0.76)  1951(0.57)  1987(0.08)  2129(0.21)  2166(1.0)  2216(0.89)  2239(0.12)  2527(0.34)  2791(0.83)  2888(0.67)  3074(0.37)  3237(0.87)  3311(0.61)  3499(0.76)  3582(0.91)  3977(0.47)  4311(0.37)  5316(0.22)  5679(0.2)  5680(0.11)  5681(0.7)  
2778 2118(0.72)  3228(0.11)  5682(0.86)  
2779 39(0.61)  41(0.79)  48(0.66)  489(0.46)  764(0.54)  981(0.47)  1796(0.81)  1964(0.51)  2656(0.79)  2847(0.46)  2983(0.64)  3294(0.82)  3307(0.13)  3358(0.19)  3664(0.01)  4042(0.21)  4127(0.26)  4969(0.79)  5683(0.96)  5684(0.09)  
2780 32(0.66)  152(0.48)  
2781 475(0.27)  718(0.95)  1115(0.07)  4162(0.84)  4384(0.4)  5685(0.64)  5686(0.44)  
2782 32(0.26)  38(0.55)  41(0.81)  281(0.35)  789(0.67)  997(0.11)  1198(0.71)  3546(0.68)  4163(0.9)  5215(0.82)  
2783 39(0.79)  50(0.2)  189(0.84)  232(0.19)  338(0.57)  348(0.1)  475(0.14)  566(0.47)  623(0.51)  749(0.35)  993(0.45)  1010(0.75)  1185(0.78)  1191(0.18)  1392(0.43)  1915(0.28)  2399(0.02)  2633(0.26)  2741(0.94)  2815(0.78)  3086(0.2)  3512(0.94)  5133(0.48)  5687(0.73)  5688(0.43)  
2784 38(0.22)  39(0.02)  41(0.13)  48(0.39)  60(0.86)  89(0.2)  150(0.88)  185(0.91)  370(0.58)  374(0.68)  384(0.7)  718(0.97)  783(0.53)  843(0.33)  1013(0.08)  1249(0.62)  1372(0.19)  1805(0.02)  1986(0.85)  2051(0.93)  2405(0.25)  2425(0.58)  3611(0.83)  4097(0.64)  4479(0.24)  4495(0.11)  5500(0.29)  5689(0.94)  5690(0.29)  
2785 38(0.4)  110(0.84)  3254(0.42)  
2786 32(0.41)  39(0.77)  41(0.44)  48(0.83)  65(0.98)  79(0.22)  94(0.69)  136(0.95)  225(0.12)  310(0.71)  381(0.71)  549(0.04)  798(0.13)  1010(0.42)  1138(0.85)  1278(0.34)  1435(0.24)  1715(0.65)  2325(0.66)  2987(0.07)  3462(0.22)  3858(0.78)  5691(0.87)  5692(0.13)  5693(0.77)  
2787 32(0.02)  39(0.97)  48(0.44)  161(0.46)  1426(0.47)  2062(0.63)  3073(0.68)  3644(0.93)  3898(0.48)  4064(0.03)  4107(0.88)  5025(0.91)  5694(0.95)  5695(0.54)  5696(0.78)  
2788 39(0.04)  48(0.58)  273(0.07)  1578(0.48)  1588(0.95)  2951(0.58)  3127(0.77)  3616(0.81)  3691(0.47)  4292(0.04)  4642(0.25)  5316(0.78)  5697(0.93)  5698(0.17)  5699(0.93)  
2789 192(0.76)  757(0.68)  904(0.92)  1233(0.32)  1255(0.83)  2038(0.24)  2425(0.79)  2612(0.13)  2775(0.24)  3341(0.23)  3738(0.6)  4131(0.77)  4188(0.08)  4661(0.74)  4849(0.92)  5700(0.5)  
2790 39(0.73)  41(0.08)  48(0.68)  79(0.81)  156(0.51)  475(0.71)  604(0.36)  690(0.74)  713(0.62)  750(0.51)  1329(0.98)  2238(0.39)  2992(0.29)  3462(0.41)  3489(0.97)  4002(0.25)  4354(0.51)  4665(0.42)  4775(0.93)  5701(0.29)  5702(0.85)  5703(0.5)  5704(0.3)  
2791 32(0.89)  39(0.05)  41(0.92)  65(0.47)  237(0.22)  249(0.28)  339(0.99)  653(0.15)  1081(0.08)  1513(0.31)  1605(0.54)  2714(0.45)  2817(0.45)  4026(0.72)  4056(0.96)  4282(0.99)  5297(0.63)  
2792 2432(0.62)  3328(0.98)  5219(0.32)  5705(0.69)  
2793 31(0.64)  38(0.07)  39(0.5)  48(0.45)  110(0.35)  225(0.14)  366(0.79)  769(0.9)  1344(0.54)  1962(0.07)  2613(0.45)  3195(0.0)  3347(0.26)  4636(0.46)  5706(0.19)  5707(0.58)  
2794 4414(0.28)  5318(0.01)  
2795 9(0.21)  11(0.9)  39(0.96)  48(0.25)  50(0.26)  79(0.24)  225(0.71)  271(0.51)  576(0.28)  604(0.36)  783(0.38)  926(0.34)  1057(0.09)  1090(0.57)  1132(0.72)  1239(0.22)  1596(0.6)  1638(0.79)  1809(0.63)  2238(0.31)  2555(0.42)  3195(0.2)  3547(0.26)  3788(0.29)  3921(0.62)  3992(0.48)  4026(0.69)  4129(0.13)  4198(0.66)  4330(0.39)  4473(0.65)  4636(0.77)  4722(0.5)  5414(0.79)  5708(0.33)  
2796 39(0.6)  44(0.56)  48(0.04)  101(0.73)  164(0.35)  166(0.62)  167(0.64)  208(0.99)  310(0.79)  682(0.04)  683(0.18)  789(0.49)  824(0.17)  981(0.88)  2048(0.56)  2612(0.18)  4681(0.8)  5294(0.48)  5709(0.55)  5710(0.45)  5711(0.23)  5712(0.79)  
2797 107(0.08)  251(0.3)  260(0.65)  310(0.77)  548(0.28)  2118(0.02)  2254(0.01)  5057(0.72)  
2798 41(0.92)  201(0.87)  278(0.55)  720(0.02)  855(0.91)  990(0.11)  1239(0.04)  1264(0.16)  1282(0.41)  1683(0.48)  1735(0.39)  2134(0.1)  2624(0.61)  2994(0.48)  3076(0.24)  3307(0.16)  3418(0.28)  3708(0.12)  3735(0.34)  4730(0.21)  5318(0.75)  5408(0.93)  5713(0.8)  5714(0.72)  5715(0.73)  
2799 32(0.02)  39(0.3)  41(0.47)  48(0.03)  197(0.57)  571(0.67)  885(0.56)  1257(0.21)  1469(0.68)  2127(0.58)  3435(0.61)  3735(0.74)  5716(0.97)  
2800 1107(0.61)  2695(0.72)  3858(0.29)  
2801 39(0.99)  225(0.65)  739(0.23)  1409(0.23)  2066(0.64)  3411(0.51)  
2802 32(0.73)  48(0.2)  52(0.98)  65(0.19)  89(0.52)  192(0.51)  340(0.53)  381(0.35)  533(0.09)  592(0.77)  789(0.42)  973(0.55)  1001(0.29)  1013(0.88)  1121(0.57)  1357(0.63)  1603(0.48)  1696(0.83)  2363(0.32)  2364(0.5)  2551(0.73)  2995(0.02)  3012(0.35)  3338(0.08)  3339(0.98)  3345(0.48)  3383(0.43)  3406(0.06)  3546(0.05)  3966(0.29)  4013(0.24)  4201(0.29)  4323(0.47)  5074(0.36)  5717(0.54)  5718(0.99)  5719(0.14)  
2803 38(0.92)  39(0.21)  41(0.62)  340(0.81)  561(0.43)  655(0.9)  678(0.94)  796(0.84)  808(0.01)  893(0.79)  924(0.8)  1156(0.38)  1166(0.54)  1371(0.58)  1596(0.77)  1939(0.82)  1984(0.58)  1994(0.56)  2609(0.7)  2623(0.39)  2728(0.15)  2851(0.25)  2854(0.89)  2873(0.1)  3136(0.55)  3259(0.77)  3376(0.2)  3472(0.06)  3668(0.29)  3863(0.74)  3904(0.66)  4237(0.49)  4457(0.71)  4502(0.3)  4681(0.82)  4739(0.73)  4740(0.98)  4969(0.57)  5074(0.73)  5595(0.31)  5720(0.49)  5721(0.27)  5722(0.69)  
2804 39(0.43)  41(0.27)  340(0.51)  352(0.56)  749(0.88)  839(0.8)  1344(0.09)  2160(0.17)  2620(0.89)  2714(0.44)  2870(0.72)  3294(0.06)  3411(0.09)  
2805 39(0.69)  96(0.98)  576(0.18)  1371(1.0)  1787(0.1)  3047(0.82)  5723(0.5)  
2806 60(0.13)  189(0.32)  352(0.57)  592(0.95)  783(0.24)  1121(1.0)  1408(0.3)  1513(0.92)  1616(0.25)  2440(0.41)  3502(0.31)  
2807 39(0.52)  89(0.02)  235(0.26)  237(0.52)  854(0.61)  904(0.13)  1656(0.89)  4040(0.28)  4455(0.49)  5389(0.18)  5724(0.89)  5725(0.36)  5726(0.16)  
2808 32(0.56)  39(0.11)  48(0.29)  
2809 36(0.99)  38(0.0)  39(0.55)  89(0.39)  476(0.01)  861(0.65)  2146(0.95)  5358(0.21)  
2810 39(0.26)  48(0.25)  504(0.44)  939(0.72)  
2811 32(0.3)  39(0.82)  60(0.48)  189(0.69)  225(0.62)  314(0.01)  604(0.46)  1070(0.73)  1568(0.06)  1799(0.73)  1804(0.9)  1872(0.66)  3217(0.17)  3240(0.08)  4313(0.51)  5461(0.96)  5727(0.85)  
2812 39(0.74)  41(0.09)  48(0.81)  225(0.89)  279(0.17)  1067(0.02)  1198(0.47)  2238(0.92)  3186(0.55)  4008(0.9)  5728(0.69)  5729(0.45)  
2813 32(0.83)  38(0.31)  39(0.5)  41(0.99)  48(0.04)  170(0.54)  286(0.85)  1488(0.54)  2402(0.47)  4552(0.77)  
2814 48(0.25)  1206(0.62)  4067(0.04)  
2815 39(0.92)  48(0.8)  690(0.33)  1671(0.2)  2847(0.97)  2994(0.26)  3977(0.97)  4394(0.07)  4969(0.05)  
2816 39(0.57)  48(0.46)  251(0.5)  636(0.93)  2046(0.16)  2573(0.24)  2714(0.24)  3390(0.25)  3590(0.19)  4162(0.96)  4718(0.6)  5730(0.29)  
2817 19(1.0)  39(0.33)  48(0.01)  147(0.69)  1355(0.43)  1423(0.29)  2471(1.0)  3354(0.08)  4307(0.0)  4832(0.37)  4899(0.75)  4913(0.35)  5731(0.1)  
2818 39(0.63)  48(0.28)  262(0.85)  494(0.67)  1015(0.3)  1548(0.01)  1772(0.97)  2379(0.66)  2478(0.28)  2484(0.77)  2604(0.35)  3317(0.46)  3504(0.03)  3756(0.72)  5138(0.4)  5732(0.23)  
2819 38(0.37)  110(0.88)  170(0.01)  
2820 39(0.36)  48(0.46)  885(0.0)  956(0.2)  1013(0.93)  1049(0.3)  1265(0.89)  1638(0.58)  1772(0.24)  2156(0.39)  2202(0.6)  3577(0.57)  3641(0.84)  3768(0.41)  4251(0.46)  
2821 39(0.38)  213(0.99)  806(0.6)  1515(0.74)  
2822 161(0.08)  641(0.34)  1588(0.25)  
2823 38(0.33)  39(0.36)  48(0.53)  110(0.9)  536(0.64)  1767(0.04)  2149(0.77)  2413(0.95)  2429(0.36)  
2824 18(0.81)  39(0.39)  604(0.18)  1121(0.85)  1715(0.14)  2733(0.05)  3186(0.46)  5344(0.57)  5733(0.75)  5734(0.6)  
2825 39(0.8)  48(0.52)  451(0.82)  913(0.56)  1111(0.47)  1198(0.6)  1597(0.75)  2505(0.97)  4251(0.85)  4660(0.48)  5735(0.45)  
2826 39(0.71)  41(0.12)  643(0.67)  749(0.8)  916(0.84)  1246(0.43)  1395(0.29)  5736(0.57)  
2827 32(0.67)  36(0.63)  38(0.39)  39(0.15)  41(0.5)  147(0.42)  179(0.05)  225(0.81)  1161(0.87)  1334(0.79)  1587(0.52)  1749(0.17)  2822(0.2)  4008(0.17)  5378(0.23)  5653(0.56)  5737(0.19)  
2828 36(0.52)  38(0.06)  39(0.58)  225(0.57)  1552(0.93)  2891(0.8)  4383(0.78)  4899(0.2)  
2829 39(0.62)  48(0.56)  262(0.3)  855(0.36)  1020(0.69)  1121(0.26)  2425(0.83)  2682(0.88)  2839(0.12)  3742(0.25)  4251(0.92)  4464(0.72)  
2830 39(0.69)  41(0.32)  48(0.51)  310(0.67)  522(0.12)  1121(0.61)  1319(0.08)  2097(0.08)  2238(0.29)  2749(0.44)  4027(0.08)  5738(0.55)  
2831 63(0.61)  
2832 39(0.97)  41(0.81)  48(0.56)  147(0.21)  175(0.93)  178(0.47)  269(0.18)  348(0.33)  913(0.68)  1516(0.06)  1960(0.99)  2990(0.98)  3671(0.96)  3693(0.33)  
2833 37(0.37)  38(0.09)  41(0.44)  48(0.43)  86(0.64)  89(0.02)  264(0.12)  384(0.04)  604(0.4)  2891(0.13)  
2834 39(0.75)  41(0.92)  48(0.04)  
2835 4437(0.11)  
2836 48(0.74)  60(0.63)  225(0.31)  772(0.41)  1624(0.27)  1779(0.27)  3966(0.9)  4037(0.56)  4269(0.53)  4981(0.07)  
2837 38(0.44)  171(0.31)  3904(0.21)  4940(0.17)  
2838 381(0.33)  662(0.52)  769(0.65)  2238(0.04)  3234(0.85)  5122(0.77)  5739(0.76)  5740(0.57)  
2839 32(0.11)  38(0.46)  39(0.29)  41(0.22)  48(0.12)  78(0.7)  170(0.91)  267(0.39)  359(0.36)  535(0.7)  570(1.0)  690(0.33)  714(1.0)  764(0.94)  783(0.53)  1107(0.02)  1475(0.17)  1476(0.42)  1501(0.78)  2413(0.28)  2840(0.98)  3173(0.63)  3396(0.08)  3639(0.18)  4526(0.12)  4636(0.84)  5017(0.99)  5670(0.0)  5705(0.92)  5741(0.73)  5742(0.21)  5743(0.88)  5744(0.84)  
2840 39(0.92)  48(0.14)  271(0.81)  475(0.05)  2238(0.53)  3533(0.82)  4840(0.31)  
2841 39(0.78)  48(0.48)  229(0.5)  365(0.58)  2049(0.42)  2902(0.48)  2994(0.59)  3735(0.94)  5745(0.26)  5746(0.45)  
2842 18(0.36)  38(0.06)  39(0.35)  41(0.96)  48(0.9)  423(0.38)  504(0.13)  
2843 48(0.0)  61(0.26)  598(0.19)  704(0.87)  824(0.26)  1422(0.88)  5330(0.55)  
2844 3451(0.97)  5747(0.43)  5748(0.91)  5749(0.06)  
2845 38(0.33)  39(0.01)  48(0.17)  170(0.88)  225(0.91)  270(0.69)  271(0.49)  379(0.49)  3186(0.12)  3593(0.67)  4131(0.22)  4485(0.58)  5750(0.25)  
2846 39(0.44)  41(0.99)  48(0.63)  731(0.78)  880(0.0)  959(0.2)  1481(0.94)  1655(0.72)  1984(0.23)  2126(0.46)  4755(0.81)  4901(0.14)  5160(0.09)  5751(0.01)  5752(0.24)  
2847 38(0.87)  39(0.23)  41(0.64)  48(0.91)  170(0.34)  1638(0.55)  2470(0.65)  
2848 36(0.12)  38(0.71)  41(0.91)  117(0.68)  1885(1.0)  5753(0.76)  
2849 39(0.68)  48(0.94)  267(0.69)  1004(0.7)  1034(0.89)  2170(0.9)  3008(0.95)  
2850 103(0.72)  107(0.3)  389(0.76)  396(0.29)  548(0.79)  1291(0.71)  2053(0.47)  2910(0.02)  3149(0.02)  5146(0.11)  5560(0.05)  5754(0.85)  5755(0.33)  
2851 36(0.95)  38(0.59)  39(0.01)  48(0.46)  60(0.16)  170(0.02)  310(0.99)  476(0.48)  1422(0.17)  1702(0.88)  2561(0.22)  5756(0.16)  
2852 664(0.85)  826(0.73)  2073(0.19)  5565(0.21)  
2853 39(0.72)  55(0.91)  112(0.32)  602(0.18)  647(0.18)  3149(0.04)  
2854 39(0.03)  51(0.63)  101(0.04)  449(0.4)  690(0.67)  861(0.84)  1184(0.48)  1614(0.84)  1625(0.78)  2464(0.3)  3131(0.72)  4589(0.22)  5002(0.61)  
2855 245(0.86)  3674(0.04)  3872(0.71)  4485(0.42)  5221(0.01)  5602(0.66)  5757(0.57)  5758(0.63)  5759(0.57)  
2856 39(0.83)  249(0.54)  1619(0.43)  2518(0.85)  3411(0.2)  
2857 64(0.14)  209(0.77)  1715(0.62)  
2858 38(0.64)  39(0.36)  48(0.12)  110(0.18)  161(0.38)  242(0.64)  
2859 38(0.95)  48(0.71)  110(0.51)  371(0.76)  4913(0.89)  
2860 48(0.16)  50(0.04)  175(0.74)  402(0.64)  522(0.52)  842(0.5)  1873(0.65)  2118(0.27)  2271(0.24)  2694(0.86)  2983(0.21)  3027(0.28)  3297(0.31)  3465(0.14)  4166(0.78)  5760(0.28)  5761(0.97)  
2861 38(0.56)  170(0.33)  402(0.95)  1322(0.72)  1587(0.38)  1872(0.12)  2126(0.34)  2199(0.54)  4718(0.68)  
2862 39(0.22)  94(0.37)  1368(0.18)  1796(0.13)  2006(0.58)  3616(0.13)  3662(0.93)  4156(0.43)  4202(0.56)  
2863 39(0.08)  48(0.15)  60(0.37)  65(0.31)  308(0.27)  309(0.41)  1080(0.12)  1111(0.6)  1250(0.24)  1269(0.55)  1307(0.32)  1378(0.77)  1379(0.59)  1380(0.47)  1515(0.55)  1527(0.57)  1543(0.3)  1859(0.79)  3315(0.62)  3468(0.05)  4105(0.32)  5762(0.74)  5763(0.34)  
2864 32(0.59)  39(0.56)  3988(0.65)  4036(0.36)  4899(0.71)  
2865 9(1.0)  39(0.08)  41(0.22)  48(0.27)  185(0.13)  589(0.11)  1135(0.26)  2118(0.26)  2186(0.67)  2353(1.0)  5764(0.59)  5765(0.24)  
2866 65(0.47)  100(0.26)  136(0.03)  147(0.25)  229(0.4)  310(0.56)  398(0.18)  464(0.81)  475(0.97)  549(0.89)  700(0.03)  748(0.0)  986(0.33)  1020(0.81)  1611(0.92)  1709(0.72)  1779(0.85)  2169(0.79)  2438(0.09)  2524(0.09)  2528(0.89)  2661(0.64)  2990(0.89)  4251(0.1)  4282(0.84)  4530(0.75)  5766(0.81)  
2867 39(0.81)  41(0.53)  48(0.36)  89(0.07)  1143(0.02)  1715(0.53)  1820(0.81)  2436(0.36)  2990(0.19)  3428(0.47)  4392(0.12)  4483(0.22)  4693(0.38)  5767(0.07)  
2868 39(0.66)  41(0.48)  
2869 27(0.36)  32(0.64)  38(0.09)  41(0.59)  48(0.48)  286(0.15)  319(0.31)  572(0.29)  859(0.81)  2080(0.6)  4004(0.85)  4393(0.58)  4440(0.72)  4731(0.53)  4880(0.42)  5768(0.11)  5769(0.68)  
2870 39(0.93)  48(0.19)  269(0.38)  816(0.2)  1221(0.99)  2350(0.07)  2552(0.85)  2561(0.39)  2723(0.79)  4207(0.33)  
2871 39(0.47)  41(0.32)  48(0.59)  65(0.44)  225(0.84)  271(0.3)  352(0.34)  1233(0.16)  1729(0.32)  1859(0.58)  2612(0.69)  2620(0.65)  3411(0.09)  3680(0.56)  4886(0.52)  
2872 9(0.53)  38(0.88)  39(0.94)  41(0.03)  75(0.94)  76(0.09)  89(0.48)  94(0.96)  170(0.55)  310(0.58)  490(0.32)  516(0.77)  576(0.64)  614(0.5)  690(0.79)  761(0.32)  816(0.09)  1146(0.13)  1439(0.75)  1696(0.59)  1862(0.9)  1920(0.05)  2343(0.68)  2501(0.02)  2696(0.58)  3136(0.19)  3616(0.41)  3662(0.36)  3663(0.49)  3677(0.91)  3793(0.6)  3873(0.99)  3936(0.43)  4460(0.13)  4582(0.28)  4801(0.04)  5125(0.12)  5562(0.98)  5736(0.74)  5770(0.49)  
2873 41(0.49)  943(0.56)  4397(0.53)  5771(0.82)  
2874 16(0.06)  39(0.59)  41(0.95)  48(0.98)  94(0.46)  225(0.11)  334(0.45)  348(0.32)  927(0.2)  1013(0.13)  1372(0.58)  1769(0.95)  1795(0.12)  1856(0.69)  2006(0.43)  2315(0.24)  3303(0.73)  3304(0.11)  3305(0.19)  3306(0.0)  4251(0.99)  4418(0.15)  4636(0.86)  5567(0.8)  
2875 249(0.18)  341(0.85)  598(0.54)  
2876 237(0.86)  324(0.07)  1463(0.74)  1479(0.02)  1589(0.52)  1803(0.35)  2746(0.46)  3596(0.09)  5772(0.78)  5773(0.72)  
2877 39(0.34)  94(0.92)  349(0.46)  381(0.19)  1013(0.82)  1372(0.21)  2109(0.26)  2168(0.58)  2241(0.62)  2552(0.72)  2629(0.14)  2754(0.74)  2775(0.88)  3180(0.83)  3611(0.58)  4666(0.81)  4801(0.19)  4980(0.26)  5774(0.7)  5775(0.9)  
2878 32(0.77)  36(0.96)  38(0.65)  39(0.36)  41(0.29)  48(0.29)  49(0.1)  225(0.7)  434(0.43)  729(0.73)  2095(0.35)  2608(0.84)  2983(0.73)  5776(0.93)  5777(0.4)  5778(0.89)  5779(0.66)  
2879 32(0.22)  39(0.34)  48(0.87)  261(0.84)  279(0.32)  397(0.99)  398(0.08)  597(0.85)  598(0.39)  749(0.22)  795(0.43)  924(0.89)  1230(0.96)  1252(0.06)  1314(0.81)  1393(1.0)  1513(0.87)  1819(0.23)  3746(0.27)  4048(0.83)  4072(0.72)  4556(0.51)  5780(0.57)  5781(0.67)  
2880 36(0.91)  48(0.04)  89(0.8)  220(0.47)  336(0.41)  352(0.72)  413(0.54)  449(0.12)  708(0.58)  713(0.36)  715(0.4)  1502(0.92)  1700(0.76)  1859(0.92)  2316(0.85)  2591(0.98)  3308(0.37)  4157(0.2)  5782(0.8)  5783(0.4)  5784(0.01)  
2881 269(0.26)  458(0.49)  752(0.72)  1196(0.57)  3410(0.99)  5785(0.7)  
2882 39(0.58)  92(0.28)  310(0.86)  441(0.36)  454(0.58)  479(0.9)  485(0.78)  809(0.94)  1077(0.2)  1349(0.94)  1857(0.1)  2208(0.13)  2537(0.99)  2708(0.47)  3177(0.72)  3186(0.16)  3521(0.34)  4430(0.38)  5064(0.93)  5224(0.11)  5786(0.37)  5787(0.18)  
2883 39(0.24)  41(0.39)  269(0.21)  476(0.84)  548(0.4)  596(0.69)  598(0.94)  647(0.01)  1143(0.29)  2325(0.37)  3451(0.13)  3966(0.87)  3981(0.55)  5788(0.07)  
2884 32(0.13)  39(0.6)  41(0.05)  48(0.66)  94(0.55)  171(0.98)  301(0.57)  310(0.31)  348(0.14)  548(0.35)  725(0.65)  734(0.64)  1035(0.96)  1135(0.04)  1294(0.32)  1368(0.75)  1486(0.39)  1882(0.68)  1986(0.04)  2184(0.89)  2440(0.51)  3194(0.02)  3767(0.02)  4270(0.11)  
2885 9(0.42)  24(0.32)  39(0.37)  41(0.83)  48(0.18)  103(0.46)  117(0.37)  269(0.87)  319(0.86)  422(0.77)  441(0.95)  594(0.69)  1349(0.26)  1867(0.65)  1972(0.03)  2441(0.14)  2949(0.58)  3662(0.35)  3970(0.04)  4123(0.69)  5237(0.42)  
2886 39(0.55)  41(0.83)  60(0.92)  225(0.41)  1121(0.93)  2749(0.93)  4026(1.0)  
2887 32(0.37)  74(0.26)  107(0.68)  352(0.42)  916(0.37)  924(0.43)  1246(0.53)  1433(0.68)  1665(0.7)  1744(0.92)  2303(0.49)  2834(0.66)  3224(0.11)  3599(0.86)  
2888 36(0.92)  38(0.35)  41(0.58)  334(0.21)  662(0.37)  958(0.6)  1010(0.24)  
2889 458(0.47)  749(0.98)  791(0.32)  1682(0.16)  2475(0.28)  2665(0.32)  3582(0.47)  3913(0.28)  5274(0.45)  
2890 3705(0.68)  
2891 32(0.39)  39(0.65)  41(0.74)  48(0.02)  2561(0.94)  2990(0.72)  3735(0.59)  4430(0.91)  4983(0.25)  5211(0.68)  
2892 39(0.71)  728(0.08)  4801(0.8)  5789(0.71)  
2893 38(0.34)  41(0.24)  48(0.85)  53(0.85)  110(0.84)  170(0.91)  3904(0.84)  4362(0.13)  
2894 32(0.28)  138(0.95)  270(0.87)  271(0.67)  595(0.98)  1741(0.55)  2003(0.37)  3746(0.43)  3848(0.29)  5357(0.06)  5380(0.48)  5790(0.78)  5791(0.94)  5792(0.1)  
2895 346(0.4)  936(0.54)  1191(0.02)  2290(0.92)  3966(0.58)  5335(0.69)  
2896 32(0.45)  38(0.06)  39(0.03)  41(0.54)  48(0.73)  156(0.45)  170(0.41)  208(0.17)  258(0.23)  259(0.68)  589(0.7)  694(0.79)  714(0.85)  767(0.49)  1062(0.83)  1105(0.25)  1700(0.48)  2239(0.95)  2284(0.4)  2467(0.76)  2523(0.26)  2749(0.65)  2886(0.6)  2968(0.6)  2975(0.5)  3007(0.62)  3051(0.02)  3270(0.07)  3338(0.17)  3988(0.29)  4011(0.11)  4144(0.22)  4251(0.67)  5323(0.03)  5793(0.79)  5794(0.72)  
2897 96(0.09)  123(0.72)  917(0.18)  924(0.51)  1003(0.19)  1371(0.1)  1481(0.82)  1530(0.61)  1784(0.5)  1838(0.33)  2284(0.06)  2327(0.26)  3826(0.32)  3989(0.76)  4200(0.39)  5578(0.43)  5795(0.39)  5796(0.15)  
2898 38(0.96)  39(0.7)  1161(0.5)  1783(0.58)  3488(0.73)  3738(0.69)  3904(0.46)  4247(0.03)  5797(0.52)  5798(0.38)  
2899 48(0.78)  133(0.61)  301(0.93)  2764(0.48)  4623(0.61)  
2900 41(0.27)  612(0.54)  751(0.1)  1859(0.79)  1914(0.21)  3347(0.66)  3400(0.94)  3472(0.65)  5799(0.75)  
2901 39(0.25)  41(0.76)  48(0.9)  147(0.71)  179(0.46)  596(0.4)  604(0.4)  1062(0.65)  2802(0.85)  2894(0.75)  3194(0.85)  3248(0.51)  3323(0.6)  3791(0.61)  4348(0.11)  4713(0.95)  5800(0.82)  
2902 39(0.73)  439(0.82)  4132(0.83)  
2903 39(0.42)  41(0.45)  48(0.09)  79(0.19)  101(0.9)  361(0.88)  852(0.64)  913(1.0)  2955(0.98)  2997(0.08)  4605(0.64)  5801(0.02)  5802(0.71)  5803(0.27)  
2904 39(0.38)  41(0.66)  48(0.09)  225(0.89)  259(0.46)  270(0.95)  271(0.24)  591(0.55)  1425(0.41)  1436(0.48)  1552(0.9)  3779(0.07)  5804(0.74)  
2905 39(0.67)  48(0.53)  592(0.21)  619(0.28)  855(0.03)  1198(0.8)  1264(0.17)  3529(0.36)  3719(0.5)  3722(0.97)  4630(0.87)  4684(0.52)  4823(0.7)  4824(0.79)  4825(0.54)  4826(0.95)  5805(0.93)  5806(0.97)  5807(0.75)  5808(0.06)  5809(0.86)  
2906 32(0.72)  57(0.71)  62(0.47)  89(0.89)  265(0.63)  337(0.54)  341(0.1)  488(0.02)  506(0.56)  577(0.42)  582(0.23)  734(0.58)  846(0.58)  873(0.52)  1081(0.49)  1082(0.62)  1111(0.6)  1135(0.11)  1327(0.33)  1393(0.11)  1659(0.09)  1989(0.75)  2352(0.11)  2417(0.75)  2430(0.04)  2981(0.92)  3265(0.19)  3316(0.18)  3785(0.29)  3806(0.14)  4636(0.96)  4891(0.15)  5439(0.16)  5716(0.04)  5810(0.01)  5811(0.93)  5812(0.29)  5813(0.96)  5814(0.54)  5815(0.37)  5816(0.77)  5817(0.97)  5818(0.87)  5819(0.64)  5820(0.72)  
2907 39(0.48)  
2908 38(0.23)  39(0.61)  60(0.21)  110(0.38)  408(0.1)  476(0.1)  749(0.34)  944(0.81)  1568(0.6)  3404(0.91)  3883(0.52)  3981(0.35)  4382(0.92)  4614(0.13)  4618(0.97)  4632(0.3)  4899(0.9)  5496(0.4)  5505(0.51)  5755(0.17)  5821(0.32)  
2909 5822(0.08)  
2910 2263(0.48)  4159(0.33)  5823(0.24)  5824(0.84)  
2911 19(0.52)  48(0.08)  147(0.66)  237(0.56)  310(0.49)  349(0.35)  368(0.19)  408(0.44)  424(0.56)  839(0.61)  1624(0.05)  2994(0.77)  3125(0.16)  3308(0.18)  3966(0.05)  4111(0.62)  4685(0.47)  5825(0.46)  
2912 11(0.37)  38(0.15)  39(0.69)  48(0.1)  170(0.35)  718(0.97)  1659(0.84)  2480(0.58)  
2913 150(0.57)  798(0.73)  851(0.04)  2292(0.29)  
2914 19(0.65)  41(0.03)  48(0.73)  232(0.15)  352(0.37)  408(0.23)  576(0.69)  581(0.35)  965(0.61)  1010(0.44)  1488(0.95)  1518(0.57)  1872(0.07)  1992(0.42)  2187(0.42)  2210(0.74)  2426(0.56)  2820(0.94)  2987(0.52)  3015(0.49)  3270(0.37)  3926(0.46)  4494(0.74)  5073(0.99)  5826(0.68)  5827(0.59)  5828(0.98)  5829(0.52)  5830(0.31)  
2915 39(0.38)  41(0.62)  48(0.33)  193(0.41)  546(0.32)  705(0.17)  772(0.35)  874(0.94)  1741(0.49)  1854(0.42)  2238(0.06)  5729(0.68)  
2916 39(0.6)  1026(0.53)  1670(0.69)  2238(0.28)  2612(0.08)  2991(0.18)  3291(0.97)  4154(0.97)  
2917 11(0.27)  205(0.62)  352(0.46)  976(0.79)  1373(0.07)  1376(0.53)  1833(0.64)  2538(0.02)  2669(0.33)  3368(0.49)  4007(0.51)  4008(0.35)  4371(0.95)  5248(0.17)  5461(0.27)  
2918 11(0.91)  39(0.48)  48(0.4)  783(0.01)  2620(0.01)  5831(0.7)  
2919 39(0.24)  41(0.83)  48(0.82)  118(0.26)  147(0.04)  218(0.79)  604(0.89)  1092(0.3)  1166(0.5)  1476(0.92)  3616(0.76)  5832(0.94)  5833(0.68)  5834(0.62)  5835(0.69)  
2920 39(0.4)  681(0.65)  940(0.3)  984(0.01)  1608(0.72)  2464(0.29)  
2921 41(0.79)  189(0.39)  201(0.21)  258(0.89)  341(0.18)  535(0.65)  536(0.92)  760(0.96)  812(0.76)  910(0.66)  1459(0.27)  1518(0.07)  1618(0.39)  2343(0.59)  2942(0.68)  3274(0.36)  3514(0.43)  4111(0.81)  4207(0.47)  
2922 39(0.23)  41(0.59)  225(0.79)  4899(0.86)  
2923 40(0.23)  101(0.27)  237(0.53)  352(0.75)  475(0.82)  1313(0.54)  1795(0.14)  1819(0.72)  2182(0.46)  2269(0.69)  3608(0.97)  4382(0.19)  5017(0.23)  5836(0.48)  
2924 39(0.98)  735(0.2)  753(0.12)  1464(0.93)  3659(0.79)  5837(0.07)  
2925 12(0.95)  39(0.06)  41(0.99)  48(0.6)  129(0.75)  425(0.11)  468(0.23)  522(0.09)  591(0.56)  789(0.22)  926(0.81)  1197(0.3)  1404(0.41)  1470(0.41)  1658(0.06)  2101(0.72)  2173(0.41)  3189(0.29)  3323(0.33)  3677(0.85)  4472(0.08)  4847(0.59)  5838(0.4)  5839(0.82)  5840(0.55)  5841(0.91)  
2926 5842(0.9)  
2927 39(0.81)  41(0.28)  60(0.65)  225(0.22)  3411(0.96)  
2928 39(0.35)  740(0.05)  
2929 39(0.3)  475(0.19)  604(0.64)  2349(0.16)  2374(0.63)  2466(0.6)  5843(0.44)  
2930 38(0.88)  41(0.33)  161(0.7)  170(0.82)  703(0.45)  1344(0.87)  2075(0.53)  2741(0.66)  5844(0.02)  5845(0.95)  
2931 147(0.06)  275(0.31)  384(0.87)  397(0.11)  592(0.11)  643(0.26)  824(0.32)  863(0.58)  1307(0.44)  1353(0.2)  1779(0.39)  2168(0.76)  2505(0.8)  2856(0.77)  2953(0.16)  4111(0.68)  4864(0.8)  5664(0.68)  
2932 32(0.34)  38(0.64)  39(0.36)  41(0.12)  286(0.85)  1121(0.59)  1233(0.78)  1624(0.36)  1765(0.04)  2425(0.62)  3462(0.37)  3638(0.72)  4111(0.54)  5846(0.36)  
2933 41(0.7)  60(0.94)  79(0.95)  175(0.18)  178(0.29)  225(0.37)  389(0.27)  806(0.44)  1026(0.12)  1146(0.82)  1354(0.85)  1355(0.31)  1783(0.68)  2056(0.18)  2406(0.34)  2991(0.4)  5018(0.56)  5728(0.97)  
2934 5215(0.29)  
2935 32(0.21)  36(0.91)  38(0.13)  39(0.52)  41(0.89)  48(0.8)  225(0.39)  255(0.33)  310(0.97)  533(0.29)  1393(0.36)  2238(0.97)  2749(0.39)  4198(0.84)  5847(0.71)  
2936 39(0.06)  48(0.68)  806(0.66)  2238(0.72)  
2937 39(0.76)  41(0.47)  
2938 48(0.99)  225(0.65)  2556(0.64)  2802(0.38)  3532(0.07)  4131(0.37)  
2939 48(0.21)  89(0.9)  123(0.7)  279(0.51)  543(0.89)  717(0.24)  967(0.83)  1004(0.63)  1121(0.08)  1644(0.07)  2062(0.36)  2187(0.2)  2286(0.48)  2663(0.01)  2786(0.58)  2815(0.07)  3420(0.34)  3502(0.6)  3802(0.14)  4435(0.45)  5618(0.39)  
2940 39(0.26)  104(0.04)  384(0.35)  2238(0.73)  2595(0.04)  2878(0.31)  3395(0.37)  3407(0.53)  5848(0.97)  5849(0.01)  
2941 68(0.13)  225(0.95)  243(0.84)  310(0.84)  365(0.49)  1196(0.31)  1349(0.51)  2420(0.08)  
2942 32(0.1)  39(0.64)  41(0.88)  48(0.48)  79(0.49)  124(0.66)  225(0.97)  604(0.55)  1285(0.59)  1863(0.89)  1915(0.68)  5850(0.89)  5851(0.16)  
2943 32(0.21)  38(0.67)  39(0.08)  161(0.52)  769(0.9)  795(0.89)  840(0.67)  1034(0.43)  1997(0.94)  4323(0.12)  
2944 39(0.15)  41(0.83)  79(0.44)  209(0.45)  426(0.52)  466(0.27)  749(0.79)  1198(0.26)  1274(0.42)  2118(0.79)  2378(0.78)  4713(0.19)  5191(0.26)  
2945 39(0.99)  89(0.66)  179(0.29)  771(0.2)  898(0.54)  956(0.4)  1028(0.91)  1237(0.85)  1679(0.58)  1966(0.62)  2772(0.89)  3214(0.94)  3375(0.34)  4386(0.6)  4540(0.23)  4688(0.96)  5852(0.24)  
2946 475(0.75)  2238(0.8)  
2947 38(0.42)  39(0.85)  41(0.51)  48(0.22)  55(0.22)  68(0.62)  110(0.8)  170(0.43)  476(0.44)  973(0.25)  1027(0.76)  1809(0.42)  2006(0.9)  2094(0.49)  2531(0.76)  3186(0.15)  3582(0.69)  3616(0.15)  5439(0.78)  5660(0.03)  
2948 39(0.98)  41(0.59)  94(0.41)  271(0.15)  348(0.49)  389(0.75)  793(0.24)  806(0.15)  1765(0.27)  1809(0.92)  1859(0.9)  2406(0.36)  4002(0.87)  4119(0.7)  4269(0.94)  4304(0.14)  4636(0.43)  4720(0.13)  4899(0.84)  5853(0.7)  5854(0.12)  
2949 48(0.12)  779(0.23)  1278(0.84)  3495(0.46)  4272(0.3)  5855(0.83)  
2950 30(0.62)  39(0.8)  267(0.72)  491(0.41)  584(0.79)  751(0.79)  856(0.02)  1081(0.51)  1121(0.6)  1257(0.72)  2006(0.53)  2126(0.22)  2561(0.71)  2847(0.66)  3535(0.45)  3638(0.79)  4642(0.54)  5856(0.74)  
2951 38(0.03)  39(0.36)  41(0.19)  48(0.76)  89(0.38)  103(0.68)  147(0.11)  170(0.82)  260(0.61)  287(0.61)  389(0.0)  861(0.05)  2168(0.11)  3735(0.09)  
2952 38(0.61)  39(0.88)  43(0.88)  48(0.89)  170(0.03)  229(0.51)  270(0.28)  1523(0.45)  1715(0.91)  2238(0.26)  2370(0.18)  2800(0.77)  3034(0.37)  3966(0.83)  4072(0.64)  4289(0.53)  4348(0.34)  4780(1.0)  5383(0.38)  
2953 39(0.07)  41(0.13)  48(0.19)  270(0.1)  271(0.26)  619(0.03)  1320(0.92)  2521(0.62)  2990(0.71)  3735(0.63)  
2954 1002(0.91)  1282(0.31)  3482(0.32)  3484(0.69)  
2955 39(0.25)  271(0.96)  789(0.22)  2157(0.23)  2238(0.07)  2611(0.22)  4003(0.41)  4816(0.31)  5857(0.66)  
2956 1422(0.89)  
2957 39(0.37)  48(0.11)  175(0.84)  178(0.89)  508(0.65)  511(0.15)  597(0.13)  646(0.94)  749(0.31)  818(0.95)  842(0.92)  2182(0.35)  2793(0.05)  2991(0.91)  3660(0.27)  4899(0.71)  5158(0.46)  5858(0.42)  
2958 32(0.0)  39(0.86)  60(0.19)  147(0.82)  749(0.28)  1049(0.18)  5029(0.22)  
2959 39(0.66)  41(0.0)  48(0.91)  
2960 39(0.38)  41(0.12)  48(0.04)  82(0.22)  89(0.79)  101(0.73)  186(0.63)  201(0.3)  208(0.94)  261(0.96)  345(0.65)  475(0.75)  570(0.99)  592(0.75)  824(0.91)  878(0.7)  993(0.16)  1027(0.37)  1062(0.52)  1376(0.96)  1393(0.15)  2056(0.9)  2100(0.7)  2620(0.83)  3291(0.14)  3501(0.24)  3924(0.42)  5051(0.78)  
2961 10(0.77)  32(0.22)  39(0.29)  41(0.41)  208(0.17)  403(0.79)  464(0.5)  475(1.0)  623(0.34)  749(0.67)  789(0.19)  904(0.83)  1425(0.17)  1872(0.49)  1899(0.44)  2052(0.01)  2091(0.35)  2191(0.07)  2402(0.9)  3318(0.07)  3334(0.95)  3368(0.0)  4029(0.01)  4076(0.91)  4532(0.18)  5318(0.09)  5729(0.62)  5859(0.15)  
2962 41(0.69)  48(0.04)  79(0.76)  
2963 41(0.04)  237(0.19)  392(0.57)  1327(0.95)  2673(0.11)  
2964 39(0.47)  41(0.37)  161(0.67)  175(0.87)  270(0.77)  271(0.31)  442(0.64)  749(0.67)  793(0.41)  806(0.07)  842(0.33)  5021(0.6)  5860(0.94)  5861(0.52)  5862(0.13)  5863(0.36)  
2965 39(0.63)  310(0.56)  334(0.42)  785(0.85)  878(0.05)  974(0.51)  1446(0.28)  1596(0.33)  2184(1.0)  2540(0.43)  2771(0.18)  4272(0.1)  4642(0.79)  4643(0.06)  5233(0.33)  5864(0.95)  5865(0.05)  
2966 32(0.53)  38(0.41)  39(0.87)  41(0.06)  110(0.29)  505(0.18)  1692(0.62)  1715(0.94)  1842(0.26)  2855(0.6)  3026(0.05)  3027(0.99)  3186(0.13)  3361(0.24)  3840(0.64)  4642(0.69)  5866(0.84)  
2967 38(0.71)  110(0.61)  806(0.95)  1355(0.12)  5867(0.51)  
2968 39(0.08)  41(0.3)  48(0.48)  75(0.74)  425(0.25)  788(0.51)  916(0.13)  1121(0.82)  1393(0.62)  1624(0.27)  1768(0.78)  2612(0.46)  4111(0.21)  4113(0.44)  5868(0.02)  5869(0.29)  5870(0.98)  
2969 23(0.57)  39(0.23)  48(0.36)  522(0.61)  3751(0.89)  5018(0.66)  5871(0.09)  
2970 32(0.59)  39(0.9)  48(0.16)  402(0.05)  451(0.06)  650(0.3)  1019(0.16)  1103(0.01)  1135(0.03)  1146(0.09)  1318(0.11)  1430(0.2)  2238(0.41)  2679(0.24)  2726(0.88)  2776(0.93)  2865(0.33)  3007(0.14)  3104(0.83)  3688(0.74)  3766(0.56)  3789(0.46)  4869(0.41)  5872(0.01)  5873(0.66)  5874(0.12)  5875(0.44)  
2971 39(0.51)  60(0.98)  93(0.23)  185(0.66)  201(0.9)  334(0.12)  420(0.41)  604(0.81)  874(0.36)  1890(0.93)  2893(0.44)  3428(0.76)  3808(0.07)  4270(0.11)  4544(0.39)  5810(0.37)  
2972 39(0.54)  48(0.25)  179(0.03)  264(0.9)  
2973 39(0.14)  225(0.82)  489(0.45)  511(0.9)  643(0.66)  730(0.72)  731(0.29)  749(0.24)  1010(0.98)  1043(0.56)  1528(0.04)  2238(0.82)  2374(0.53)  2853(0.03)  4209(0.46)  4292(0.7)  4394(0.44)  5876(0.74)  
2974 41(0.9)  271(0.12)  382(0.77)  
2975 37(0.17)  38(0.61)  39(0.4)  41(0.06)  48(0.16)  65(0.36)  66(0.68)  189(0.03)  229(0.21)  237(0.38)  310(0.76)  353(0.51)  354(0.9)  793(0.17)  885(0.21)  941(0.31)  950(0.22)  1112(0.78)  1144(0.75)  1954(0.03)  2673(0.68)  3060(0.31)  3393(0.86)  3411(0.4)  3454(0.68)  3826(0.17)  4348(0.27)  4562(0.71)  5289(0.67)  5670(0.11)  5877(0.9)  5878(0.58)  5879(0.63)  5880(0.22)  
2976 41(0.36)  479(0.2)  1034(0.04)  
2977 48(0.65)  381(0.25)  445(0.77)  2749(0.2)  3505(0.39)  5728(0.3)  5729(0.37)  
2978 32(0.94)  65(0.78)  1045(0.02)  1046(0.13)  5881(0.53)  
2979 147(0.1)  533(0.32)  744(0.74)  2749(0.48)  3135(0.99)  3361(0.49)  
2980 39(0.96)  41(0.27)  839(0.75)  1986(0.92)  5199(0.58)  5370(0.62)  
2981 0(0.74)  32(0.75)  36(0.41)  38(0.58)  39(0.06)  41(0.02)  48(0.61)  52(0.82)  60(0.28)  432(0.15)  616(0.57)  1012(0.25)  1121(0.19)  1314(0.48)  1558(0.51)  2455(0.34)  2468(0.2)  2590(0.33)  3411(0.2)  3827(0.59)  5882(0.52)  
2982 32(0.01)  48(0.13)  
2983 38(0.43)  39(0.42)  48(0.69)  272(0.02)  790(0.05)  2130(0.54)  
2984 9(0.39)  14(0.08)  50(0.46)  65(0.62)  107(0.69)  352(0.83)  396(0.25)  604(0.05)  929(0.04)  1051(0.21)  1124(0.8)  1739(0.68)  1859(0.33)  2098(0.82)  2101(0.04)  2343(0.14)  2385(0.97)  2597(0.41)  2811(0.99)  2930(0.91)  3396(0.51)  3398(0.24)  4251(0.92)  4297(0.63)  5721(0.88)  5790(0.98)  5883(0.57)  5884(0.1)  
2985 39(0.47)  3988(0.69)  5729(0.52)  
2986 32(0.5)  39(0.08)  41(0.69)  48(0.65)  60(0.64)  89(0.3)  861(0.25)  913(0.88)  986(0.95)  1123(0.22)  1126(0.92)  1562(0.95)  1568(0.09)  1625(0.54)  1761(0.1)  1940(0.78)  2023(0.15)  2110(0.46)  2399(0.95)  2591(0.81)  2801(0.85)  3453(0.48)  3570(0.96)  4337(0.05)  4730(0.47)  4779(0.48)  5885(0.95)  5886(0.1)  
2987 31(0.86)  39(0.39)  41(0.73)  48(0.2)  133(0.56)  278(0.08)  490(0.43)  535(0.3)  1003(0.33)  1327(0.27)  1776(0.59)  1796(0.63)  2249(1.0)  3349(0.97)  3604(0.81)  4290(0.79)  4414(0.69)  4843(0.03)  5263(0.48)  5334(0.79)  5887(0.58)  5888(0.27)  5889(0.33)  5890(0.58)  
2988 39(0.51)  402(0.82)  604(0.98)  4305(0.88)  
2989 48(0.41)  189(0.12)  772(0.09)  1121(0.07)  1123(0.18)  1343(0.94)  1417(0.91)  2015(0.6)  
2990 39(0.95)  677(0.53)  1404(0.23)  1562(0.23)  1739(0.46)  2639(0.82)  3292(0.08)  
2991 32(0.59)  71(0.49)  208(0.48)  225(0.6)  310(0.38)  535(0.87)  591(0.24)  677(0.29)  880(0.15)  1502(0.73)  1659(0.06)  1715(0.58)  2134(0.95)  2783(0.16)  2848(0.42)  5891(0.76)  
2992 32(0.23)  39(0.58)  48(0.63)  403(0.48)  458(0.39)  870(0.61)  1013(0.27)  1093(0.42)  1393(0.79)  1424(0.85)  1435(0.72)  2130(0.78)  2191(0.13)  2554(0.46)  3228(0.06)  3250(0.1)  3276(0.82)  3314(0.97)  3680(0.02)  3888(0.07)  3889(0.51)  4036(0.92)  4413(0.59)  4414(0.21)  5892(0.37)  
2993 31(0.8)  39(0.63)  260(0.69)  567(0.43)  599(0.04)  712(0.93)  1061(0.55)  1738(0.85)  2554(0.9)  2769(0.35)  2783(0.4)  3316(0.27)  3319(0.81)  3321(0.18)  3551(0.59)  3981(0.51)  4113(0.84)  4195(0.09)  5001(0.06)  5409(0.83)  
2994 39(0.9)  536(0.8)  604(0.84)  768(0.19)  1121(0.78)  
2995 36(0.27)  38(0.14)  413(0.89)  479(1.0)  492(0.37)  604(0.23)  1984(0.23)  3167(0.6)  5893(0.51)  
2996 23(0.52)  32(0.71)  39(0.78)  41(0.2)  80(0.4)  151(0.83)  185(0.35)  606(0.89)  615(0.62)  817(0.11)  927(0.73)  988(0.29)  989(0.69)  1085(0.05)  1387(0.9)  1575(1.0)  1791(0.24)  1980(0.16)  2293(0.25)  2425(0.86)  2489(0.64)  3345(0.27)  3405(0.51)  3590(0.64)  3709(0.34)  3750(0.65)  4046(0.98)  4131(0.07)  4460(0.61)  4893(0.83)  4901(0.65)  5894(0.82)  5895(0.58)  
2997 38(0.88)  39(0.8)  41(0.5)  48(0.96)  225(0.44)  591(0.78)  1744(0.56)  3904(0.37)  
2998 38(0.17)  39(0.69)  41(0.29)  48(0.51)  56(0.67)  225(0.49)  270(0.24)  271(0.18)  475(0.92)  734(0.98)  1618(0.55)  3292(0.47)  3316(0.44)  4348(0.23)  4562(0.23)  
2999 11(0.4)  31(0.72)  39(0.5)  41(0.75)  60(0.01)  76(0.29)  168(0.66)  234(0.06)  249(0.35)  795(0.54)  1013(0.18)  1372(0.5)  1527(0.82)  1612(0.86)  1818(0.5)  2269(0.23)  2505(0.26)  2701(0.08)  3182(0.68)  3311(0.21)  3590(0.22)  3638(0.67)  3844(0.63)  5701(0.54)  5896(0.6)  
3000 155(0.19)  433(0.69)  703(0.96)  793(0.9)  1600(0.15)  1966(0.77)  2663(0.29)  2706(0.99)  2951(0.23)  5058(0.63)